id,validado,similarity_score,encontrado_em_pdf,valor,source_text_resumido
contratacao_de_12_sentenciados_junto_a_funap_00_v2,True,100,DODF 195 11-10-2019 INTEGRA.pdf,"R$ 286.696,80","EXTRATO DE CONTRATO DE PRESTACAO DE SERVICOS No 01/2016,
NOS TERMOS DO PADRAO No 05/2002
Processo: 3..."
projeto_brb_stand_up_brasilia_00_v2,True,100,DODF 195 11-10-2019 INTEGRA.pdf,"R$ 40.000,00","EXTRATO DE CONTRATO
O BRB - Banco de Brasilia S.A. torna publica a celebracao do contrato de patroci..."
projeto_gente_que_inspira_00_v2,True,100,DODF 207 30-10-2019 INTEGRA.pdf,"R$ 120.000,00","EXTRATO DE CONTRATO
A BRB - CREDITO, FINANCIAMENTO E INVESTIMENTO S.A. torna publica a celebracao do..."
aquisicao_de_74_pneus_para_motocicleta_dimensoes_130_80r17_00_v2,True,100,DODF 224 26-11-2019 INTEGRA.pdf,"R$ 13.570,86","EXTRATO DO CONTRATO No 70/20I9
Processo: 00054.00048974/2018-12. Partes: DF/PMDF X PARTS LUB DISTRIB..."
aquisicao_de_medidores_00_v2,True,100,DODF 226 28-11-2019 INTEGRA.pdf,"R$ 119.000,00","EXTRATOS DE CONTRATO
Especie: Contrato no 781 /2019 - CEB DISTRIBUICAO S.A. Partes: CEB Distribuicao..."
contratacao_de_servicos_obras_de_implantacao_da_subestacao_0_00_v2,True,100,DODF 226 28-11-2019 INTEGRA.pdf,"R$ 11.530.286,18","Especie: Contrato no 794 /2019 - CEB DISTRIBUICAO S.A. Partes: CEB Distribuicao S.A. e
BSBLUX ENGENH..."
projeto_premio_nacional_de_educacao_fiscal_2019_00_v2,True,100,DODF 226 28-11-2019 INTEGRA.pdf,"R$ 35.000,00","EXTRATO DE CONTRATO
O BRB - Banco de Brasilia S.A. torna publica a celebracao do contrato de patroci..."
brasilia_saa_qd_01_lt_225_e_235_00_v2,True,100,DODF 029 09-02-2018 INTEGRA.pdf,"R$ 1.721.400,00","EXTRATO DE INSTRUMENTO CONTRATUAL
PROCESSO: 160.000752/1989; ESPECIE: Contrato de Concessao de Direi..."
aquisicao_de_transformadores_00_v2,True,100,DODF 193 09-10-2019 INTEGRA.pdf,"R$ 483.160,24","EXTRATO DE CONTRATO
Especie: Contrato no 774/2019 - CEB DISTRIBUICAO S.A. Partes: CEB Distribuicao S..."
projeto_debandando_nas_feiras_00_v2,True,100,DODF 109 11-06-2019 INTEGRA.pdf,"R$ 50.000,00","EXTRATO DE CONTRATO
O BRB - Banco de Brasilia S.A. torna publica a celebracao do contrato de patroci..."
projeto_52o_festival_de_brasilia_do_cinema_00_v2,True,100,DODF 242 20-12-2019 INTEGRA.pdf,"R$ 100.000,00","EXTRATO DE CONTRATO
A BRB - CREDITO, FINANCIAMENTO E INVESTIMENTO S.A. torna publica a celebracao do..."
projeto_4o_desafio_nacional_de_salvamento_veicular_e_trauma_00_v2,True,100,DODF 244 24-12-2019 INTEGRA.pdf,"R$ 15.000,00","EXTRATO DE CONTRATO
O BRB - Banco de Brasilia S.A. torna publica a celebracao do contrato de patroci..."
aquisicao_de_2_dois_aparelhos_de_ultrassonografia_00_v2,True,100,DODF 244 24-12-2019 INTEGRA.pdf,"R$ 460.000,00","EXTRATO DO CONTRATO No 73/2019
AQUISICAO DE BENS
Processo: 00053-00067614/2019-29. Partes: CBMDF X G..."
prestacao_de_servico_publico_de_energia_eletrica_00_v2,True,100,DODF 071 15-04-2019 INTEGRA.pdf,"R$ 200.000,00","EXTRATO DO CONTRATO No 38855/2019 - SDE/DF
Processo: 00370-00000309/2019-28. Das Partes: SECRETARIA ..."
prestacao_de_servico_de_transporte_de_servidores_para_as_uni_00_v2,True,100,DODF 071 15-04-2019 INTEGRA.pdf,"R$ 1.047.300,48","EXTRATO DE CONTRATO No 27/2019
PROCESSO: 00113-00001155/2019-13, CONTRATANTE: DEPARTAMENTO DE ESTRAD..."
aquisicao_de_isolador_de_ancoragem_00_v2,True,100,DODF 094 21-05-2019 INTEGRA.pdf,"R$ 75.950,00","Especie: Contrato no 715/2019 - CEB DISTRIBUICAO S.A. Partes: CEB Distribuicao S.A. e a Maurizio
& C..."
aquisicao_de_grampos_de_ancoragem_00_v2,True,100,DODF 094 21-05-2019 INTEGRA.pdf,"R$ 72.240,00","Especie: Contrato no 716/2019 - CEB DISTRIBUICAO S.A. Partes: CEB Distribuicao S.A. e a Fenix
Acesso..."
aquisicao_de_elos_fusiveis_00_v2,True,100,DODF 094 21-05-2019 INTEGRA.pdf,"R$ 23.833,75","Especie: Contrato no 712/2019 - CEB DISTRIBUICAO S.A. Partes: CEB Distribuicao S.A. e a Sulminas
Fio..."
aquisicao_de_alcas_preformadas_00_v2,True,100,DODF 094 21-05-2019 INTEGRA.pdf,"R$ 18.285,00","EXTRATOS DE CONTRATO
Especie: Contrato no 699/2019 - CEB DISTRIBUICAO S.A. Partes: CEB Distribuicao ..."
aquisicao_de_para_raios_00_v2,True,100,DODF 094 21-05-2019 INTEGRA.pdf,"R$ 199.050,00","Especie: Contrato no 702/2019 - CEB DISTRIBUICAO S.A. Partes: CEB Distribuicao S.A. e a Industria
El..."
aquisicao_de_conector_terminal_compressao_00_v2,True,100,DODF 094 21-05-2019 INTEGRA.pdf,"R$ 34.494,25","Especie: Contrato no 704/2019 - CEB DISTRIBUICAO S.A. Partes: CEB Distribuicao S.A. e a KRJ
Industri..."
aquisicao_de_cabos_de_aluminio_00_v2,True,100,DODF 094 21-05-2019 INTEGRA.pdf,"R$ 83.040,00","Especie: Contrato no 708/2019 - CEB DISTRIBUICAO S.A. Partes: CEB Distribuicao S.A. e a Sulminas
Fio..."
aquisicao_de_emendas_polimericas_00_v2,True,100,DODF 094 21-05-2019 INTEGRA.pdf,"R$ 87.154,00","Especie: Contrato no 709/2019 - CEB DISTRIBUICAO S.A. Partes: CEB Distribuicao S.A. e a Sulminas
Fio..."
aquisicao_de_conectores_tipo_parafuso_00_v2,True,100,DODF 094 21-05-2019 INTEGRA.pdf,"R$ 21.666,40","Especie: Contrato no 710/2019 - CEB DISTRIBUICAO S.A. Partes: CEB Distribuicao S.A. e a Sulminas
Fio..."
aquisição_de_computadores_e_monitores_00_v2,True,100,DODF 236 20-12-2021 INTEGRA.pdf,"R$ 191.087,28","EXTRATO DO CONTRATO BRB Nº 266/2021 (*)
Contratada: GLOBAL DISTRIBUICAO DE BENS DE CONSUMO LTDA. Mod..."
aquisição_computadores_00_v2,True,100,DODF 236 20-12-2021 INTEGRA.pdf,"R$ 71.414,00","EXTRATO DO CONTRATO BRB Nº 267/2021 (*)
Contratada: GLOBAL DISTRIBUICAO DE BENS DE CONSUMO LTDA. Mod..."
consultoria_tributária_00_v2,True,100,DODF 245 27-12-2018 INTEGRA.pdf,"R$ 45.000,00","EXTRATO DE CONTRATO Nº 27/2021
Processo: 357/2021; Fornecedor: CAMARGOS CONTADORES SERVIÇOS CONTÁBEI..."
locação_sede_da_brb_serviços_00_v2,True,100,DODF 011 17-01-2022 INTEGRA.pdf,"R$ 300.000,00","EXTRATO DE CONTRATO Nº 30/2021
Processo: 473/2021; Fornecedor: STYLOS ENGENHARIA S/A; CNPJ: 38.056.0..."
contratação_de_empresa_especializada_para_executar_suporte_e_00_v2,True,100,DODF 233 15-12-2021 INTEGRA.pdf,"R$ 330.000,00","EXTRATO DO CONTRATO DE PRESTAÇÃO DE SERVIÇOS Nº 43/2021 - FSPDF-SSP, NOS TERMOS DO PADRÃO Nº 06/2002..."
o_contrato_de_empresa_especializada_para_executar_serviço_de_00_v2,True,100,DODF 233 15-12-2021 INTEGRA.pdf,"R$ 1.958.223,87","EXTRATO DO CONTRATO DE PRESTAÇÃO DE SERVIÇOS Nº 44/2021 - FSPDF-SSP, NOS TERMOS DO PADRÃO Nº 03/2002..."
aquisição_de_72_setenta_e_dois_aparelhos_de_ar_condicionado_00_v2,True,100,DODF 233 15-12-2021 INTEGRA.pdf,"R$ 219.098,00","EXTRATO DO CONTRATO DE AQUISIÇÃO DE BENS Nº 23/2021
Partes: DETRAN-DF e a ALMIX COMÉRCIO DE SUPLEMEN..."
prestação_de_serviços_técnicos_de_desenvolvimento_e_manutenç_00_v2,True,100,DODF 233 15-12-2021 INTEGRA.pdf,"R$ 1.529.998,80","EXTRATO DO CONTRATO Nº 45261/2021
Processo: 00431-00009540/2019-51. DAS PARTES: SECRETARIA DE ESTADO..."
o_contrato_tem_por_objeto_aquisição_de_aparelhos_de_ar_condi_00_v2,True,100,DODF 233 15-12-2021 INTEGRA.pdf,"R$ 156.773,00","EXTRATO DO CONTRATO Nº 45338/2021
Processo: 00431-00023006/2021-72. DAS PARTES: SECRETARIA DE ESTADO..."
aquisição_de_urnas_mortuárias_consoante_especifica_o_edital__00_v2,True,100,DODF 233 15-12-2021 INTEGRA.pdf,"R$ 86.400,00","EXTRATO DO CONTRATO Nº 45341/2021
Processo:00431-00013902/2021-23. DAS PARTES: SECRETARIA DE ESTADO ..."
o_fornecimento_e_instalação_de_divisórias_e_revestimentos_em_00_v2,True,100,DODF 236 20-12-2021 INTEGRA.pdf,"R$ 170.210,00","EXTRATO DE CONTRATO BRB Nº 286/2021
Contratada: NOVA FORMA INTERIORES LTDA. Modalidade: Pregão Eletr..."
o_contrato_tem_por_objeto_a_aquisição_de_quantidade_de_25_vi_00_v2,True,100,DODF 236 20-12-2021 INTEGRA.pdf,"R$ 37.000,00","EXTRATO DO CONTRATO PARA AQUISIÇÃO DE BENS PELO DISTRITO FEDERAL Nº 45/2021
Processo: 00070-00004017..."
o_contrato_tem_por_objeto_aquisição_de_insumos_para_dar_cont_00_v2,True,100,DODF 236 20-12-2021 INTEGRA.pdf,"R$ 2.278,17","EXTRATO DO CONTRATO PARA AQUISIÇÃO DE BENS Nº 71/2021 - SIGGO Nº 45062
Processo: 00400-00007725/2021..."
aquisição_de_2_500_duas_mil_e_quinhentas_armas_de_fogo_peque_00_v2,True,100,DODF 236 20-12-2021 INTEGRA.pdf,"R$ 6.000.000,00","EXTRATO DO CONTRATO DE AQUISIÇÃO DE BENS Nº 26/2021, NOS TERMOS DO PADRÃO Nº 07/2002, APROVADO PELO ..."
o_contrato_tem_por_objeto_aquisição_de_insumos_para_dar_cont_00_v2,True,100,DODF 236 20-12-2021 INTEGRA.pdf,"R$ 1.439,55","EXTRATO DO CONTRATO PARA AQUISIÇÃO DE BENS Nº 70/2021 - SIGGO Nº 45061
Processo: 00400-00007725/2021..."
prestação_de_serviços_de_vigilância_e_segurança_armada_do_pa_00_v2,True,100,DODF 126 07-07-2021 INTEGRA.pdf,"R$ 459.460,89","EXTRATO DO CONTRATO BRB Nº 154/2021 (*)
Contratada: ANGEL S SEGURANÇA E VIGILÂNCIA EIRELI. Modalidad..."
prestação_de_serviços_de_vigilância_e_segurança_armada_do_pa_00_v2,True,100,DODF 126 07-07-2021 INTEGRA.pdf,"R$ 527.499,95","EXTRATO DO CONTRATO BRB Nº 155/2021 (*)
Contratada: BROMO SEGURANCA E VIGILANCIA ARMADA EIRELI. Moda..."
prestação_de_serviços_de_vigilância_e_segurança_armada_do_pa_00_v2,True,100,DODF 126 07-07-2021 INTEGRA.pdf,"R$ 315.000,00","EXTRATO DO CONTRATO BRB Nº 156/2021 (*)
Contratante: BRB   BANCO DE BRASÍLIA S.A. Contratada: AÇOFOR..."
tem_por_objeto_execução_de_obra_00_v2,True,100,DODF 235 17-12-2021 INTEGRA.pdf,"R$ 698.496,55","EXTRATO DO CONTRATO Nº 16/2021, NOS TERMOS DO PADRÃO Nº 05/2002
Processo: 00133-00001648/2021-01. Da..."
fornecimento_instalação_manutenção_montagem_e_desmontagem_de_00_v2,True,100,DODF 235 17-12-2021 INTEGRA.pdf,"R$ 40.000,00","EXTRATO DO CONTRATO BRB Nº 259/2021
Contratada: ARTSTICKER COMUNICAÇÃO VISUAL EIRELI. Modalidade: Pr..."
aquisição_de_equipamentos_de_áudio_e_vídeo_para_o_centro_int_00_v2,True,100,DODF 019 27-01-2022 INTEGRA.pdf,"R$ 221,00","EXTRATO DO CONTRATO Nº 83/2021-SEJUS - SIGGO Nº 45312
Processo: 00400-00013706/2021-99. PARTES: O Di..."
contratação_por_60_sessenta_meses_de_solução_de_inteligência_00_v2,True,100,DODF 019 27-01-2022 INTEGRA.pdf,"R$ 4.959.606,03","EXTRATO DO CONTRATO BRB Nº 278/2021
Contratada: 4BEARS INFORMÁTICA LTDA. Modalidade: Pregão Eletrôni..."
cessão_do_direito_de_uso_do_licenciamento_do_sistema_econsig_00_v2,True,100,DODF 143 30-07-2021 INTEGRA.pdf,"R$ 54.266,00","EXTRATO DO CONTRATO BRB Nº 125/2021
Cedente: ZETRASOFT LTDA. Modalidade: Inexigibilidade de licitaçã..."
locação_de_imóvel_para_funcionamento_da_agência_do_brb_00_v2,True,100,DODF 143 30-07-2021 INTEGRA.pdf,"R$ 200.400,00","EXTRATO DO CONTRATO BRB Nº 164/2021
Contratada: MFMC IMOVEIS E PARTICIPAÇÕES LTADA. Modalidade: Disp..."
o_presente_contrato_tem_por_objeto_a_aquisição_de_10_000_dez_00_v2,True,100,DODF 143 30-07-2021 INTEGRA.pdf,"R$ 273.172,17","EXTRATO DO CONTRATO PARA AQUISIÇÃO DE BENS PELO DISTRITO FEDERAL Nº 33/2021
Processo: 00070-00003276..."
o_contrato_tem_por_objeto_a_aquisição_de_1_000_mil_unidades__00_v2,True,100,DODF 143 30-07-2021 INTEGRA.pdf,"R$ 69.580,00","EXTRATO DO CONTRATO PARA AQUISIÇÃO DE BENS Nº 34/2021
Processo: 00070-00003279/2021-65. Partes: SEAG..."
aquisição_de_licenças_de_softwares_básicos_de_infraestrutura_00_v2,True,100,DODF 226 06-12-2021 INTEGRA.pdf,"R$ 2.359.000,00","EXTRATO DO CONTRATO BRB Nº 244/2021
Contratada: AMM TECNOLOGIA E SERVIÇOS DE INFORMATICA LTDA. Modal..."
prestação_de_serviços_de_assessoria_técnica_e_administrativa_00_v2,True,100,DODF 226 06-12-2021 INTEGRA.pdf,"R$ 3.079.999,92","EXTRATO DO CONTRATO BRB Nº 261/2021
Contratada: BAGGIO ARQUITETURA CONSULTORIA SS LTDA. Modalidade: ..."
a_aquisição_de_gêneros_alimentícios_não_perecíveis_feijão_ca_00_v2,True,100,DODF 011 17-01-2022 INTEGRA.pdf,"R$ 2.185.189,65","EXTRATO DO CONTRATO DE AQUISIÇÃO DE BENS Nº 15/2022
Processo: 00080-00246856/2021-74 - Partes: SEEDF..."
o_presente_contrato_tem_por_objeto_a_aquisição_de_material_d_00_v2,True,100,DODF 173 14-09-2021 INTEGRA.pdf,"R$ 3.197,78","EXTRATO DO CONTRATO PARA AQUISIÇÃO DE BENS Nº 18/2021
Processo: 00094-00001986/2021-30. PARTES: SERV..."
aquisição_de_01_um_sistema_de_cftv_de_monitoramento_com_10_c_00_v2,True,100,DODF 184 29-09-2021 INTEGRA.pdf,"R$ 8.000,00","EXTRATO DO CONTRATO PARA AQUISIÇÃO DE BENS PELO DISTRITO FEDERAL Nº 29/2021-SEJUS - SIGGO Nº 044612
..."
aquisição_de_mobiliário_novos_e_em_primeiro_uso_persiana_ite_00_v2,True,100,DODF 184 29-09-2021 INTEGRA.pdf,"R$ 8.000,00","EXTRATO DO CONTRATO Nº 44225/2021
Processo: 00040-00028037/2021-96. A SECRETARIA DE ESTADO DE ECONOM..."
contratação_de_empresa_especializada_em_prestação_de_serviço_00_v2,True,100,DODF 184 29-09-2021 INTEGRA.pdf,"R$ 88.003,36","EXTRATO DO CONTRATO DE PRESTAÇÃO DE SERVIÇOS Nº 13/2021
Processo: 00193-00000138/2021-95. Partes: FU..."
contratação_de_empresa_especializada_para_construção_de_quad_00_v2,True,100,DODF 232 14-12-2021 INTEGRA.pdf,"R$ 244.627,29","EXTRATO DE CONTRATO Nº 45384/2021
Processo: 00367-00000405/2021-31. Contrato: nº 45384/2021 - RA-FER..."
contratação_de_empresa_para_o_fornecimento_contínuo_sob_dema_00_v2,True,100,DODF 232 14-12-2021 INTEGRA.pdf,"R$ 8.337.298,70","EXTRATO DO CONTRATO Nº 61/2021
AQUISIÇÃO DE BENS

Processo: 00053-00073141/2021-13. Partes: CBMDF X ..."
reforma_dos_banheiros_na_edificação_da_feira_da_fercal_df_co_00_v2,True,100,DODF 232 14-12-2021 INTEGRA.pdf,"R$ 96.843,20","EXTRATO DE CONTRATO Nº 45400/2021
Processo: 00367-00000435/2021-47. Contrato: nº 45400/2021 - RA-FER..."
aquisição_de_62_sessenta_e_dois_pneus_radiais_315_80_r22_5_i_00_v2,True,100,DODF 232 14-12-2021 INTEGRA.pdf,"R$ 179.738,00","EXTRATO DO CONTRATO Nº 54/2021
AQUISIÇÃO DE BENS

Processo: 00053-00151034/2021-33. Partes: CBMDF X ..."
aquisição_de_emulsão_asfáltica_tipo_ruptura_média_rm1c_00_v2,True,100,DODF 181 24-09-2021 INTEGRA.pdf,"R$ 1.221.750,00","EXTRATO DO TERMO DO CONTRATO Nº 41/2021
PROCESSO: 00113-00009322/2021-99; CONTRATANTE: o DISTRITO FE..."
prestação_de_serviços_de_adaptação_de_espaços_para_implantaç_00_v2,True,100,DODF 181 24-09-2021 INTEGRA.pdf,"R$ 200.000,00","EXTRATO DO CONTRATO BRB Nº 218/2021
Contratada: CMP CONSTRUTORA MARCELINO PORTO LTDA. Modalidade: Pr..."
o_presente_contrato_tem_por_objeto_a_aquisição_por_dispensa__00_v2,True,100,DODF 181 24-09-2021 INTEGRA.pdf,"R$ 838.250,25","EXTRATO DO CONTRATO Nº 44555/2021
Processo:00431-00017585/2021-14. Das Partes: SECRETARIA DE ESTADO ..."
o_presente_contrato_tem_por_objeto_a_aquisição_por_dispensa__00_v2,True,100,DODF 181 24-09-2021 INTEGRA.pdf,"R$ 842.997,75","EXTRATO DO CONTRATO Nº 44557/2021
Processo:00431-00017588/2021-58. Das Partes: SECRETARIA DE ESTADO ..."
o_presente_contrato_tem_por_objeto_a_aquisição_por_dispensa__00_v2,True,100,DODF 181 24-09-2021 INTEGRA.pdf,"R$ 731.020,05","EXTRATO DO CONTRATO Nº 44558/2021
Processo:00431-00017590/2021-27. Das Partes: SECRETARIA DE ESTADO ..."
o_presente_contrato_tem_por_objeto_a_aquisição_por_dispensa__00_v2,True,100,DODF 181 24-09-2021 INTEGRA.pdf,"R$ 711.998,40","EXTRATO DO CONTRATO Nº 44559/2021
Processo:00431-00017591/2021-71. Das Partes: SECRETARIA DE ESTADO ..."
o_presente_contrato_tem_por_objeto_a_aquisição_por_dispensa__00_v2,True,100,DODF 181 24-09-2021 INTEGRA.pdf,"R$ 837.459,00","EXTRATO DO CONTRATO Nº 44560/2021
Processo:00431-00017593/2021-61. Das Partes: SECRETARIA DE ESTADO ..."
o_contrato_tem_por_objeto_a_operacionalização_do_pagamento_d_00_v2,True,100,DODF 181 24-09-2021 INTEGRA.pdf,"R$ 8.764.648,64","EXTRATO DO CONTRATO Nº 44621/2021
Processo:00431-00014392/2021-10. Das Partes: SECRETARIA DE ESTADO ..."
o_presente_contrato_tem_por_objeto_a_aquisição_por_dispensa__00_v2,True,100,DODF 181 24-09-2021 INTEGRA.pdf,"R$ 854.550,00","EXTRATO DO CONTRATO Nº 44556/2021
Processo:00431-00017586/2021-69. Das Partes: SECRETARIA DE ESTADO ..."
aquisição_de_equipamentos_materiais_de_consumo_de_informátic_00_v2,True,100,DODF 191 08-10-2021 INTEGRA.pdf,"R$ 60.900,04","EXTRATO DO CONTRATO Nº 18/2021
Processo: 00401-00004054/2020-92. Partes: DEFENSORIA PÚBLICA DO DISTR..."
prestação_de_serviços_técnicos_especializados_para_contagem__00_v2,True,100,DODF 191 08-10-2021 INTEGRA.pdf,"R$ 15.780,00","EXTRATO DO CONTRATO Nº 19/2021
Processo: 00401-00004212/2021-95. Partes: DEFENSORIA PÚBLICA DO DISTR..."
a_contratação_de_empresa_especializada_no_fornecimento_de_so_00_v2,True,100,DODF 053 18-03-2022 INTEGRA.pdf,"R$ 9.800.196,00","EXTRATO DO CONTRATO Nº 45830/2022
Processo: 00040-00046573/2021-73. A SECRETARIA DE ESTADO DE ECONOM..."
prestação_de_serviços_gráficos_sob_demanda_para_a_emissão_de_00_v2,True,100,DODF 053 18-03-2022 INTEGRA.pdf,"R$ 32.500,00","EXTRATO DO CONTRATO DE PRESTAÇÃO DE SERVIÇOS Nº 03/2022
Partes: DETRAN-DF e a WANJOUR COMÉRCIO DE ME..."
locação_de_imóvel_situado_na_qs_406_conjunto_e_lote_3_loja_4_00_v2,True,100,DODF 053 18-03-2022 INTEGRA.pdf,"R$ 142.137,28","EXTRATO DO CONTRATO DE LOCAÇÃO DE IMÓVEL Nº 09/2022
Processo: 04011-00002520/2021-11. Partes: O DIST..."
a_aquisição_de_equipamentos_de_tecnologia_da_informação_e_co_00_v2,True,100,DODF 191 08-10-2021 INTEGRA.pdf,"R$ 287.000,00","EXTRATO DO CONTRATO DE AQUISIÇÃO DE BENS Nº 42/2021, NOS TERMOS DO PADRÃO Nº 07/2002, APROVADO PELO ..."
contratação_de_9_504_ust_s_para_dar_continuidade_ao_desenvol_00_v2,True,100,DODF 053 18-03-2022 INTEGRA.pdf,"R$ 570.240,00","EXTRATO DO CONTRATO Nº 03/2022
Processo: 00392-00007703/2021-81   Contratante: Companhia de Desenvol..."
prestação_de_serviços_de_consultoria_e_assessoria_jurídica_00_v2,True,100,DODF 102 01-06-2021 INTEGRA.pdf,"R$ 49.020,00",EXTRATO DE CONTRATO Espécie: Prestação de Serviços - Contrato 002/2021-DAF- Processo CEBGAS 116.000....
aquisição_de_licenças_anuais_do_software_zoom_do_tipo_zoom_b_00_v2,True,100,DODF 125 06-07-2021 INTEGRA.pdf,"R$ 52.767,00","EXTRATO DE CONTRATO Processo: 00001-00013872/2020-61. CONTRATO-PG Nº 29/2021-NPLC, decorrente de Pre..."
aquisição_de_divisórias_novas_e_em_primeiro_uso_com_a_instal_00_v2,True,100,DODF 055 22-03-2022 INTEGRA.pdf,"R$ 390.000,00","EXTRATO DO CONTRATO DE AQUISIÇÃO DE BENS Nº 05/2022
Processo: 04011-00002520/2021-11. Partes: O DIST..."
doação_de_resíduos_de_cadeiras_mesas_e_armários_em_madeira_00_v2,True,100,DODF 125 06-07-2021 INTEGRA.pdf,"R$ 1.522,29",EXTRATO DE CONTRATO CONTRATO Nº 9353. ASSINATURA: 01/07/2021. Processo 00092-00033837/2020-30. DISPE...
concessão_de_uso_de_área_destinada_à_exploração_comercial_de_00_v2,True,100,DODF 102 01-06-2021 INTEGRA.pdf,"R$ 162.192,00",EXTRATO DE CONTRATO CONTRATO Nº 9331. ASSINATURA: 28/05/2021. Processo 00092-00043586/2020-76 . PE n...
extensão_de_rede_de_alta_tensão_trifásica_para_a_estação_ele_00_v2,True,100,DODF 125 06-07-2021 INTEGRA.pdf,"R$ 24.518,45",EXTRATO DE CONTRATO CONTRATO Nº 35/2020. ASSINATURA: 31/05/2021. Processo 00092-00000706/201916. OBJ...
extensão_da_compacta_de_alta_tensão_para_a_estação_elevatóri_00_v2,True,100,DODF 125 06-07-2021 INTEGRA.pdf,"R$ 16.524,40",EXTRATO DE CONTRATO CONTRATO Nº 45/2020 ASSINATURA: 31/05/2021. Processo 00092-00000928/201921. OBJE...
aquisição_de_polieletrólito_catiônico_em_pó_item_3_do_edital_00_v2,True,100,DODF 110 15-06-2021 INTEGRA.pdf,"R$ 1.510.320,00",EXTRATO DE CONTRATO CONTRATO Nº 9335. ASSINATURA: 11/06/2021. Processo: 0009200020263202121. PE nº 6...
prestação_de_ser_viços_de_manutenção_preventiva_e_corretiva__00_v2,True,100,DODF 113 18-06-2021 INTEGRA.pdf,"R$ 94.077,60",EXTRATO DO CONTRATO BRB Nº 139/2021 Contratante: BRB BANCO DE BRASÍLIA S/A. Contratada: REALMARK SER...
serviços_de_arrecadação_bancária_de_contas_faturas_de_água_e_00_v2,True,100,DODF 110 15-06-2021 INTEGRA.pdf,"R$ 663.075,75",EXTRATO DE CONTRATO CONTRATO Nº 9334. ASSINATURA: 11/06/2021. Processo: 0009200012467202107. Inexigi...
contratação_da_prestação_de_serviços_de_reparo_com_o_forneci_00_v2,True,100,DODF 107 10-06-2021 INTEGRA.pdf,"R$ 6.600,00",EXTRATO DO CONTRATO DE PRESTAÇÃO DE SERVIÇOS Nº 07/2021 Processo: 04008-00000300/2021-94. PARTES: SE...
execução_de_serviço_de_nova_impermeabilização_com_manta_asfá_00_v2,True,100,DODF 123 02-07-2021 INTEGRA.pdf,"R$ 213.192,26","EXTRATO DE CONTRATO Processo: 00001-00008106/2021-66. CONTRATO-PG Nº 28/2021-NPLC, decorrente de Pre..."
contratação_de_empresa_especializada_para_a_aquisição_de_amo_00_v2,True,100,DODF 123 02-07-2021 INTEGRA.pdf,"R$ 40.050,00",EXTRATO DE CONTRATO Processo: 00097-00004335/2020-36. Contratante: METRO-DF. Contratada: FASTRAIL EQ...
prestação_de_serviços_de_mão_de_obra_para_instalação_de_guia_00_v2,True,100,DODF 126 07-07-2021 INTEGRA.pdf,"R$ 41.718,20",EXTRATO DE CONTRATO Processo: 00367-00000280/2021-49. Contrato nº 043912/2021 - RA-FERC decorrente d...
prestação_de_serviços_de_manutenção_de_extintores_00_v2,True,100,DODF 113 18-06-2021 INTEGRA.pdf,"R$ 32.160,80",EXTRATO DO CONTRATO Nº 043609/2021 Processo: 00090-00032956/2020-05. DAS PARTES: SEMOB x P B SISTEMA...
contratação_de_serviços_planejados_de_auditoria_interna_a_se_00_v2,True,100,DODF 113 18-06-2021 INTEGRA.pdf,"R$ 450.000,00",EXTRATO DE CONTRATO CONTRATO Nº 24/2021 - CJU/CEB-H Espécie: Contrato nº 24/2021 - CJU/CEB-H. Partes...
prestação_de_serviços_de_reparação_inicial_manutenção_preven_00_v2,True,100,DODF 113 18-06-2021 INTEGRA.pdf,"R$ 246.059,97","EXTRATO DE CONTRATO Processo: 001-000116/2018. CONTRATO CLDF Nº 22/2021-NPLC, firmado entre a Câmara..."
prestação_de_serviços_por_meio_da_ferramenta_de_pesquisas_e__00_v2,True,100,DODF 113 18-06-2021 INTEGRA.pdf,"R$ 17.950,00",EXTRATO DE CONTRATO Processo: 00196-00000281/2021-01. DA ESPÉCIE: Contrato de Prestação de Serviços ...
serviços_de_confecção_e_fornecimento_de_cartão_em_pvc_person_00_v2,True,100,DODF 117 24-06-2021 INTEGRA.pdf,"R$ 29.900,00","EXTRATO DE CONTRATO Processo: 001-000853/2019. Contrato-PG nº 25/2021-NPLC, decorrente de Pregão ele..."
aquisicao_de_987_galoes_de_20l_de_agua_mineral_00_v2,True,100,DODF 138 24-07-2019 INTEGRA.pdf,"R$ 6.810,30","EXTRATO DO CONTRATO DE PRESTACAO DE SERVICO No 02/2018,
NOS TERMOS DO PADRAO No 07/2002
Processo: 03..."
aquisicao_de_fita_eletrica_00_v2,True,100,DODF 152 13-08-2019 INTEGRA.pdf,"R$ 76.500,00","EXTRATO DE CONTRATO
Especie: Contrato no 746/2019 - CEB DISTRIBUICAO S/A. Partes: CEB Distribuicao S..."
o_contrato_tem_por_objeto_a_aquisição_de_material_de_consumo_00_v2,False,0,N/A,"R$ 18.144,04","EXTRATO DO CONTRATO Nº 05/2021, NOS TERMOS DO PADRÃO Nº 01/2012
Processo:00138-00003282/2021-66; Das..."
prestação_de_serviços_especializados_em_urologia_00_v2,False,0,N/A,"R$ 1,00","EXTRATO DO CONTRATO DE CREDENCIAMENTO Nº 71/2021
PRESTAÇÃO DE SERVIÇOS

Processo: 00053-00065864/202..."
prestação_de_serviços_de_psicologia_e_psiquiatria_fisioterap_00_v2,False,0,N/A,"R$ 1,00","EXTRATO DO CONTRATO DE CREDENCIAMENTO Nº 90/2021
PRESTAÇÃO DE SERVIÇOS

Processo: 00053-00065628/202..."
a_operacionalização_das_rotinas_de_administração_dos_fluxos__00_v2,False,0,N/A,"R$ 1.800.000,00","EXTRATO DO CONTRATO Nº 43499/2021
Processo: 00040-00041629/2020-12 - SECRETARIA DE ESTADO DE ECONOMI..."
prestação_de_serviços_especializados_de_desenvolvimento_de_a_00_v2,False,0,N/A,"R$ 16.632.000,00","EXTRATO DO CONTRATO BRB Nº 185/2021
Contratada: ZELLO TECNOLOGIA DA INFORMAÇÃO LTDA. Modalidade: Pre..."
contratação_de_serviços_de_comunicação_de_dados_na_modalidad_00_v2,False,0,N/A,"R$ 1.797.362,40","EXTRATO DO CONTRATO BRB Nº 187/2021
Contratada: OI S.A   EM RECUPERAÇÃO JUDICIAL. Modalidade: Pregão..."
o_presente_contrato_tem_por_objeto_a_prestação_de_serviços_a_00_v2,False,0,N/A,"R$ 608.175,00","EXTRATO DE CONTRATO DE PRESTAÇÃO DE SERVIÇOS Nº 04/2021
Processo: 00305-00000567/2021-49. Partes: DF..."
prestação_de_serviços_de_radiologia_neurologia_e_clínica_méd_00_v2,False,0,N/A,"R$ 1,00","EXTRATO DO CONTRATO DE CREDENCIAMENTO Nº 82/2021
PRESTAÇÃO DE SERVIÇOS

Processo: 00053-00106925/202..."
prestação_de_serviços_relativos_a_impermeabilização_e_cobert_00_v2,False,0,N/A,"R$ 300.000,00","EXTRATO DO CONTRATO BRB Nº 294/2021
Contratada: CHARLES DE MELO FERNANDES. Modalidade: Pregão Eletrô..."
credeciamento_de_pessoas_juridicas_para_prestação_de_serviço_02_v2,False,0,N/A,"R$ 1.215,49","EXTRATO DO CONTRATO Nº 45759/2022
Processo: 04001-0000000094/2022-91 - DAS PARTES: INSTITUTO DE ASSI..."
a_contratação_de_empresa_especializada_na_prestação_de_servi_00_v2,False,0,N/A,"R$ 808.635,75","EXTRATO DO CONTRATO DE PRESTAÇÃO DE SERVIÇO Nº 17/2021
Processo: 00220-00000759/2021-68. DAS PARTES:..."
credenciamento_de_pessoas_juridicas_para_prestaqao_de_serviq_00_v2,False,0,N/A,"R$ 7.448,92","EXTRATO DO CONTRATO Nº 45193/2021
Processo: 04001-0000000647/2021-24 - DAS PARTES: INSTITUTO DE ASSI..."
prestação_de_serviços_especializados_em_serviços_de_fisioter_00_v2,False,0,N/A,"R$ 1,00","EXTRATO DO CONTRATO DE CREDENCIAMENTO Nº 96/2021
PRESTAÇÃO DE SERVIÇOS

Processo: 00053-00064900/202..."
prestação_de_serviço_de_consultoria_política_para_subsidiar__00_v2,False,0,N/A,"R$ 336.000,00","EXTRATO DO CONTRATO BRB Nº 299/2021
Contratado: ARKO ADVICE PESQUISAS LTDA. Modalidade: Inexigibilid..."
solução_tecnológica_licença_suporte_e_manutenção_evolutiva_p_00_v2,False,0,N/A,"R$ 483.342,18","EXTRATO DO CONTRATO BRB Nº 298/2021
Contratada: CRK S.A. Modalidade: Dispensa. Objeto: Solução tecno..."
credenciamento_de_pessoas_juridicas_para_prestação_de_serviç_00_v2,False,0,N/A,"R$ 10.000,00","EXTRATO DO CONTRATO Nº 45423/2021
Processo: 04001-0000000746/2021-14 - DAS PARTES: INSTITUTO DE ASSI..."
aquisição_de_trinta_ingressos_hospitality_para_ação_promocio_00_v2,False,0,N/A,"R$ 395.686,29","EXTRATO DO CONTRATO BRB Nº 258/2021
Contratado: PROURBE MEDIOS S.A. Modalidade:  Inexigibilidade. Ob..."
regular_o_fornecimento_de_energia_elétrica_pela_distribuidor_00_v2,False,0,N/A,"R$ 180.000,00","EXTRATO DO CONTRATO CCER CEB Nº 177/2021- GRUPO A
PRESTAÇÃO DE SERVIÇOS

Processo: 00053-00084410/20..."
a_aquisição_de_óleos_lubrificantes_consoante_especifica_o_ed_00_v2,False,0,N/A,"R$ 578.170,00","EXTRATO DO CONTRATO DE CREDENCIAMENTO Nº 41/2021(*)
AQUISIÇÃO DE BENS

Processo: 00053-00134537/2021..."
o_contrato_tem_por_objeto_a_aquisição_de_equipamentos_de_saú_00_v2,False,0,N/A,"R$ 2.827,78","EXTRATO DO CONTRATO DE PRESTAÇÃO DE SERVIÇOS Nº 61/2021 - SIGGO Nº 045023
Processo: 0417-000507/2017..."
aquisição_de_976_novecentos_e_setenta_e_seis_filtros_para_má_00_v2,False,0,N/A,"R$ 600.571,84","EXTRATO DO CONTRATO N° 35/2021
Processo: 00054-00100625/2019-08. PARTES: DF/PMDF x WELSER-ITAGE PART..."
contratação_de_empresa_especializada_no_licenciamento_de_uso_00_v2,False,0,N/A,"R$ 8.880,00","EXTRATO DO CONTRATO DE PRESTAÇÃO DE SERVIÇOS Nº 26/2021 
Processo: 00110-00003132/2021-42. Partes: S..."
o_contrato_tem_por_objeto_a_aquisição_de_21_vinte_e_um_proje_00_v2,False,0,N/A,"R$ 35.998,81","EXTRATO DO CONTRATO PARA AQUISIÇÃO DE BENS PELO DISTRITO FEDERAL Nº 49/2021-SEJUS - SIGGO Nº 044846
..."
o_contrato_tem_por_objeto_a_aquisição_de_15_quinze_caixas_de_00_v2,False,0,N/A,"R$ 4.999,90",EXTRATO DO CONTRATO PARA AQUISIÇÃO DE BENS PELO DISTRITO FEDERAL Nº 50/2021 - SEJUS - SIGGO Nº 04484...
o_contrato_tem_por_objeto_a_aquisição_de_equipamentos_de_saú_00_v2,False,0,N/A,"R$ 7.280,00","EXTRATO DO CONTRATO DE PRESTAÇÃO DE SERVIÇOS Nº 60/2021 - SIGGO Nº 045031
Processo: 0417-000507/2017..."
a_aquisição_de_5_cinco_veículos_do_tipo_caminhonete_tração_4_00_v2,False,0,N/A,"R$ 886.000,00","EXTRATO DO CONTRATO DE AQUISIÇÃO DE BENS Nº 04/2021, NOS TERMOS DO PADRÃO Nº 07/2002, APROVADO PELO ..."
o_contrato_tem_por_objeto_a_aquisição_de_equipamentos_de_saú_00_v2,False,0,N/A,"R$ 4.328,88","EXTRATO DO CONTRATO DE PRESTAÇÃO DE SERVIÇOS Nº 63/2021-SEJUS - SIGGO Nº 045025
Processo: 0417-00050..."
eventual_aquisição_de_material_do_gênero_alimentício_água_po_00_v2,False,0,N/A,"R$ 40.078,80","EXTRATO DO CONTRATO DE AQUISIÇÃO DE BENS Nº 17/2021
Processo: 00390-00005591/2021-80. ESPÉCIE: Contr..."
fornecimento_e_serviço_de_montagem_desmontagem_de_divisórias_00_v2,False,0,N/A,"R$ 14.702,90","EXTRATO DO CONTRATO DE AQUISIÇÃO DE BENS E PRESTAÇÃO DE SERVIÇOS Nº 18/2021
Processo: 00390-00008446..."
aquisição_de_22_vinte_e_dois_aparelhos_de_ar_condicionado_ti_00_v2,False,0,N/A,"R$ 92.150,00","EXTRATO DO CONTRATO DE AQUISIÇÃO DE BENS PELO DISTRITO FEDERAL Nº 52/2021-SSP, NOS TERMOS DO PADRÃO ..."
prestação_de_serviços_de_publicação_em_jornal_diário_impress_00_v2,False,0,N/A,"R$ 232.000,00","EXTRATO DO TERMO DO CONTRATO Nº 31/2021 - SIGGO - 044432
Processo: 00113-00005563/2021-69; CONTRATAN..."
eficientização_de_iluminação_pública_substituição_de_luminár_00_v2,False,0,N/A,"R$ 144.831,34","EXTRATO DE CONTRATO Nº 02/2021
Processo: 00134-00000831/2021-53. Contratante: Administração Regional..."
prestação_dos_serviços_de_manutenção_preventiva_e_corretiva__00_v2,False,0,N/A,"R$ 239.997,00","EXTRATO DO CONTRATO BRB Nº 260/2021
Contratada: EMIBM ENGENHARIA E INOVACAO LTDA. Modalidade: Pregão..."
prestação_especializada_de_serviços_advocatícios_de_natureza_00_v2,False,0,N/A,"R$ 138.637,27","EXTRATO DO CONTRATO CORRETORA SEGUROS BRB Nº 40/2021
Contratante: BRB ADMINISTRADORA E CORRETORA DE ..."
aquisição_de_mobiliário_para_escritório_para_atendimento_ao__00_v2,False,0,N/A,"R$ 45.002,16","EXTRATO DO CONTRATO Nº 044.639/2021
Processo: 00370-00004845/2019-01 - DAS PARTES: SECRETÁRIA DE EST..."
o_contrato_tem_por_objeto_a_prestação_de_serviços_a_serem_ex_00_v2,False,0,N/A,"R$ 8.623.579,98","EXTRATO DO CONTRATO Nº 44660/2021 (*)
Processo: 00040-00002078/2021-52 - SECRETARIA DE ESTADO DE ECO..."
o_contrato_tem_por_objeto_a_prestação_de_serviços_a_serem_ex_00_v2,False,0,N/A,"R$ 745.058,72","EXTRATO DO CONTRATO Nº 44662/2021 (*)
Processo: 00040-00002078/2021-52 - SECRETARIA DE ESTADO DE ECO..."
aquisição_de_07_sete_aeronaves_remotamente_pilotadas_drone_q_00_v2,False,0,N/A,"R$ 544.646,50","EXTRATO DO CONTRATO N° 33/2021
Processo: 00054-00128690/2020-23. PARTES: DF/PMDF x DT OFFICE-DISTRIB..."
aquisição_de_divisórias_novas_e_em_primeiro_uso_abrangendo_m_00_v2,False,0,N/A,"R$ 1.048.550,00","EXTRATO DO CONTRATO Nº 44921/2021
Processo: 00040-00027069/2020-93. A SECRETARIA DE ESTADO DE ECONOM..."
aquisição_de_webcam_e_caixa_de_som_00_v2,False,0,N/A,"R$ 14.868,00","EXTRATO DO CONTRATO Nº 044654/2021
Processo: 00090-00004169/2021-46. DAS PARTES: SEMOB x EASYTECH IN..."
prestação_de_serviços_para_desenvolvimento_do_programa_de_fo_00_v2,False,0,N/A,"R$ 1.623.403,51","EXTRATO DO CONTRATO BRB Nº 83/2021
Contratada: CKM SERVIÇOS LTDA. Modalidade: Inexigibilidade de lic..."
o_contrato_tem_por_objeto_a_prestação_de_serviços_a_serem_ex_00_v2,False,0,N/A,"R$ 1.771.729,22","EXTRATO DO CONTRATO Nº 44661/2021 (*)
Processo: 00040-00002078/2021-52 - SECRETARIA DE ESTADO DE ECO..."
contratação_de_empresa_especializada_em_serviços_de_chaveiro_00_v2,False,0,N/A,"R$ 3.820,92","EXTRATO DO CONTRATO Nº 44187/2021
Processo: 00370-00000737/2021-75. Partes: Secretaria de Estado Des..."
contratação_de_licença_microsoft_office_365_00_v2,False,0,N/A,"R$ 27.551,58","EXTRATO DE CONTRATO Nº 16/2021
Processo: 260/2020; Fornecedor: SAULO MARTIN DA SILVA 31770255842; CN..."
aquisição_de_equipamentos_para_formação_do_sistema_de_câmera_00_v2,False,0,N/A,"R$ 124.947,31","EXTRATO DE CONTRATO Nº 17/2021
Processo: 282/2020; Fornecedor: LS SERVIÇOS DE INFORMÁTICA E ELETRÔNI..."
fornecimento_de_link_de_comunicação_ponto_a_ponto_de_20mb_s_02_v2,False,0,N/A,"R$ 21.720,00","EXTRATO DE CONTRATO Nº 21/2021
Processo: 398/2021; Fornecedor: TELEFONICA BRASIL S/A; CNPJ: 02.558.1..."
serviços_a_serem_executados_de_forma_contínua_correspondente_00_v2,False,0,N/A,"R$ 772.250,07","EXTRATO DO CONTRATO Nº 44470/202
Processo: 00040-00026720/2021-99 - SECRETARIA DE ESTADO DE ECONOMIA..."
contratação_de_empresa_para_aquisição_de_projetores_multimíd_00_v2,False,0,N/A,"R$ 12.290,00","EXTRATO DO CONTRATO Nº 44156/2021
Processo: 00370-00003580/2019-15. Partes: Secretaria de Estado Des..."
locação_78_posições_de_atendimento_para_call_center_00_v2,False,0,N/A,"R$ 381.570,00","EXTRATO DE CONTRATO Nº 20/2021
Processo: 401/2021; Fornecedor: MULTICANAL CONTACT CENTER LTDA; CNPJ:..."
serviços_de_gravação_de_áudio_profissionais_para_uras_00_v2,False,0,N/A,"R$ 19.000,00","EXTRATO DE CONTRATO Nº 11/2021
Processo: 387/2021; Fornecedor: DIRECT ÁUDIO STUDIO DE PRODUÇÃO E GRA..."
assinatura_de_664_licenças_de_00_v2,False,0,N/A,"R$ 22.755,27","EXTRATO DE CONTRATO Nº 22/2021
Processo: 241/2021; Fornecedor: INFOB CONSULTING INFORMÁTICA LTDA; CN..."
contratação_de_servico_de_telefonia_fixa_na_modalidade_local_00_v2,False,0,N/A,"R$ 13.000,00","EXTRATO DE CONTRATO Nº 25/2021
Processo: 380/2021; Fornecedor: TELEFONICA BRASIL S/A; CNPJ: 02.558.1..."
consultoria_especializada_em_governança_corporativa_00_v2,False,0,N/A,"R$ 226.500,00","EXTRATO DE CONTRATO Nº 26/2021
Processo: 436/2021; Fornecedor: DANIELLA ALVES XAVIER OLIVEIRA TECNOL..."
compra_de_posições_de_atendimento_para_call_center_00_v2,False,0,N/A,"R$ 64.900,00","EXTRATO DE CONTRATO Nº 28/2021
Processo: 417/2021; Fornecedor: UTIL E PRATICO COMERCIO DE MOVEIS E R..."
serviço_de_envio_de_avisos_e_ou_notificações_extrajudiciais_00_v2,False,0,N/A,"R$ 39.000,00","EXTRATO DE CONTRATO Nº 32/2021
Processo: 407/2021; Fornecedor: CONFIA - TECNOLOGIA DA INFORMAÇÃO LTD..."
serviços_técnicos_especializados_em_arquitetura_de_software__00_v2,False,0,N/A,"R$ 3.726.128,76","EXTRATO DE CONTRATO BRB Nº 07/2022
Contratada: SPREAD SISTEMAS E AUTOMAÇÃO LTDA. Modalidade: Pregão ..."
serviços_de_manutenção_preventiva_e_corretiva_dos_grupos_mot_00_v2,False,0,N/A,"R$ 9.600,00","EXTRATO DE CONTRATO BRB Nº 11/2022
Contratada: TF ENGENHARIA E REPRESENTAÇÕES LTDA. Modalidade: Preg..."
serviços_de_terceirização_para_backoffice_por_meio_da_realiz_00_v2,False,0,N/A,"R$ 4.698.870,00","EXTRATO DO CONTRATO BRB Nº 239/2021
Contratada: BRB SERVIÇOS S.A, Modalidade: Dispensa de licitação...."
locação_de_imóvel_para_a_instalação_de_ponto_de_atendimento__00_v2,False,0,N/A,"R$ 540.000,00","EXTRATO DO CONTRATO BRB Nº 56/2022
Locador: ROBÉRIO ALVES. Modalidade: Dispensa de Licitação. Objeto..."
locação_do_imóvel_para_a_instalação_de_agência_bancária_do_b_00_v2,False,0,N/A,"R$ 1.815.000,00","EXTRATO DO CONTRATO BRB Nº 288/2021
Locador: MARIA VANDERLITA SANTOS NEIVA E BRUNA SANTOS NEIVA. Mod..."
prestação_de_serviços_de_agenciamento_de_viagens_compreenden_00_v2,False,0,N/A,"R$ 50.000,01","EXTRATO DE CONTRATO Nº 02/2022
Contratante: FUNDAÇÃO HEMOCENTRO DE BRASÍLIA - CNPJ nº 86.743.457/000..."
alienação_da_arma_de_fogo_marca_taurus_modelo_pt640_calibre__00_v2,False,0,N/A,"R$ 534,40","EXTRATO DO CONTRATO DE VENDA DIRETA DE ARMA DE FOGO Nº 01/2022
Processo: 00052-00029420/2021-78   PA..."
alienação_da_arma_de_fogo_marca_taurus_modelo_pt640_calibre__00_v2,False,0,N/A,"R$ 803,71","EXTRATO DO CONTRATO DE VENDA DIRETA DE ARMA DE FOGO Nº 03/2022
Processo: 00052-00029633/2021-08   PA..."
fornecimento_de_link_dedicado_de_acesso_à_internet_com_veloc_00_v2,False,0,N/A,"R$ 5.851,00","EXTRATO DO CONTRATO CORRETORA SEGUROS BRB Nº 30/2021
Contratante: BRB ADMINISTRADORA E CORRETORA DE ..."
estruturação_e_implementação_do_programa_de_sucessão_00_v2,False,0,N/A,"R$ 24.300,00","EXTRATO DO CONTRATO CORRETORA SEGUROS BRB Nº 33/2021
Contratante: BRB ADMINISTRADORA E CORRETORA DE ..."
aquisição_de_carimbos_consoante_especificam_o_edital_pe_nº_1_00_v2,False,0,N/A,"R$ 12.806,60","EXTRATO DO CONTRATO Nº 44591/2021 (*)
PROCESSO: 00090-00003826/2021-38. DAS PARTES: SEMOB x HBL CARI..."
a_contratação_de_empresa_especializada_em_serviços_de_evento_00_v2,False,0,N/A,"R$ 16.820,00","EXTRATO DO CONTRATO DE PRESTAÇÃO DE SERVIÇO N° 28/2021
Processo: 00220-00004016/2021-67. DAS PARTES:..."
a_prestação_de_serviços_de_contratação_de_empresa_especializ_00_v2,False,0,N/A,"R$ 74.658,00","EXTRATO DO CONTRATO DE PRESTAÇÃO DE SERVIÇO N° 29/2021
Processo: 00220-00003189/2021-68. DAS PARTES:..."
locação_e_adaptação_do_imóvel_para_a_instalação_de_agência_b_00_v2,False,0,N/A,"R$ 9.584.923,66","EXTRATO DO CONTRATO BRB Nº 173/2021
Locador: HLB2 INVESTIMENTOS IMOBILIÁRIOS LTDA. Modalidade: Dispe..."
prestação_de_serviços_de_cirurgias_torácicas_00_v2,False,0,N/A,"R$ 1,00","EXTRATO DO CONTRATO DE CREDENCIAMENTO Nº 61/2021
PRESTAÇÃO DE SERVIÇOS

Processo: 00053-00110010/202..."
aquisição_de_equipamentos_de_plotagem_e_digitalização_em_gra_00_v2,False,0,N/A,"R$ 118.958,00","EXTRATO DO CONTRATO DE AQUISIÇÃO DE BENS Nº 15/2021
Processo: 00390-00004783/2020-98. ESPÉCIE: Contr..."
o_contrato_tem_por_objeto_a_aquisição_de_compactador_de_solo_00_v2,False,0,N/A,"R$ 7.177,93","EXTRATO DO CONTRATO PARA AQUISIÇÃO DE BENS Nº 09/2021 - REGISTRO SIGGO Nº 044574 / 2021, NOS TERMOS ..."
o_contrato_tem_por_objeto_a_aquisição_de_esmerilhadeira_desc_00_v2,False,0,N/A,"R$ 617,27","EXTRATO DO CONTRATO PARA AQUISIÇÃO DE BENS Nº 10/2021 - REGISTRO SIGGO nº 044575 /2021, NOS TERMOS P..."
o_contrato_tem_por_objeto_a_contratação_de_empresa_especiali_00_v2,False,0,N/A,"R$ 749.423,99","EXTRATO DO CONTRATO DE EXECUÇÃO DE OBRA Nº 51/2021 - SIGGO Nº 044875
Processo: 00400-00005998/2021-9..."
prestação_de_serviços_especializados_em_ginecologia_e_obstet_00_v2,False,0,N/A,"R$ 1,00","EXTRATO DO CONTRATO DE CREDENCIAMENTO Nº 73/2021
PRESTAÇÃO DE SERVIÇOS

Processo: 00053-00051485/202..."
contrato_tem_por_objeto_aquisição_de_eletrodomésticos_1_forn_00_v2,False,0,N/A,"R$ 5.572,64","EXTRATO DO CONTRATO PARA AQUISIÇÃO DE BENS PELO DISTRITO FEDERAL Nº 42/2021 SIGGO Nº 044712
Processo..."
o_presente_contrato_tem_por_objeto_a_prestação_de_serviços_d_00_v2,False,0,N/A,"R$ 200,00","EXTRATO DO CONTRATO Nº 176/2021
PROCESSO: 00150-00003909/2021-20; DAS PARTES: DF/SECEC/FAC X LORRAIN..."
aquisição_de_material_de_consumo_de_sinalização_visual_e_afi_00_v2,False,0,N/A,"R$ 843,00","EXTRATO DO CONTRATO DE AQUISIÇÃO DE BENS Nº 13/2021
Processo: 00390-00000778/2021-97. ESPÉCIE: Contr..."
o_contrato_tem_por_objeto_aquisição_de_eletrodomésticos_30_p_00_v2,False,0,N/A,"R$ 16.999,80","EXTRATO DO CONTRATO PARA AQUISIÇÃO DE BENS PELO DISTRITO FEDERAL Nº 43/2021 - SIGGO Nº 044713
Proces..."
o_contrato_tem_por_objeto_aquisição_de_eletrodomésticos_01_c_00_v2,False,0,N/A,"R$ 1.091,80","EXTRATO DO CONTRATO PARA AQUISIÇÃO DE BENS PELO DISTRITO FEDERAL Nº 44/2021 - SIGGO Nº 044714
Proces..."
o_contrato_tem_por_objeto_aquisição_de_eletrodomésticos_08_b_00_v2,False,0,N/A,"R$ 4.095,28","EXTRATO DO CONTRATO PARA AQUISIÇÃO DE BENS PELO DISTRITO FEDERAL Nº 45/2021 - SIGGO Nº 044728
Proces..."
o_contrato_tem_por_objeto_aquisição_de_eletrodomésticos_02_f_00_v2,False,0,N/A,"R$ 8.990,00","EXTRATO DO CONTRATO PARA AQUISIÇÃO DE BENS PELO DISTRITO FEDERAL Nº 46/2021 - SIGGO Nº 044715
Proces..."
prestação_de_serviços_a_serem_executados_de_forma_contínua_d_00_v2,False,0,N/A,"R$ 1.047.900,00","EXTRATO DO CONTRATO DE AQUISIÇÃO DE BENS PELO DISTRITO FEDERAL Nº 72/2021-FSP, NOS TERMOS DO PADRÃO ..."
o_contrato_tem_por_objeto_a_contratação_de_empresa_para_pres_00_v2,False,0,N/A,"R$ 56.779,08","EXTRATO DO CONTRATO DE PRESTAÇÃO DE SERVIÇOS Nº 26/2021- SIGGO Nº 044565
Processo: 00400-00004009/20..."
serviço_de_acesso_online_às_normas_técnicas_brasileiras_nbrs_00_v2,False,0,N/A,"R$ 74.999,99","EXTRATO DO TERMO DO CONTRATO Nº 45/2021
SIGGO: 044822. Processo 00113-00011023/2020-33. Contratante:..."
aquisição_de_equipamentos_relacionados_à_tecnologia_da_infor_00_v2,False,0,N/A,"R$ 496.935,00","EXTRATO DO CONTRATO DE AQUISIÇÃO DE BENS PELO DISTRITO FEDERAL Nº 073/2021-FSP, NOS TERMOS DO PADRÃO..."
o_contrato_tem_por_objeto_a_aquisição_de_soprador_de_folhas__00_v2,False,0,N/A,"R$ 78.800,00","EXTRATO DO CONTRATO PARA AQUISIÇÃO DE BENS Nº 07/2021, NOS TERMOS PADRÃO Nº 07/2002, REGISTRO SIGGO ..."
o_contrato_tem_por_objeto_a_aquisição_de_cortadora_de_piso_d_00_v2,False,0,N/A,"R$ 5.478,00","EXTRATO DO CONTRATO PARA AQUISIÇÃO DE BENS Nº 08/2021, NOS TERMOS PADRÃO Nº 07/2002, REGISTRO SIGGO ..."
prestação_de_serviços_relativos_a_esquadrias_revestimento_hi_00_v2,False,0,N/A,"R$ 275.000,00","EXTRATO DO CONTRATO BRB Nº 224/2021
Contratada: RVA COMÉRCIO E SERVIÇOS DE CONSTRUÇÃO EIRELI. Modali..."
tem_por_objeto_a_contratação_de_empresa_especializada_visand_00_v2,False,0,N/A,"R$ 594.711,05","EXTRATO DO CONTRATO DE PRESTAÇÃO DE SERVIÇOS Nº 07/2021, NOS TERMOS DO PADRÃO Nº 05/2002.
Processo 0..."
a_aquisição_de_mobiliário_prateleira_e_estante_itens_37_e_38_00_v2,False,0,N/A,"R$ 19.000,00","EXTRATO DO CONTRATO Nº 44230/2021
Processo: 00040-00028025/2021-61. A SECRETARIA DE ESTADO DE ECONOM..."
prestação_de_serviços_de_seguro_predial_sem_franquia_contra__00_v2,False,0,N/A,"R$ 109.617,12","EXTRATO DO CONTRATO BRB Nº 230/2021
Contratada: COMPANHIA EXCELSIOR DE SEGUROS S.A. Modalidade: Preg..."
contratação_da_ceb_distribuição_s_a_neo_energia_distribuição_00_v2,False,0,N/A,"R$ 4.800,00","EXTRATO DO CONTRATO Nº 07/2021- RA PP x CEB DISTRIBUIÇÃO S.A. (NEO ENERGIA DISTRIBUIÇÃO BRASÍLIA)
Pr..."
aquisição_de_16_dezesseis_kits_que_permitem_a_amplificação_m_00_v2,False,0,N/A,"R$ 210.360,00","EXTRATO DO CONTRATO Nº 78/2021-
NOS TERMOS DO PADRÃO Nº 08/2002   AQUISIÇÃO DE BENS

Processo: 052-0..."
aquisição_de_12_aparelhos_de_ar_condicionados_modelo_split_n_00_v2,False,0,N/A,"R$ 35.589,00","EXTRATO DO CONTRATO PARA AQUISIÇÃO DE BENS Nº 19/2021
Processo: 00400-00015087/2021-77. DAS PARTES: ..."
contratação_de_solução_de_plataforma_tecnológica_integradora_00_v2,False,0,N/A,"R$ 763.000,00","EXTRATO DO CONTRATO BRB Nº 226/2021
Contratado: MOBILIDADE URBANA TECNOLOGIA LTDA. Modalidade: Inexi..."
o_presente_instrumento_tem_por_objeto_a_construção_de_muro_a_00_v2,False,0,N/A,"R$ 140.200,00","EXTRATO DO CONTRATO DE PRESTAÇÃO DE SERVIÇOS Nº 23/2021
Processo: 00094-00000958/2021-03. PARTES: SE..."
aquisição_de_material_do_gênero_alimentício_água_potável_e_m_00_v2,False,0,N/A,"R$ 34.911,00","EXTRATO DO CONTRATO Nº 044783/2021
Processo:00090-00023470/2021-59. DAS PARTES: SEMOB x INDÚSTRIA DE..."
prestação_produção_customização_e_fornecimento_de_conteúdo_d_00_v2,False,0,N/A,"R$ 800.000,00","EXTRATO DO CONTRATO BRB Nº 212/2021
Contratado: CIATECH TECNOLOGIA EDUCACIONAL LTDA. Modalidade: Ine..."
contratação_de_links_de_alta_capacidade_para_o_ambiente_de_c_00_v2,False,0,N/A,"R$ 1.104.000,00","EXTRATO DO CONTRATO BRB Nº 271/2021
Contratada: FORTEL FORTALEZA TELECOMUNICAÇÕES S.A. Modalidade: P..."
prestação_dos_serviços_públicos_de_abastecimento_de_água_esg_00_v2,False,0,N/A,"R$ 148.532,97","EXTRATO DO CONTRATO DE PRESTAÇÃO DE SERVIÇOS Nº 04/2021, NOS TERMOS DO PADRÃO CAESB
Processo: 00145-..."
contratação_de_serviços_continuados_de_outsourcing_para_oper_00_v2,False,0,N/A,"R$ 2.078.106,99","EXTRATO DO CONTRATO Nº 44777/2021
Processo: 00040-00006358/2020-59. A SECRETARIA DE ESTADO DE ECONOM..."
prestação_de_serviços_de_instalações_elétricas_e_lógicas_nas_00_v2,False,0,N/A,"R$ 350.000,00","EXTRATO DO CONTRATO BRB Nº 280/2021
Contratada: REENGENHARIA LTDA. Modalidade: Pregão Eletrônico 046..."
1_o_contrato_tem_por_objeto_a_prestação_de_serviço_de_manute_00_v2,False,0,N/A,"R$ 18.761,40","EXTRATO DO CONTRATO Nº 045003/2021
Processo:00431-00020893/2021-27. DAS PARTES: SECRETARIA DE ESTADO..."
cessão_do_direito_de_uso_do_sistema_econsig_para_a_gestão_do_00_v2,False,0,N/A,"R$ 11.778,96","AVISO DE INEXIGIBILIDADE E EXTRATO DE CONTRATO
A Financeira BRB torna público que o Presidente ratif..."
a_aquisição_de_gêneros_alimentícios_perecíveis_hortifrutis_a_00_v2,False,0,N/A,"R$ 17.979.127,27","EXTRATO DO CONTRATO PARA AQUISIÇÃO DE BENS Nº 80/2021
Processo: 00080-00232082/2021-02 - Partes: SEE..."
o_contrato_tem_por_objeto_aquisição_de_material_de_gênero_al_00_v2,False,0,N/A,"R$ 48.600,00","EXTRATO DO CONTRATO Nº 044865/2021
Processo:00431-00014932/2021-57. DAS PARTES: SECRETARIA DE ESTADO..."
aquisição_de_servidores_de_rack_de_4_processadores_para_o_am_00_v2,False,0,N/A,"R$ 1.512.591,04","EXTRATO DO CONTRATO BRB Nº 240/2021
Contratada: SYSTECH SISTEMAS E TECNOLOGIA EM INFORMATICA LTDA. M..."
contratação_de_empresa_especializada_em_transporte_de_pessoa_00_v2,False,0,N/A,"R$ 9.382.243,20","EXTRATO DE CONTRATO Nº 44/2021
Contrato nº 44/2021 - TCB/G P SILVA TRANSPORTE EIRELI ME; CNPJ nº 26...."
contratação_de_empresa_especializada_em_transporte_de_pessoa_00_v2,False,0,N/A,"R$ 21.960.717,50","EXTRATO DE CONTRATO Nº 45/2021
Contrato nº 45/2021 - TCB/POLLO VIAGENS E TRANSPORTES LTDA.; CNPJ nº ..."
aquisição_de_materiais_técnicos_visando_atender_às_demandas__00_v2,False,0,N/A,"R$ 4.581,60","EXTRATO DE CONTRATO Nº 36/2021
Contratante: FUNDAÇÃO HEMOCENTRO DE BRASÍLIA - CNPJ nº 86.743.457/000..."
aquisição_de_equipamentos_para_as_áreas_técnicas_da_fundação_00_v2,False,0,N/A,"R$ 1.558,00","EXTRATO DE CONTRATO Nº 35/2021
Contratante: FUNDAÇÃO HEMOCENTRO DE BRASÍLIA - CNPJ nº 86.743.457/000..."
copiar_do_contrato_00_v2,False,0,N/A,"R$ 1,00","EXTRATO DO CONTRATO Nº 44/2021
PRESTAÇÃO DE SERVIÇOS

Processo:00053-00038351/2019-41. Partes: CBMDF..."
serviços_de_urologia_00_v2,False,0,N/A,"R$ 1,00","EXTRATO DO CONTRATO DE CREDENCIAMENTO Nº 55/2021
PRESTAÇÃO DE SERVIÇOS

Processo: 00053-00112556/202..."
serviços_de_assistência_médico_domiciliar_em_regime_de_inter_00_v2,False,0,N/A,"R$ 1,00","EXTRATO DO CONTRATO DE CREDENCIAMENTO Nº 57/2021
PRESTAÇÃO DE SERVIÇOS

Processo: 00053-00063047/202..."
prestação_de_serviços_especializados_em_oftalmologia_conform_00_v2,False,0,N/A,"R$ 1,00","EXTRATO DO CONTRATO DE CREDENCIAMENTO Nº 83/2021
PRESTAÇÃO DE SERVIÇOS

Processo: 00053-00078791/202..."
prestação_de_serviços_especializados_na_realização_de_cirurg_00_v2,False,0,N/A,"R$ 1,00","EXTRATO DO CONTRATO DE CREDENCIAMENTO Nº 69/2021
PRESTAÇÃO DE SERVIÇOS

Processo: 00053-00116307/202..."
prestação_de_serviços_de_psicologia_e_psiquiatria_conforme_i_00_v2,False,0,N/A,"R$ 1,00","EXTRATO DO CONTRATO DE CREDENCIAMENTO Nº 70/2021
PRESTAÇÃO DE SERVIÇOS

Processo: 00053-00066513/202..."
contratação_de_empresa_para_execução_das_obras_de_construção_00_v2,False,0,N/A,"R$ 3.532.516,21","EXTRATO DO CONTRATO Nº 45285/2021
Processo: 00090-00030242/2020-54. DAS PARTES: SEMOB x COMBRASEN - ..."
aquisição_de_licença_perpétua_de_uso_de_software_de_solução__00_v2,False,0,N/A,"R$ 6.301.594,00","EXTRATO DO CONTRATO BRB Nº 182/2021
Contratada: SYDLE SISTEMAS LTDA. Modalidade: Pregão Eletrônico n..."
a_aquisição_de_gêneros_alimentícios_não_perecíveis_farinha_d_00_v2,False,0,N/A,"R$ 285.236,55","EXTRATO DO CONTRATO DE AQUISIÇÃO DE BENS Nº 52/2021
Processo: 00080-00139878/2021-89. Partes: SEEDF ..."
contratação_de_empresa_especializada_para_a_prestação_de_ser_00_v2,False,0,N/A,"R$ 10.680,00","EXTRATO DO CONTRATO Nº 03/2022
Contratante: Tribunal de Contas do Distrito Federal - CNPJ nº 00.534...."
serviços_de_fonoaudiologia_procedimentos_diagnósticos_ou_ter_00_v2,False,0,N/A,"R$ 1,00","EXTRATO DO CONTRATO DE CREDENCIAMENTO Nº 56/2021
PRESTAÇÃO DE SERVIÇOS

Processo: 00053-00048068/202..."
o_contrato_tem_por_objeto_contratação_de_instituição_de_ensi_00_v2,False,0,N/A,"R$ 130.140,00","EXTRATO DO CONTRATO DE PRESTAÇÃO DE SERVIÇOS Nº 059/2021, -FSPDF-SSP NOS TERMOS DO PADRÃO Nº 03/2002..."
o_contrato_tem_por_objeto_a_aquisição_de_a_aquisição_de_gás__00_v2,False,0,N/A,"R$ 15.720,00","EXTRATO DO CONTRATO DE PRESTAÇÃO DE SERVIÇOS Nº 26/2021
Processo: 00094-00005506/2021-18. PARTES: SE..."
contratação_de_empresa_especilizada_para_a_prestação_de_serv_00_v2,False,0,N/A,"R$ 38.900,00","EXTRATO DO TERMO DE CONTRATO Nº 39/2021 - SIGGO 044707
Processo: 00113-00011223/2020-96. Contratante..."
aquisição_de_material_de_consumo_gêneros_alimentícios_e_mate_00_v2,False,0,N/A,"R$ 10.800,00","EXTRATO DE CONTRATO Nº 04/2021
Processo: 04009-00001238/2021-20. DAS PARTES: SECRETARIA DE ESTADO DE..."
a_prestação_de_serviços_de_publicidade_compreendendo_o_conju_00_v2,False,0,N/A,"R$ 160.000.000,00","EXTRATO DO CONTRATO DE PRESTAÇÃO DE SERVIÇOS DE PUBLICIDADE Nº 07/2021
Processo: 04000-00000796/2020..."
prestação_de_serviços_de_chaveiro_com_fornecimento_de_materi_00_v2,False,0,N/A,"R$ 6.814,70","EXTRATO DO CONTRATO Nº 045037/2021
Processo: 00090-00024954/2021-15. DAS PARTES: SEMOB x EMPRESA CAR..."
contratação_de_empresa_especializada_na_prestação_de_serviço_00_v2,False,0,N/A,"R$ 25.000,00","EXTRATO DO CONTRATO Nº 06/2021 - VELTI TECNOLOGIA EM SISTEMA E EQUIPAMENTOS LTDA
Extrato do Contrato..."
fornecimento_de_energia_elétrica_para_eventos_itinerantes_a__00_v2,False,0,N/A,"R$ 340.414,88",EXTRATO DO CONTRATO DE PRESTAÇÃO DE SERVIÇO PÚBLICO DE ENERGIA ELÉTRICA PARA CONSUMIDORES TITULARES ...
a_aquisição_dos_itens_item_01_feno_de_gramínea_tifton_caract_00_v2,False,0,N/A,"R$ 33.312,50","EXTRATO DO CONTRATO PARA AQUISIÇÃO DE BENS Nº 38/2021
Processo: 00070-00004819/2021-28. Partes: SEAG..."
a_prestação_de_serviços_técnicos_em_elaboração_e_calibragem__00_v2,False,0,N/A,"R$ 1.785.811,31","EXTRATO DO CONTRATO DE PRESTAÇÃO DE SERVIÇOS Nº 13/2022
Processo 00080-00195040/2020-94. Partes: SEE..."
conceder_reajuste_ao_valor_do_contrato_nº_02_2017_com_fundam_00_v2,False,0,N/A,"R$ 34.320,00","EXTRATO DO CONTRATO Nº 02/2017
Processo: 0098-002154/2016. DAS PARTES: SEMOB x FLEXDOC TECNOLOGIA DA..."
aquisição_de_5_000_cinco_mil_distintivos_em_metal_nobre_marc_00_v2,False,0,N/A,"R$ 660.000,00","EXTRATO DO CONTRATO Nº 43/2021, NOS TERMOS DO PADRÃO Nº 07/2002   AQUISIÇÃO DE BENS
Processo: 052-00..."
aquisição_de_80_oitenta_etilômetros_marca_alcolizer_fabrican_00_v2,False,0,N/A,"R$ 751.920,00","EXTRATO DO CONTRATO N° 31/2021
Processo: 00054-00033515/2019-15. Partes: DF/PMDF x AGS COMÉRCIO E SE..."
aquisição_de_685_seiscentos_e_oitenta_e_cinco_unidades_de_co_00_v2,False,0,N/A,"R$ 2.840.630,00","EXTRATO DO CONTRATO Nº 44/2021, NOS TERMOS DO PADRÃO Nº 07/2002   AQUISIÇÃO DE BENS
Processo: 052-00..."
aquisição_de_500_quinhentos_macacões_de_proteção_individual__00_v2,False,0,N/A,"R$ 174.826,00","EXTRATO DO CONTRATO Nº 45/2021, NOS TERMOS DO PADRÃO Nº 07/2002   AQUISIÇÃO DE BENS
Processo: 052-00..."
aquisição_de_15_000_quinze_mil_aventais_descartáveis_de_mang_00_v2,False,0,N/A,"R$ 73.500,00","EXTRATO DO CONTRATO Nº 46/2021, NOS TERMOS DO PADRÃO Nº 07/2002   AQUISIÇÃO DE BENS
Processo: 052-00..."
o_presente_contrato_tem_por_objeto_a_contratação_da_neoenerg_00_v2,False,0,N/A,"R$ 24.000,00","EXTRATO DO CONTRATO DE FORNECIMENTO DE ENERGIA ELÉTRICA DE BAIXA TENSÃO Nº 16/2021
Processo: 00141-0..."
o_presente_contrato_tem_por_objeto_a_contratação_de_empresa__00_v2,False,0,N/A,"R$ 8.994,00","EXTRATO DO CONTRATO DE PRESTAÇÃO DE SERVIÇOS Nº 08/2021, NOS TERMOS DO PADRÃO Nº 05/2020
Processo: 0..."
prestação_de_serviços_de_coloproctologia_endoscopia_e_gastro_00_v2,False,0,N/A,"R$ 1,00","EXTRATO DO CONTRATO DE CREDENCIAMENTO Nº 53/2021
PRESTAÇÃO DE SERVIÇOS

Processo: 00053-00059413/202..."
contratação_de_empresa_especializada_para_a_manutenção_de_ap_00_v2,False,0,N/A,"R$ 24.714,28","EXTRATO DO TERMO DO CONTRATO Nº 26/2021
Processo: 00113-00004619/2021-68. Contratante: O DISTRITO FE..."
prestação_de_serviço_continuado_de_assistência_técnica_nas_c_00_v2,False,0,N/A,"R$ 1.172.699,64","EXTRATO DO TERMO DO CONTRATO Nº 28/2021
Processo: 00113-00004859/2020-81. Contratante: O DISTRITO FE..."
aquisição_de_máquina_para_montar_e_desmontar_pneus_de_veícul_00_v2,False,0,N/A,"R$ 36.000,00","EXTRATO DE CONTRATO Nº 34/2021
Processo: 00095-00000043/2021-61; Modalidade: Dispensa de licitação -..."
aquisição_de_1800_hum_mil_e_oitocentas_unidades_de_copos_de__00_v2,False,0,N/A,"R$ 14.232,00","EXTRATO DE CONTRATO Nº 39/2021
Processo: 00095-00000517/2021-75; Modalidade: Dispensa de licitação -..."
aquisição_de_4_000_quatro_mil_aventais_descartáveis_sem_mang_00_v2,False,0,N/A,"R$ 73.620,00","EXTRATO DO CONTRATO Nº 47/2021, NOS TERMOS DO PADRÃO Nº 07/2002   AQUISIÇÃO DE BENS
Processo: 052-00..."
aquisição_de_02_duas_unidades_de_histotécnico_processador_au_00_v2,False,0,N/A,"R$ 110.000,00","EXTRATO DO CONTRATO Nº 48/2021, NOS TERMOS DO PADRÃO Nº 07/2002   AQUISIÇÃO DE BENS
Processo: 052-00..."
o_presente_contrato_tem_por_objeto_a_aquisição_de_100_cem_la_00_v2,False,0,N/A,"R$ 26.214,00","EXTRATO DO CONTRATO PARA AQUISIÇÃO DE BENS PELO DISTRITO FEDERAL Nº 31/2021
Processo: 00070-00003278..."
aquisição_de_800_oitocentas_unidades_de_açúcar_cristal_acond_00_v2,False,0,N/A,"R$ 13.200,00","EXTRATO DE CONTRATO Nº 38/2021
Processo: 00095-00000517/2021-75; Modalidade: Dispensa de licitação -..."
o_contrato_tem_por_objeto_a_aquisição_dos_itens_item_01_raçã_00_v2,False,0,N/A,"R$ 114.557,25","EXTRATO DO CONTRATO PARA AQUISIÇÃO DE BENS Nº 36/2021
Processo: 00070-00003922/2021-51. Partes: SEAG..."
o_presente_contrato_tem_por_objeto_a_aquisição_de_2543kg_de__00_v2,False,0,N/A,"R$ 48.978,18","EXTRATO DO CONTRATO PARA AQUISIÇÃO DE BENS PELO DISTRITO FEDERAL Nº 23/2021
Processo: 00070-00003287..."
a_aquisição_de_9_veículos_automotores_novos_zero_quilômetro__00_v2,False,0,N/A,"R$ 905.400,00","EXTRATO DO CONTRATO PARA AQUISIÇÃO DE BENS Nº 20/2021
Processo: 00400-00013055/2021-37. DAS PARTES: ..."
aquisição_de_15_quinze_baterias_automotivas_de_12_voltes_e_1_00_v2,False,0,N/A,"R$ 214.770,63","EXTRATO DO CONTRATO Nº 52/2021, NOS TERMOS DO PADRÃO Nº 08/2002 - AQUISIÇÃO DE BENS
Processo: 052-00..."
aquisição_de_231_duzentas_e_trinta_e_uma_algemas_para_punho__00_v2,False,0,N/A,"R$ 101.409,00","EXTRATO DO CONTRATO Nº 58/2021, NOS TERMOS DO PADRÃO Nº 07/2002 - AQUISIÇÃO DE BENS
Processo: 052-00..."
aquisição_de_sistemas_de_aeronaves_remotamente_pilotadas_rpa_00_v2,False,0,N/A,"R$ 410.139,89","EXTRATO DO CONTRATO Nº 59/2021, NOS TERMOS DO PADRÃO Nº 07/2002 - AQUISIÇÃO DE BENS
Processo: 052-00..."
aquisição_de_6_454_seis_mil_quatrocentos_e_cinquenta_e_quatr_00_v2,False,0,N/A,"R$ 796.939,92","EXTRATO DO CONTRATO Nº 60/2021, NOS TERMOS DO PADRÃO Nº 08/2002 - AQUISIÇÃO DE BENS
Processo: 052-00..."
contratação_de_empresa_para_fornecimento_da_solução_de_antiv_00_v2,False,0,N/A,"R$ 4.280.000,00","EXTRATO DO CONTRATO Nº 61/2021, NOS TERMOS DO PADRÃO Nº 08/2002 - AQUISIÇÃO DE BENS
Processo: 052-00..."
aquisição_de_40_quarenta_baterias_automotivas_de_12_voltes_e_00_v2,False,0,N/A,"R$ 122.398,68","EXTRATO DO CONTRATO Nº 51/2021, NOS TERMOS DO PADRÃO Nº 08/2002 - AQUISIÇÃO DE BENS
Processo: 052-00..."
prorrogação_dos_prazos_de_vigência_e_de_execução_00_v2,False,0,N/A,"R$ 7.260.000,00","EXTRATO DO 2º TERMO ADITIVO AO CONTRATO Nº 69/2019
Processo: 00113-00015111/2019-71; CONTRATANTE: o ..."
contratação_de_empresa_para_prestação_de_serviços_fotográfic_00_v2,False,0,N/A,"R$ 115.488,00","EXTRATO DO CONTRATO BRB Nº 213/2021
Contratada: EXEMPLUS COMUNICAÇÃO E MARKETING LTDA. Modalidade: P..."
aquisição_de_306_trezentas_e_seis_baterias_automotivas_de_12_00_v2,False,0,N/A,"R$ 208.287,00","EXTRATO DO CONTRATO Nº 50/2021, NOS TERMOS DO PADRÃO Nº 08/2002 - AQUISIÇÃO DE BENS
Processo: 052-00..."
aquisição_de_04_quatro_cães_de_trabalho_policial_conforme_co_00_v2,False,0,N/A,"R$ 80.000,00","EXTRATO DO CONTRATO Nº 63/2021, NOS TERMOS DO PADRÃO Nº 07/2002 - AQUISIÇÃO DE BENS
Processo: 052-00..."
o_contrato_tem_por_objeto_a_aquisição_de_carimbos_consoante__00_v2,False,0,N/A,"R$ 1.875,00","EXTRATO DO CONTRATO Nº 44680/2021
Processo:00431-00017327/2021-38. DAS PARTES: SECRETARIA DE ESTADO ..."
aquisição_de_01_uma_fonte_externa_elétrica_para_ser_utilizad_00_v2,False,0,N/A,"R$ 24.350,00","EXTRATO DO CONTRATO Nº 64/2021, NOS TERMOS DO PADRÃO Nº 07/2002 - AQUISIÇÃO DE BENS
Processo: 052-00..."
contrato_de_prestação_de_serviços_de_publicações_de_atos_ofi_00_v2,False,0,N/A,"R$ 1,00","EXTRATO DO CONTRATO Nº 04/2021 (044994)
Processo: 00075-0000000124/2021-36 - DAS PARTES: SOCIEDADE D..."
aquisição_de_câmeras_fotográficas_digital_visando_atender_de_00_v2,False,0,N/A,"R$ 61.232,83","EXTRATO DO CONTRATO DE AQUISIÇÃO DE BENS Nº 37/2021, NOS TERMOS DO PADRÃO Nº 07/2002, APROVADO PELO ..."
a_aquisição_de_câmeras_fotográficas_digital_visando_atender__00_v2,False,0,N/A,"R$ 110.238,96","EXTRATO DO CONTRATO DE AQUISIÇÃO DE BENS Nº 38/2021, NOS TERMOS DO PADRÃO Nº 07/2002, APROVADO PELO ..."
aquisição_de_20_vinte_aparelhos_de_ar_condicionado_tipo_spli_00_v2,False,0,N/A,"R$ 52.140,00","EXTRATO DO CONTRATO DE AQUISIÇÃO DE BENS Nº 09/2021-SSP/DF, NOS TERMOS DO PADRÃO Nº 07/2002, APROVAD..."
o_contrato_tem_por_objeto_a_a_contratação_de_empresa_especia_00_v2,False,0,N/A,"R$ 1.344,00",EXTRATO DO CONTRATO PARA PRESTAÇÃO DE SERVIÇO DE CONTROLE DE VETORES E PRAGAS URBANAS N° 01/2019 - R...
o_contrato_tem_por_objeto_a_prestação_de_serviços_de_preparo_00_v2,False,0,N/A,"R$ 5.835.648,00","EXTRATO DO CONTRATO Nº 44298/2021
Processo:00431-00007821/2021-94. Das Partes: SECRETARIA DE ESTADO ..."
o_contrato_tem_por_objeto_à_execução_das_obras_de_reforma_do_00_v2,False,0,N/A,"R$ 5.560.672,87","EXTRATO DO CONTRATO Nº 044843/2021
Processo: 00090-00017972/2020-60. DAS PARTES: SEMOB X COMPANHIA B..."
contratação_de_empresa_para_realização_de_treinamento_e_capa_00_v2,False,0,N/A,"R$ 520.000,00","EXTRATO DO CONTRATO Nº 44.563/2021
Processo: 0037000000280/2021-07. Partes: Secretaria de Estado Des..."
prestação_de_serviços_a_serem_executados_de_forma_contínua_c_00_v2,False,0,N/A,"R$ 623.498,40","EXTRATO DO CONTRATO DE PRESTAÇÃO DE SERVIÇOS N° 04/2021
Processo: 00144-00000843/2021-41. Das Partes..."
prestação_de_serviços_do_produto_cobrança_pelo_banco_permiti_00_v2,False,0,N/A,"R$ 7,50","EXTRATO DO CONTRATO Nº 44433/2021
Processo: 04001-0000000084/2021-74 - DAS PARTES: INSTITUTO DE ASSI..."
contratação_de_uma_instituição_especializada_na_prestação_de_00_v2,False,0,N/A,"R$ 769.500,00","EXTRATO DO CONTRATO BRB Nº 172/2021
Contratada: IBMEC EDUCACIONAL LTDA. Modalidade: Inexigibilidade ..."
a_prestação_de_serviços_a_serem_executados_de_forma_contínua_00_v2,False,0,N/A,"R$ 16.464,00","EXTRATO DO CONTRATO DE PRESTAÇÃO DE SERVIÇOS N° 19/2021
Processo: 00220-00001481/2021-46. DAS PARTES..."
a_contratação_de_empresa_especializada_no_fornecimento_de_as_00_v2,False,0,N/A,"R$ 8.700,00","EXTRATO DO CONTRATO DE PRESTAÇÃO DE SERVIÇO N° 21/2021
Processo: 00220-00002329/2021-81. DAS PARTES:..."
contratação_de_serviços_de_auditoria_de_revisão_de_asseguraç_00_v2,False,0,N/A,"R$ 1.634.000,00","EXTRATO DO CONTRATO BRB Nº 198/2021
Contratada: ERNST YOUNG AUDITORES INDEPENDENTES S/S. Modalidade:..."
o_presente_contrato_tem_por_objetivo_a_contratação_de_empres_00_v2,False,0,N/A,"R$ 22.430,04","EXTRATO DO CONTRATO Nº 01/2021 - CONTRATO SIGGO Nº 044146
Processo: 00132-00000048/2021-46 - DAS PAR..."
prestação_de_serviços_técnicos_pertinentes_à_constituição_e__00_v2,False,0,N/A,"R$ 4.000,00","EXTRATO DO CONTRATO CORRETORA SEGUROS BRB Nº 43/2021
Contratante: BRB ADMINISTRADORA E CORRETORA DE ..."
prestação_de_serviços_terceirizados_de_motoboy_visando_a_col_00_v2,False,0,N/A,"R$ 49.992,10","EXTRATO DO CONTRATO CORRETORA SEGUROS BRB Nº 46/2021
Contratante: BRB ADMINISTRADORA E CORRETORA DE ..."
o_contrato_tem_por_objeto_a_implantação_e_manutenção_de_barr_00_v2,False,0,N/A,"R$ 314.025,56","EXTRATO DO CONTRATO DE PRESTAÇÃO DE SERVIÇOS Nº 29/2021
Processo: 00094-00003227/2019-97. PARTES: SE..."
aquisição_de_material_permanente_mobiliários_cadeiras_e_polt_00_v2,False,0,N/A,"R$ 63.080,00","EXTRATO DO CONTRATO DE AQUISIÇÃO DE MOBILIÁRIO Nº 17/2021
Processo: 00193-00001409/2021-20. PARTES: ..."
aquisição_de_material_permanente_mobiliários_mesas_e_armário_00_v2,False,0,N/A,"R$ 26.689,00","EXTRATO DO CONTRATO DE AQUISIÇÃO DE MOBILIÁRIO Nº 18/2021
Processo: 00193-00001409/2021-20. PARTES: ..."
a_aquisição_exclusiva_de_gêneros_alimentícios_perecíveis_fru_01_v2,False,0,N/A,"R$ 1.668.123,54",EXTRATO DO CONTRATO DE AQUISIÇÃO DE GÊNEROS ALIMENTÍCIOS DA AGRICULTURA FAMILIAR PARA A ALIMENTAÇÃO ...
aquisição_de_solução_completa_de_videowall_00_v2,False,0,N/A,"R$ 530.000,00","EXTRATO DO CONTRATO DE AQUISIÇÃO DE BENS Nº 02/2021
Partes: DETRAN-DF e a SEAL TELECOM COMÉRCIO E SE..."
o_contrato_tem_por_objeto_a_execução_da_obra_de_construção_d_00_v2,False,0,N/A,"R$ 398.086,25","EXTRATO DO CONTRATO DE EXECUÇÃO DE OBRAS Nº 06/2021, NOS TERMOS DO PADRÃO Nº 09/2002
Processo: 00145..."
prestação_de_serviço_telefônico_fixo_comutado_stfc_na_modali_00_v2,False,0,N/A,"R$ 28.799,76","EXTRATO DO CONTRATO Nº 04/2022 
Contratante: Tribunal de Contas do Distrito Federal - CNPJ nº 00.534..."
fornecimento_de_gêneros_alimentícios_conforme_termo_de_refer_00_v2,False,0,N/A,"R$ 60.190,26","EXTRATO DO CONTRATO PARA AQUISIÇÃO DE BENS PELO DISTRITO FEDERAL Nº 18/2021
Processo: 00014-00000265..."
contratação_de_solução_integrada_atualizada_tecnologicamente_00_v2,False,0,N/A,"R$ 31.100,00","EXTRATO DO CONTRATO Nº 03/2021   RIOPRO INFORMATICA LTDA
Extrato do Contrato nº 03/2021, celebrado e..."
aquisição_emulsão_asfáltica_para_imprimação_e_impermeabiliza_00_v2,False,0,N/A,"R$ 1.109.025,00","EXTRATO DO TERMO DO CONTRATO Nº 43/2021. SIGGO: 044813
Processo: 00113-00009114/2021-90; CONTRATANTE..."
aquisição_de_46_quarenta_e_seis_bebedouros_industriais_fabri_00_v2,False,0,N/A,"R$ 115.000,00","EXTRATO DO CONTRATO Nº 04/2021 - FUNP/DF- SIGGO 044934
Processo: 04026-00042341/2021-30; FUNDO PENIT..."
a_prestação_de_serviços_de_agenciamento_de_viagens_compreend_00_v2,False,0,N/A,"R$ 90.000,01","EXTRATO DO CONTRATO DE PRESTAÇÃO DE SERVIÇO Nº 30/2021-SEJUS - SIGGO Nº 044647
Processo: 00400-00035..."
08_oito_notebooks_com_as_especificações_constantes_do_item_3_00_v2,False,0,N/A,"R$ 1.049.290,00","EXTRATO DO CONTRATO Nº 23/2021 - FUNP/DF - SIGGO 044966
Processo: 04026-00039462/2021-02 - SECRETARI..."
aquisição_de_dispositivo_de_proteção_contra_surto_dps_marca__00_v2,False,0,N/A,"R$ 92.000,00","EXTRATO DO CONTRATO DE AQUISIÇÃO DE BENS Nº 68/2021-FSPDF-SSP, NOS TERMOS DO PADRÃO Nº 07/2002, APRO..."
aquisição_de_nobreaks_300_w_600_va_marca_modelo_ragtech_new__00_v2,False,0,N/A,"R$ 60.000,00","EXTRATO DO CONTRATO DE AQUISIÇÃO DE BENS Nº 69/2021-FSPDF-SSP, NOS TERMOS DO PADRÃO Nº 07/2002, APRO..."
a_aquisição_de_04_quatro_veículos_automotores_marca_fiat_mod_00_v2,False,0,N/A,"R$ 176.000,00","EXTRATO DO CONTRATO DE AQUISIÇÃO DE BENS nº 02/2021 - FUNP/DF - SIGGO: 044700
Processo: 04026-000359..."
prestação_de_serviços_de_chaveiros_consoante_especifica_a_at_00_v2,False,0,N/A,"R$ 2.730,00","EXTRATO DO CONTRATO Nº 044736/2021
Processo: 00366-00001072/2021-95 Partes: ADMINISTRAÇÃO REGIONAL D..."
locação_de_acessos_de_telecomunicações_visando_acesso_ao_pon_00_v2,False,0,N/A,"R$ 80.842,68","EXTRATO DO CONTRATO BRB Nº 191/2021 (*)
Contratada: RTM - REDE DE TELECOMUNICAÇÕES PARA O MERCADO LT..."
contratação_de_monitoramento_e_gerenciamento_de_sistemas_e_r_00_v2,False,0,N/A,"R$ 27.646,92","EXTRATO DO CONTRATO BRB Nº 195/2021 (*)
Contratada: RTM - REDE DE TELECOMUNICAÇÕES PARA O MERCADO LT..."
locação_de_bem_móvel_00_v2,False,0,N/A,"R$ 29.000,88","EXTRATO DO CONTRATO BRB Nº 196/2021(*)
Contratada: RTM - REDE DE TELECOMUNICAÇÕES PARA O MERCADO LTD..."
a_aquisição_de_gêneros_alimentícios_perecíveis_ovo_de_galinh_00_v2,False,0,N/A,"R$ 4.494.546,00","EXTRATO DO CONTRATO PARA AQUISIÇÃO DE BENS Nº 60/2021
Processo: 00080-00160653/2021-91 - Partes: SEE..."
a_contratação_de_empresa_para_o_fornecimento_de_solução_de_g_00_v2,False,0,N/A,"R$ 4.292.500,00","EXTRATO DO CONTRATO Nº 44947/2021
Processo: 00040-00030464/2021-34. A SECRETARIA DE ESTADO DE ECONOM..."
a_contratação_de_empresa_para_construção_de_centro_de_educaç_00_v2,False,0,N/A,"R$ 3.747.268,10","EXTRATO DO CONTRATO DE EXECUÇÃO DE OBRAS PARA O DISTRITO FEDERAL Nº 50/2021
Processo: 00112-00003291..."
aquisição_de_equipamentos_para_aparelhamento_substituição_me_00_v2,False,0,N/A,"R$ 29.400,00","EXTRATO DO TERMO DO CONTRATO Nº 01/2022
Processo: 00113-00013973/2021-83; CONTRATANTE: o DISTRITO FE..."
cooperação_técnica_e_o_intercâmbio_de_conhecimentos_informaç_00_v2,False,0,N/A,"R$ 4.500,00","EXTRATO DE CONTRATO DE TERMO DE COOPERAÇÃO TÉCNICA
Processo: 00001-00018281/2021-61. Firmado entre a..."
aquisição_de_insumos_para_realização_de_exames_de_histocompa_00_v2,False,0,N/A,"R$ 96.740,64","EXTRATO DO CONTRATO Nº 26/2021
Contratante: FUNDAÇÃO HEMOCENTRO DE BRASÍLIA - CNPJ nº 86.743.457/000..."
solução_para_controladoria_de_ativos_passivos_compliance_cus_00_v2,False,0,N/A,"R$ 665.300,46","EXTRATO DO CONTRATO BRB Nº 300/2021
Contratada: SINQIA TECNOLOGIA LTDA. Modalidade: Dispensa. Objeto..."
prestação_de_serviço_telefônico_fixo_comutado_stfc_contempla_00_v2,False,0,N/A,"R$ 114.719,52","EXTRATO DO CONTRATO Nº 02/2022
Processo: 04026-00002920/2021-40. Contratada ALGAR TELECOM S/A, inscr..."
aquisição_de_solução_composta_por_software_específico_para_c_00_v2,False,0,N/A,"R$ 283.900,00","EXTRATO DO CONTRATO DE PRESTAÇÃO DE SERVIÇOS Nº 53/2021 - SSP/DF, NOS TERMOS DO PADRÃO Nº 04/2002, I..."
prestação_e_utilização_do_serviço_público_de_energia_elétric_00_v2,False,0,N/A,"R$ 58.796,62",EXTRATO DO CONTRATO DE PRESTAÇÃO DE SERVIÇO PÚBLICO DE ENERGIA ELÉTRICA PARA CONSUMIDORES TITULARES ...
o_contrato_tem_por_objeto_a_aquisição_de_06_seis_licenças_be_00_v2,False,0,N/A,"R$ 52.200,00","EXTRATO DO CONTRATO DE PRESTAÇÃO DE SERVIÇOS Nº 25/2021 SIGGO Nº 044517
Processo: 00400-00018802/202..."
prestação_de_serviço_sob_demanda_de_manutenção_predial_para__00_v2,False,0,N/A,"R$ 1.420.241,00","EXTRATO DO CONTRATO Nº 45551/2021
Processo: 00090-00022566/2021-08. DAS PARTES: SEMOB x CONTARPP ENG..."
contratação_de_apoio_técnico_especializado_com_repasse_de_co_00_v2,False,0,N/A,"R$ 49.900,00","EXTRATO DO CONTRATO BRB Nº 152/2021
Contratado: WEDO SERVICES INFORMÁTICA LTDA. Modalidade: Dispensa..."
confecção_montagem_e_instalação_de_material_de_comunicação_v_00_v2,False,0,N/A,"R$ 180.020,00","EXTRATO DO CONTRATO DE PRESTAÇÃO DE SERVIÇOS Nº 36/2021, NOS TERMOS DO PADRÃO Nº 01/2002, APROVADA P..."
execução_da_obra_de_implantação_da_praça_denominada_praça_vi_00_v2,False,0,N/A,"R$ 178.719,06","EXTRATO DO CONTRATO PARA EXECUÇÃO DE OBRAS Nº 07/2021, NOS TERMOS DO PADRÃO Nº 09/2002
Processo: 001..."
prestação_de_serviços_com_emprego_de_mão_de_obra_de_presos_d_00_v2,False,0,N/A,"R$ 59.400,00","EXTRATO DO CONTRATO DE PRESTAÇÃO DE SERVIÇOS Nº 01/2021
Processo: 00056-00000237/2021-88. Das partes..."
aquisição_de_veículos_policiais_reservados_descaracterizados_00_v2,False,0,N/A,"R$ 1.147.000,00","EXTRATO DO CONTRATO Nº 44142/2021
Processo: 00428-00002060/2020-43. A SECRETARIA DE ESTADO DE ECONOM..."
a_contratação_de_empresa_especializada_em_fornecimento_de_in_00_v2,False,0,N/A,"R$ 27.365.000,00","EXTRATO DO CONTRATO Nº 44995/2021
Processo: 00040-00027814/2021-85. A SECRETARIA DE ESTADO DE ECONOM..."
o_contrato_tem_por_objeto_a_aquisição_dos_seguintes_itens_it_00_v2,False,0,N/A,"R$ 26.987.350,00","EXTRATO DO CONTRATO PARA AQUISIÇÃO DE BENS PELO DISTRITO FEDERAL Nº 40/2021
Processo: 00070-00004267..."
a_aquisição_de_3_000_três_mil_pares_de_chuteiras_consoante_e_00_v2,False,0,N/A,"R$ 510.000,00","EXTRATO DO CONTRATO DE AQUISIÇÃO DE BENS N° 39/2021
Processo: 00220-00005901/2021-63. DAS PARTES: DI..."
a_locação_do_imóvel_situado_na_rodovia_df_250_km_2_5_chácara_00_v2,False,0,N/A,"R$ 8.511.120,00","EXTRATO DO CONTRATO DE LOCAÇÃO Nº 54/2021
Processo 00080-00048417/2020-17. Partes: SEEDF X LOCAÇÕES ..."
contratação_de_empresa_especializada_para_realizar_o_program_00_v2,False,0,N/A,"R$ 2.399.166,97","EXTRATO DO CONTRATO Nº 44.480/2021
Processo: 00370-00000835/2019-98. Partes: Secretaria de Estado De..."
aquisição_de_material_de_consumo_de_gêneros_alimentícios_águ_00_v2,False,0,N/A,"R$ 3.844,80","EXTRATO DO CONTRATO N° 05/2021
Processo: 00147-00000322/2021-17. Das Partes: ADMINISTRAÇÃO REGIONAL ..."
a_prestação_de_serviço_de_suporte_especializado_para_as_manu_00_v2,False,0,N/A,"R$ 3.720.000,00","EXTRATO DO CONTRATO Nº 44087/2021
Processo: 00040-00001879/2020-10. A SECRETARIA DE ESTADO DE ECONOM..."
aquisição_de_material_fechaduras_e_cadeados_e_a_contratação__00_v2,False,0,N/A,"R$ 102.113,55","EXTRATO DO CONTRATO Nº 44125/2021
Processo: 00040-00025452/2021-98. A SECRETARIA DE ESTADO DE ECONOM..."
a_prestação_de_serviços_especializados_em_engenharia_para_ad_00_v2,False,0,N/A,"R$ 465.121,25","EXTRATO DO CONTRATO Nº 44791/2021
Processo: 00040-00012912/2021-18. A SECRETARIA DE ESTADO DE ECONOM..."
locação_de_02_duas_máquinas_automáticas_de_café_expresso_inc_00_v2,False,0,N/A,"R$ 11.280,00","EXTRATO DE CONTRATO SIMPLIFICADO
CONTRATO SIMPLIFICADO 046/2021-CJU/CEB-H

Espécie: Contrato Simplif..."
prestação_do_serviço_de_reparo_com_fornecimento_e_instalação_00_v2,False,0,N/A,"R$ 709.506,00","EXTRATO DO CONTRATO DE PRESTAÇÃO DE SERVIÇOS N° 35/2021
Processo: 00220-00004989/2021-04. DAS PARTES..."
o_contrato_tem_por_objeto_a_contratação_de_empresa_para_a_aq_00_v2,False,0,N/A,"R$ 6.237,00","EXTRATO DO CONTRATO Nº 02/2021
Processo: 00015-00010577/2021-94; Das Partes: DISTRITO FEDERAL/INSTIT..."
aquisição_de_uma_licença_vitalícia_epp_do_software_tqs_versã_00_v2,False,0,N/A,"R$ 11.700,00","EXTRATO DO CONTRATO PARA AQUISIÇÃO DE BENS Nº 11/2021
Processo: 00400-00019724/2020-01. DAS PARTES: ..."
prestação_de_serviço_de_avaliação_atuarial_integrada_dos_pla_00_v2,False,0,N/A,"R$ 207.043,01","EXTRATO DO CONTRATO BRB Nº 311/2021
Contratado: PWC - PRICEWATERHOUSECOOPERS SERVICOS PROFISSIONAIS ..."
o_contrato_tem_por_objeto_a_concessão_de_patrocínio_em_favor_00_v2,False,0,N/A,"R$ 70.000,00","EXTRATO DE CONTRATO DE PATROCÍNIO N° 00193-00001298/2021-51, NO ÂMBITO DO EDITAL FAPDF Nº 02/2021
 C..."
contratação_de_serviços_de_telecomunicações_descrição_stfc_l_00_v2,False,0,N/A,"R$ 25.200,00","EXTRATO DE CONTRATO Nº 03/2021
Processo: 00308-00000370/2021-25. Contratante: Administração Regional..."
a_aquisição_de_gêneros_alimentícios_perecíveis_pão_careca_po_00_v2,False,0,N/A,"R$ 8.076.265,50","EXTRATO DO CONTRATO PARA AQUISIÇÃO DE BENS Nº 49/2021
Processo: 00080-00123867/2021-87 - Partes: SEE..."
aquisição_de_01_um_rotulador_de_mesa_de_acordo_com_as_especi_00_v2,False,0,N/A,"R$ 4.020,00","EXTRATO DO CONTRATO DE AQUISIÇÃO DE BENS Nº 40/2021, NOS TERMOS DO PADRÃO Nº 07/2002, APROVADO PELO ..."
contratação_de_empresa_especializada_na_solução_integrada_de_00_v2,False,0,N/A,"R$ 1.329.600,00","EXTRATO DO CONTRATO DE PRESTAÇÃO DE SERVIÇOS Nº 49/2021, NOS TERMOS DO PADRÃO Nº 04/2002, APROVADO P..."
a_aquisição_de_fitas_para_backup_ultrium_lto_7_fitas_de_limp_00_v2,False,0,N/A,"R$ 5.628,30","EXTRATO DO CONTRATO Nº 45383/2021
Processo: 00040-00045718/2021-19. A SECRETARIA DE ESTADO DE ECONOM..."
aquisição_de_licença_de_uso_de_software_perpétua_para_autoat_00_v2,False,0,N/A,"R$ 17.990.000,00","EXTRATO DO CONTRATO BRB Nº 188/2021
Contratada: FÓTON INFORMÁTICA S.A. Modalidade: Pregão Eletrônico..."
a_contratação_de_instituição_de_ensino_superior_para_capacit_00_v2,False,0,N/A,"R$ 94.500,00","EXTRATO DO CONTRATO DE PRESTAÇÃO DE SERVIÇOS Nº 58/2021-FSPDF-SSP, NOS TERMOS DO PADRÃO Nº 03/2002, ..."
01_uma_tela_portátil_para_projeção_e_02_dois_flashs_a_bateri_00_v2,False,0,N/A,"R$ 8.574,00","EXTRATO DO CONTRATO DE AQUISIÇÃO DE BENS Nº 39/2021, NOS TERMOS DO PADRÃO Nº 07/2002, APROVADO PELO ..."
a_prestação_de_serviços_técnicos_profissionais_especializado_00_v2,False,0,N/A,"R$ 37.540,00","EXTRATO DO CONTRATO DE PRESTAÇÃO DE SERVIÇOS Nº 56/2021, NOS TERMOS DO PADRÃO Nº 04/2002, APROVADO P..."
o_contrato_tem_por_objeto_a_prestação_de_serviços_de_laborat_00_v2,False,0,N/A,"R$ 84.240,00","EXTRATO DO CONTRATO DE PRESTAÇÃO DE SERVIÇOS Nº 25/2021
Processo: 00094-00005321/2019-81. PARTES: SE..."
aquisição_de_material_elétrico_e_eletrônico_00_v2,False,0,N/A,"R$ 162.320,00","EXTRATO DO CONTRATO Nº 044418/2021
Processo: 00090-00002560/2021-14. DAS PARTES: SEMOB x EZ TECHS IM..."
prestação_de_todos_os_atos_processuais_necessários_à_defesa__00_v2,False,0,N/A,"R$ 200.000,00","EXTRATO DO CONTRATO BRB Nº 193/2021
Contratado: MENEZES NIEBUHR SOCIEDADE DE ADVOGADOS. Modalidade: ..."
contratação_da_plataforma_acordo_singular_00_v2,False,0,N/A,"R$ 237.900,00","EXTRATO DE CONTRATO FINANCEIRA BRB Nº 01/2021
Contratante: BRB CRÉDITO, FINANCIAMENTO E INVESTIMENTO..."
a_contratação_de_empresa_especializada_para_prestação_de_ser_00_v2,False,0,N/A,"R$ 4.950.405,72","EXTRATO DO CONTRATO Nº 44422/2021
Processo: 00040-00010030/2021-18. A SECRETARIA DE ESTADO DE ECONOM..."
prestação_de_serviços_de_publicidade_e_propaganda_vigência_0_00_v2,False,0,N/A,"R$ 35.000.000,00","EXTRATO DO CONTRATO BRB Nº 194/2021
Contratada: BCA PROPAGANDA LTDA. Modalidade: Concorrência Públic..."
prestação_de_serviços_de_operação_manutenção_preventiva_e_co_03_v2,False,0,N/A,"R$ 324.829,20","EXTRATO DO CONTRATO BRB Nº 203/2021
Contratada: GOTHERM ENGENHARIA TERMICA LTDA. Modalidade: Pregão ..."
a_aquisição_de_gêneros_alimentícios_não_perecíveis_extrato_d_00_v2,False,0,N/A,"R$ 753.560,90","EXTRATO DO CONTRATO DE AQUISIÇÃO DE BENS Nº 62/2021
Processo: 00080-00175762/2021-11 - Partes: SEEDF..."
o_contrato_tem_como_objeto_a_execução_da_obra_de_infraestrut_00_v2,False,0,N/A,"R$ 291.477,93","EXTRATO DO CONTRATO DE EXECUÇÃO DE OBRAS Nº 45223,
NOS TERMOS PADRÃO Nº 10/2010, DECRETO Nº 23.287/2..."
financiamento_no_âmbito_do_pnafm_00_v2,False,0,N/A,"R$ 49.000.000,00","EXTRATO DO CONTRATO DE SUBEMPRÉSTIMO Nº 0600.952 - DV 34
ESPÉCIE: Contrato de Subempréstimo nº 0600...."
fornecimento_e_montagem_de_mobiliário_corporativo_para_unida_00_v2,False,0,N/A,"R$ 773.710,00","EXTRATO DO CONTRATO BRB Nº 245/2021
Contratada: TECNO2000 INDÚSTRIA E COMÉRCIO LTDA. Modalidade: Dis..."
adequação_predial_em_imóveis_locados_pelo_brb_para_instalaçã_00_v2,False,0,N/A,"R$ 11.351.480,73","EXTRATO DO CONTRATO BRB Nº 254/2021
Contratada: RVA COMÉRCIO E SERVIÇOS DE CONSTRUÇÕES EIRELI. Modal..."
contratação_de_gateways_de_api_para_expansão_da_capacidade_a_00_v2,False,0,N/A,"R$ 1.992.900,04","EXTRATO DO CONTRATO BRB Nº 308/2021
Contratada: HCL (BRASIL) TECNOLOGIA DA INFORMAÇÃO EIRELI. Modali..."
contratação_de_horas_técnicas_para_os_serviços_de_manutenção_00_v2,False,0,N/A,"R$ 368.880,00","EXTRATO DO CONTRATO Nº 81/2021
NOS TERMOS DO PADRÃO Nº 06/2002   PRESTAÇÃO DE SERVIÇO

Processo: 000..."
a_prestação_de_serviços_de_preparo_fornecimento_e_distribuiç_00_v2,False,0,N/A,"R$ 3.294.720,00","EXTRATO DO CONTRATO Nº 44628/2021
Processo: 00431-00017854/2021-42. Das Partes: SECRETARIA DE ESTADO..."
aquisição_de_uma_unidade_móvel_de_atendimento_constituída_po_00_v2,False,0,N/A,"R$ 1.600.000,00","EXTRATO DO CONTRATO Nº 90/2021
NOS TERMOS DO PADRÃO Nº 07/2002   AQUISIÇÃO DE BENS

Processo: 00052-..."
aquisição_de_64_sessenta_e_quatro_unidades_de_estação_de_tra_00_v2,False,0,N/A,"R$ 248.477,00","EXTRATO DO CONTRATO Nº 92/2021
NOS TERMOS DO PADRÃO Nº 08/2002   AQUISIÇÃO DE BENS

Processo: 00052-..."
aquisição_de_400_quatrocentas_unidades_de_cartucho_44_rem_ma_00_v2,False,0,N/A,"R$ 878.149,00","EXTRATO DO CONTRATO Nº 94/2021
NOS TERMOS DO PADRÃO Nº 08/2002   AQUISIÇÃO DE BENS

Processo: 0052-0..."
o_contrato_tem_por_objeto_a_contratação_de_solução_de_tecnol_00_v2,False,0,N/A,"R$ 98.999,99","EXTRATO DO CONTRATO Nº 97/2021
NOS TERMOS DO PADRÃO Nº 06/2002   PRESTAÇÃO DE SERVIÇO

Processo: 000..."
aquisição_de_24_vinte_e_quatro_unidades_de_câmera_fotográfic_00_v2,False,0,N/A,"R$ 99.439,70","EXTRATO DO CONTRATO Nº 85/2021
NOS TERMOS DO PADRÃO Nº 07/2002   AQUISIÇÃO DE BENS

Processo: 00052-..."
aquisição_de_13_treze_unidades_de_câmera_fotográfica_digital_00_v2,False,0,N/A,"R$ 81.380,00","EXTRATO DO CONTRATO Nº 86/2021
NOS TERMOS DO PADRÃO Nº 07/2002   AQUISIÇÃO DE BENS

Processo: 00052-..."
aquisição_de_12_doze_unidades_de_equipamentos_detectores_de__00_v2,False,0,N/A,"R$ 235.197,60","EXTRATO DO CONTRATO Nº 91/2021
NOS TERMOS DO PADRÃO Nº 07/2002   AQUISIÇÃO DE BENS

Processo: 00052-..."
aquisição_de_material_de_consumo_do_tipo_crachá_de_identific_00_v2,False,0,N/A,"R$ 8.070,32","EXTRATO DO CONTRATO PARA AQUISIÇÃO DE BENS Nº 24/2021 - SIGGO Nº 044511
Processo: 00400-00053978/202..."
aquisição_de_09_nove_unidades_de_lente_tipo_macro_marca_cano_00_v2,False,0,N/A,"R$ 68.522,94","EXTRATO DO CONTRATO Nº 87/2021
NOS TERMOS DO PADRÃO Nº 07/2002   AQUISIÇÃO DE BENS

Processo: 00052-..."
a_prestação_de_serviços_de_capacitação_de_servidores_da_secr_00_v2,False,0,N/A,"R$ 188.730,00","EXTRATO DO CONTRATO DE PRESTAÇÃO DE SERVIÇOS Nº 60/2021-FSPDF-SSP, NOS TERMOS DO PADRÃO Nº 03/2002, ..."
aquisição_de_26_vinte_e_seis_poltronas_executivas_giratórias_00_v2,False,0,N/A,"R$ 31.928,00","EXTRATO DO CONTRATO Nº 103/2021
NOS TERMOS DO PADRÃO Nº 08/2002   AQUISIÇÃO DE BENS

Processo: 00052..."
aquisição_de_05_cinco_unidades_de_licença_vitalícia_graphiso_00_v2,False,0,N/A,"R$ 107.000,00","EXTRATO DO CONTRATO Nº 95/2021
NOS TERMOS DO PADRÃO Nº 07/2002   AQUISIÇÃO DE BENS

Processo: 00052-..."
aquisição_de_02_duas_unidades_de_licença_perpétua_altoqi_ebe_00_v2,False,0,N/A,"R$ 241.710,00","EXTRATO DO CONTRATO Nº 96/2021
NOS TERMOS DO PADRÃO Nº 07/2002   AQUISIÇÃO DE BENS

Processo: 00052-..."
aquisição_de_material_de_consumo_do_tipocordão_personalizado_00_v2,False,0,N/A,"R$ 3.015,60","EXTRATO DO CONTRATO PARA AQUISIÇÃO DE BENS Nº 23/2021 - SIGGO Nº 044509
Processo: 00400-00053978/202..."
aquisição_de_01_um_aparelho_de_rx_odontológico_portátil_para_00_v2,False,0,N/A,"R$ 55.813,37","EXTRATO DO CONTRATO Nº 88/2021
NOS TERMOS DO PADRÃO Nº 07/2002   AQUISIÇÃO DE BENS

Processo: 00052-..."
prestação_de_serviços_de_escola_de_aviação_para_fins_de_capa_00_v2,False,0,N/A,"R$ 272.291,08","EXTRATO DO CONTRATO Nº 34/2021
PRESTAÇÃO DE SERVIÇOS

Processo: 00053-00041483/2021-74. Partes: CBMD..."
aquisição_de_20_vinte_unidades_de_mesa_redonda_item_25_da_at_00_v2,False,0,N/A,"R$ 43.400,00","EXTRATO DO CONTRATO Nº 93/2021
NOS TERMOS DO PADRÃO Nº 08/2002   AQUISIÇÃO DE BENS

Processo: 00052-..."
contratação_de_assinatura_de_1_um_acesso_à_base_de_dados_esp_00_v2,False,0,N/A,"R$ 8.720,00","EXTRATO DO CONTRATO DE PRESTAÇÃO DE SERVIÇOS Nº 09/2021
Processo: 00020-00009058/2021-87. Partes: PR..."
o_contrato_tem_por_objeto_a_aquisição_de_rações_para_aves_e__00_v2,False,0,N/A,"R$ 5.462,64","EXTRATO DO CONTRATO DE AQUISIÇÃO DE BENS N° 31/2021
Processo: 00220-00001205/2021-88. DAS PARTES: DI..."
prestação_de_serviços_de_manutenção_preventiva_e_corretiva_d_00_v2,False,0,N/A,"R$ 3.690,00","EXTRATO DO CONTRATO DE PRESTAÇÃO DE SERVIÇOS N° 02/2021, NOS TERMOS DO PADRÃO Nº 01/2002
Processo: 0..."
o_contrato_tem_por_objeto_a_aquisição_de_água_potável_sem_gá_00_v2,False,0,N/A,"R$ 1.350,00","EXTRATO DO CONTRATO PARA AQUISIÇÃO DE BENS PELO DISTRITO FEDERAL Nº 02/2020, NOS TERMOS DO PADRÃO Nº..."
a_aquisição_de_gêneros_alimentícios_perecíveis_arroz_branco__00_v2,False,0,N/A,"R$ 5.026.000,00","EXTRATO DO CONTRATO PARA AQUISIÇÃO DE BENS Nº 12/2022
Processo: 00080-00237655/2021-86 - Partes: SEE..."
o_contrato_tem_por_objeto_a_aquisição_de_mobiliário_itens_01_00_v2,False,0,N/A,"R$ 120.290,00","EXTRATO DO CONTRATO Nº 44228/2021
Processo: 00040-00018784/2021-16. A SECRETARIA DE ESTADO DE ECONOM..."
locação_de_salas_de_escritório_00_v2,False,0,N/A,"R$ 207.174,60","EXTRATO DO CONTRATO BRB Nº 199/2021
ontratado: REGUS DO BRASIL LTDA. Modalidade: Dispensa de Licitaç..."
o_contrato_tem_por_objeto_a_aquisição_de_materiais_permanent_00_v2,False,0,N/A,"R$ 6.590,54","EXTRATO DO CONTRATO DE AQUISIÇÃO DE BENS Nº 32/2021
Processo: 00220-00003072/2021-84. DAS PARTES: DI..."
a_aquisição_de_gás_engarrafado_glp_itens_02_e_05_a_fim_de_at_00_v2,False,0,N/A,"R$ 31.264,00","EXTRATO DO CONTRATO Nº 44935/2021
Processo: 00040-00036163/2021-14. A SECRETARIA DE ESTADO DE ECONOM..."
prestação_de_serviços_de_castração_de_caninos_e_felinos_ovár_00_v2,False,0,N/A,"R$ 698.987,22","EXTRATO DO CONTRATO DE PRESTAÇÃO DE SERVIÇOS Nº 07/2021
Processo: 00391-00002539/2021-43. Partes: IN..."
contração_de_empresa_especializada_em_cabeamento_estruturado_00_v2,False,0,N/A,"R$ 45.220,00","EXTRATO DE CONTRATO N° 55/2021-CJU/CEB-H
Espécie: Contrato Nº 055/2021 - CJU/CEB-H. Processo: 00093-..."
acesso_ao_sistema_banco_de_preços_disponibilizado_via_intern_00_v2,False,0,N/A,"R$ 9.875,00","EXTRATO DO CONTRATO NP CAPACITAÇÕES E SOLUÇÕES TECNOLÓGICAS Nº 11/2021
Processo: 00391-00008521/2021..."
a_aquisição_de_gêneros_alimentícios_não_perecíveis_amido_de__00_v2,False,0,N/A,"R$ 149.739,11","EXTRATO DO CONTRATO DE AQUISIÇÃO DE BENS Nº 55/2021
Processo: 00080-00139880/2021-58 - Partes: SEEDF..."
credenciamento_de_pessoas_jurídicas_para_prestação_de_serviç_00_v2,False,0,N/A,"R$ 5.000,00","EXTRATO DO CONTRATO Nº 45157/2021
Processo: 04001-0000000447/2020-71 - DAS PARTES: INSTITUTO DE ASSI..."
a_execução_da_obra_de_infraestrutura_de_iluminação_pública_e_00_v2,False,0,N/A,"R$ 21.952,27","EXTRATO DO CONTRATO DE EXECUÇÃO DE OBRAS Nº 02/2021, NOS TERMOS DO PADRÃO Nº 10/2010
Processo: 00149..."
contratação_de_serviços_de_informações_restritivas_cadastrai_00_v2,False,0,N/A,"R$ 86.545.944,00","EXTRATO DO CONTRATO BRB Nº 316/2021
Contratada: SERASA S.A. Modalidade: Inexigibilidade de licitação..."
aquisição_de_terminais_de_autoatendimento_atm_incluindo_hard_00_v2,False,0,N/A,"R$ 91.213.809,40","EXTRATO DO CONTRATO Nº 343/2021
Contratada: PERTO S/A - PERIFÉRICOS PARA AUTOMAÇÃO. Modalidade: Preg..."
aquisição_de_material_permanente_microcomputadores_completos_00_v2,False,0,N/A,"R$ 363.300,00","EXTRATO DO CONTRATO DE AQUISIÇÃO DE BENS Nº 19/2021
Processo: 00193-00000401/2021-46. PARTES: FUNDAÇ..."
aquisição_de_material_permanente_notebooks_00_v2,False,0,N/A,"R$ 69.500,00","EXTRATO DO CONTRATO DE AQUISIÇÃO DE BENS Nº 20/2021
Processo: 00193-00000401/2021-46. PARTES: FUNDAÇ..."
a_aquisição_de_gêneros_alimentícios_perecíveis_carne_bovina__00_v2,False,0,N/A,"R$ 8.683.965,00","EXTRATO DO CONTRATO DE AQUISIÇÃO DE BENS Nº 56/2021
Processo: 00080-00143408/2021-10 - Partes: SEEDF..."
o_contrato_tem_por_objeto_a_aquisição_de_cimento_portland_de_00_v2,False,0,N/A,"R$ 8.370,00","EXTRATO DO CONTRATO PARA AQUISIÇÃO DE BENS DE CONSUMO Nº 13/2021 - REGISTRO SIGGO Nº 044914 / 2021, ..."
crede0ciamento_de_pessoas_juridicas_para_prestação_de_serviç_00_v2,False,0,N/A,"R$ 2.304,83","EXTRATO DO CONTRATO Nº 45422/2021
Processo: 04001-0000000815/2021-81. DAS PARTES: INSTITUTO DE ASSIS..."
objeto_desta_contratação_será_a_prestação_de_serviços_de_env_00_v2,False,0,N/A,"R$ 50.000,00","EXTRATO DO CONTRATO Nº 28/2021
Processo: 00392-00010159/2021-54   Contratante: Companhia de Desenvol..."
o_presente_contrato_tem_por_objeto_a_realização_de_melhorias_00_v2,False,0,N/A,"R$ 210.290,69","EXTRATO DO CONTRATO DE EXECUÇÃO DE OBRAS Nº 03/2021
Processo: 00141-00003309/2019-56. Partes: DF/ADM..."
o_presente_contrato_tem_por_objeto_a_realização_da_substitui_00_v2,False,0,N/A,"R$ 702.474,05","EXTRATO DO CONTRATO DE EXECUÇÃO DE OBRAS Nº 04/2021
Processo: 00141-00004476/2019-14. Partes: DF/ADM..."
compra_software_para_controle_gerenciamento_de_impressões_im_00_v2,False,0,N/A,"R$ 284,91","EXTRATO DO CONTRATO Nº 43.909/2021
Processo: 00370-00002237/2019-13 - DAS PARTES: SECRETARIA DE ESTA..."
contratação_de_empresa_especializada_para_criação_e_desenvol_00_v2,False,0,N/A,"R$ 175.733,22","EXTRATO DE CONTRATO Nº 05/2021
Processo: 04009-00000886/2021-69. DAS PARTES: SECRETARIA DE ESTADO DE..."
a_prestação_de_serviços_de_fornecimento_e_entrega_de_periódi_00_v2,False,0,N/A,"R$ 3.521,50","EXTRATO DO CONTRATO Nº 44838/2021
Processo: 00040-00033961/2021-94. A SECRETARIA DE ESTADO DE ECONOM..."
aquisição_de_11_onze_bandeiras_oficiais_do_brasil_confeccion_00_v2,False,0,N/A,"R$ 82.500,00","EXTRATO DO CONTRATO Nº 51/2021
AQUISIÇÃO DE BENS

Processo: 00053-00120479/2021-71. Partes: CBMDF X ..."
aquisição_de_58_computadores_de_pulso_para_mergulho_com_dete_00_v2,False,0,N/A,"R$ 495.843,00","EXTRATO DO CONTRATO Nº 53/2021
AQUISIÇÃO DE BENS

Processo: 00053-00119399/2021-73. Partes: CBMDF X ..."
regular_as_condições_procedimentos_direitos_e_obrigações_das_00_v2,False,0,N/A,"R$ 180.000,00","EXTRATO DO CONTRATO CUSD CEB Nº 177/2021 - GRUPO A
PRESTAÇÃO DE SERVIÇOS

Processo: 00053-00084410/2..."
prestação_de_serviço_de_suporte_técnico_e_atualização_para_2_00_v2,False,0,N/A,"R$ 10.669,92","EXTRATO DO CONTRATO Nº 17/2021
Contratante: Tribunal de Contas do Distrito Federal - CNPJ nº 00.534...."
execução_da_obra_de_infraestrutura_de_iluminação_pública_efi_00_v2,False,0,N/A,"R$ 470.265,18","EXTRATO DO CONTRATO DE EXECUÇÃO DE OBRAS N° 01/2021, NOS TERMOS DO PADRÃO Nº 10/2010
Processo: 00149..."
a_prestação_de_serviço_telefônico_fixo_e_móvel_comutado_stfc_00_v2,False,0,N/A,"R$ 3.550.756,00","EXTRATO DO CONTRATO Nº 45190/2021
Processo: 00040-00040587/2021-83. A SECRETARIA DE ESTADO DE ECONOM..."
manutenção_em_central_de_abastecimento_de_oxigênio_de_vácuo__00_v2,False,0,N/A,"R$ 9.691,50","EXTRATO DO CONTRATO Nº 42/2021
PRESTAÇÃO DE SERVIÇOS

Processo: 00053-00049648/2021-56. Partes: CBMD..."
o_contrato_tem_por_objeto_a_prestação_de_serviços_de_de_chav_00_v2,False,0,N/A,"R$ 32.926,30","EXTRATO DO CONTRATO DE PRESTAÇÃO DE SERVIÇOS Nº 68/2021-SEJUS - SIGGO Nº 045034
Processo: 00400-0003..."
contratação_de_serviços_de_telefonia_serviços_contínuos_para_00_v2,False,0,N/A,"R$ 63.687,48","EXTRATO DO CONTRATO N° 044759/2021
Processo: 00090-00003653/2021-58. DAS PARTES: SEMOB x CONNEC TELE..."
o_presente_contrato_tem_por_objetivo_a_prestação_dos_serviço_00_v2,False,0,N/A,"R$ 3.114.600,00","EXTRATO DO CONTRATO Nº 02/2022 - CONTRATO SIGGO Nº 045626
Processo: 00132-00003914/2021-51 - DAS PAR..."
contrato_tem_por_objeto_a_aquisição_de_material_de_consumo_d_00_v2,False,0,N/A,"R$ 315,00","EXTRATO DO CONTRATO Nº 044790/2021
Processo: 00090-00020221/2021-10. DAS PARTES: SEMOB x IDPROMO COM..."
prestação_de_serviço_de_fornecimento_de_passagens_aéreas_por_00_v2,False,0,N/A,"R$ 259.132,32","EXTRATO DO CONTRATO Nº 07/2022
Contratante: Tribunal de Contas do Distrito Federal - CNPJ nº 00.534...."
aquisição_de_mobiliários_para_atender_as_demandas_da_secreta_00_v2,False,0,N/A,"R$ 850.334,00","EXTRATO DO CONTRATO DE PRESTAÇÃO DE SERVIÇOS Nº 24/2021-SEAPE, NOS TERMOS DO PADRÃO Nº 07/2002, APRO..."
aquisição_de_materiais_técnicos_00_v2,False,0,N/A,"R$ 17.618,50","EXTRATO DO CONTRATO Nº 60/2021
Contratante: FUNDAÇÃO HEMOCENTRO DE BRASÍLIA, CNPJ nº 86.743.457/0001..."
prestação_de_serviços_de_gestão_de_berçário_institucional_pa_00_v2,False,0,N/A,"R$ 2.185.678,11","EXTRATO DO CONTRATO Nº 44832/2021
Processo: 00040-00019287/2021-35. A SECRETARIA DE ESTADO DE ECONOM..."
tem_por_objeto_aquisição_de_materiais_de_consumo_00_v2,False,0,N/A,"R$ 226.863,90","EXTRATO DO CONTRATO Nº 15/2021, NOS TERMOS DO PADRÃO Nº 05/2002
Processo: 00133-00002414/2021-73; Da..."
execução_da_obra_de_urbanização_da_área_sob_a_passarela_sul__00_v2,False,0,N/A,"R$ 238.060,21","EXTRATO DO CONTRATO PARA EXECUÇÃO DE OBRAS N° 18/2021
Processo: 00147-00000467/2021-18. Partes: DIST..."
a_prestação_de_serviço_de_confecção_e_personalização_de_255__00_v2,False,0,N/A,"R$ 50.049,20","EXTRATO DO CONTRATO DE PRESTAÇÃO DE SERVIÇOS N° 34/2021
Processo: 00220-00004796/2021-45. DAS PARTES..."
a_aquisição_de_gêneros_alimentícios_não_perecíveis_carne_de__00_v2,False,0,N/A,"R$ 4.797.890,55","EXTRATO DO CONTRATO DE AQUISIÇÃO DE BENS Nº 71/2021
Processo: 00080-00223438/2021-17 - Partes: SEEDF..."
contratação_de_empresa_especializada_no_fornecimento_de_cert_00_v2,False,0,N/A,"R$ 4.675,00","EXTRATO DO CONTRATO Nº 044923/2021
Processo: 00090-00021019/2021-05. DAS PARTES: SEMOB x HOST SERVER..."
a_locação_do_imóvel_situado_na_avenida_paranoá_quadra_17_con_00_v2,False,0,N/A,"R$ 1.568.400,00","EXTRATO DO CONTRATO DE LOCAÇÃO Nº 29/2021
Processo: 00080-00089788/2018-34. Partes: SEEDF X PNB - CO..."
o_contrato_tem_por_objeto_a_prestação_de_serviços_de_forneci_00_v2,False,0,N/A,"R$ 2.226.614,40","EXTRATO DO CONTRATO Nº 044915/2021
Processo:00431-00016313/2021-05. DAS PARTES: SECRETARIA DE ESTADO..."
o_contrato_tem_por_objeto_a_aquisição_de_63_m³_sessenta_e_tr_00_v2,False,0,N/A,"R$ 5.636,61","EXTRATO DO CONTRATO DE AQUISIÇÃO DE BENS N° 30/2021
Processo: 00220-00000588/2021-77. DAS PARTES: DI..."
a_aquisição_de_mobiliário_itens_21_e_28_novos_e_em_primeiro__00_v2,False,0,N/A,"R$ 15.411,75","EXTRATO DO CONTRATO Nº 44226/2021
Processo: 00040-00028038/2021-31. A SECRETARIA DE ESTADO DE ECONOM..."
execução_da_s_obra_s_de_limpeza_nivelamento_e_execução_de_pi_00_v2,False,0,N/A,"R$ 339.804,32","EXTRATO DO CONTRATO DE EXECUÇÃO DE OBRAS N° 25/2021
Processo: 00220-00000503/2021-51. DAS PARTES: DI..."
serviço_de_fornecimento_de_acesso_para_leitura_como_membro_o_00_v2,False,0,N/A,"R$ 36.598,15","EXTRATO DO CONTRATO Nº 42810/2021
Processo: 00040-00032210/2019-36. SECRETARIA DE ESTADO DE ECONOMIA..."
execução_da_s_obra_s_de_limpeza_nivelamento_e_execução_de_pi_00_v2,False,0,N/A,"R$ 339.804,32","EXTRATO DO CONTRATO DE EXECUÇÃO DE OBRAS N° 26/2021
Processo: 00220-00000503/2021-51. DAS PARTES: DI..."
o_presente_contrato_objetiva_o_fornecimento_de_mão_de_obra_d_00_v2,False,0,N/A,"R$ 182.498,40","EXTRATO DO CONTRATO DE PRESTAÇÃO DE SERVIÇOS Nº 03/2021
Processo: 00307-00001480/2020-5. Das partes:..."
o_contrato_tem_por_objeto_a_prestação_de_serviços_de_cobranç_00_v2,False,0,N/A,"R$ 1.320.000,00","EXTRATO DO CONTRATO Nº 67/2021
NOS TERMOS DO PADRÃO Nº 06/2002   PRESTAÇÃO DE SERVIÇO

Processo: 052..."
aquisição_de_03_três_unidades_de_estufa_tipo_câmara_climátic_00_v2,False,0,N/A,"R$ 52.999,98","EXTRATO DO CONTRATO Nº 71/2021
NOS TERMOS DO PADRÃO Nº 07/2002   AQUISIÇÃO DE BENS

Processo: 052-00..."
prestação_de_serviços_de_fornecimento_de_água_mineral_natura_00_v2,False,0,N/A,"R$ 72.891,62","EXTRATO DO CONTRATO N° 30/2021
Processo: 00054-00063862/202020-14. PARTES: DF/PMDF x AZTER SOLUÇÕES ..."
execução_da_obra_reforma_da_praça_localizada_no_bairro_bela__00_v2,False,0,N/A,"R$ 315.603,25","EXTRATO DO CONTRATO PARA EXECUÇÃO DE OBRAS Nº 08/2021, NOS TERMOS DO PADRÃO Nº 09/2002
Processo: 001..."
prestação_de_serviço_telefônico_fixo_comutado_nas_modalidade_00_v2,False,0,N/A,"R$ 1.206.992,28","EXTRATO DO CONTRATO BRB Nº 208/2021
Contratada: OI S/A - EM RECUPERAÇÃO JUDICIAL. Modalidade: Dispen..."
fornecimento_e_instalação_de_divisórias_e_revestimentos_em_l_00_v2,False,0,N/A,"R$ 106.935,00","EXTRATO DO CONTRATO BRB Nº 256/2021
Contratada: NOVA FORMA INTERIORES LTDA. Modalidade: Pregão Eletr..."
contratação_de_empresa_especializada_para_prestação_dos_serv_00_v2,False,0,N/A,"R$ 1.599.999,90","EXTRATO DO CONTRATO BRB Nº 249/2021
Contratada: R PINHEIRO GRIMM TRANSPORTES. Modalidade: Pregão Ele..."
serviços_de_fornecimento_dos_preços_médios_dos_veículos_auto_00_v2,False,0,N/A,"R$ 41.834,28","EXTRATO DO CONTRATO Nº 44510/2021
Processo: 00040-00013234/2021-19. SECRETARIA DE ESTADO DE ECONOMIA..."
serviços_de_chaveiro_com_fornecimento_de_material_fechaduras_00_v2,False,0,N/A,"R$ 8.345,00","EXTRATO DO TERMO DO CONTRATO Nº 46/2021
Processo: 00113-00014611/2021-18; CONTRATANTE: o DISTRITO FE..."
locação_de_imóvel_para_funcionamento_de_agência_brb_00_v2,False,0,N/A,"R$ 1.020.000,00","EXTRATO DO CONTRATO BRB Nº 163/2021
LOCADORES: Sr. RONALDO VIEIRA MARINHO e Sra. JANAINA MARINHO MIL..."
contratação_de_empresa_especializada_para_implantação_de_abr_00_v2,False,0,N/A,"R$ 8.979.030,00","EXTRATO DO CONTRATO Nº 44178/2021
Processo: 00090-00001906/2020-78. Partes: SECRETARIA DE ESTADO DE ..."
contratação_de_empresa_especializada_para_manutenção_dos_abr_00_v2,False,0,N/A,"R$ 7.254.868,60","EXTRATO DO CONTRATO Nº 44179/2021
Processo: 00090-00001906/2020-78. Partes: SECRETARIA DE ESTADO DE ..."
adesão_ao_convênio_nº_02_2021_para_elaboração_de_estudos_e_e_00_v2,False,0,N/A,"R$ 99.396,56","EXTRATO DO CONTRATO DO 1º TERMO DE ADESÃO AO CONVÊNIO Nº 02/2021
Processo: 00392-00005357/2021-04. C..."
fornecimento_e_instalação_de_mobiliário_01_v2,False,0,N/A,"R$ 240.677,00","EXTRATO DO TERMO DO CONTRATO Nº 38/2021 SIGGO 044693
Processo: 00113-00015113/2021-84; CONTRATANTE: ..."
contratação_de_empresa_especializada_no_fornecimento_de_crac_00_v2,False,0,N/A,"R$ 5.950,00","EXTRATO DO CONTRATO DE AQUISIÇÃO DE BENS Nº 024/2021 
Processo: 00110-00002449/2021-61. Partes: SECR..."
contratação_de_empresa_especializada_no_fornecimento_de_plat_00_v2,False,0,N/A,"R$ 506.000,00","EXTRATO DO CONTRATO Nº 44090/2021
Processo: 00040-00015683/2021-93. A SECRETARIA DE ESTADO DE ECONOM..."
o_contrato_tem_por_objeto_a_aquisição_de_10_500_dez_mil_e_qu_00_v2,False,0,N/A,"R$ 1.699.635,00","EXTRATO DO CONTRATO PARA AQUISIÇÃO DE BENS PELO DISTRITO FEDERAL Nº 48/2021-SEJUS - SIGGO Nº 044845
..."
o_contrato_tem_por_objeto_a_aquisição_de_134_cento_e_trinta__00_v2,False,0,N/A,"R$ 48.240,00","EXTRATO DO CONTRATO PARA AQUISIÇÃO DE BENS PELO DISTRITO FEDERAL Nº 53/2021-SEJUS - SIGGO Nº 044945
..."
o_contrato_tem_por_objeto_a_aquisição_290_duzentos_e_noventa_00_v2,False,0,N/A,"R$ 59.912,00","EXTRATO DO CONTRATO PARA AQUISIÇÃO DE BENS PELO DISTRITO FEDERAL Nº 54/2021-SEJUS - SIGGO Nº 044946
..."
contratação_de_empresa_especializada_em_tecnologia_da_inform_00_v2,False,0,N/A,"R$ 537.836,40","EXTRATO DO CONTRATO DE PRESTAÇÃO DE SERVIÇOS Nº 55/2021-SEJUS - SIGGO Nº 045149
Processo: 00400-0002..."
contratação_de_produtos_e_serviços_por_meio_de_pacote_de_ser_00_v2,False,0,N/A,"R$ 23.200,80","EXTRATO DO CONTRATO MÚLTIPLO DE PRESTAÇÃO DE SERVIÇOS E VENDA DE PRODUTOS- SIGGO 044800.
Processo: 0..."
o_presente_contrato_tem_por_objeto_a_realização_de_serviços__00_v2,False,0,N/A,"R$ 129.864,75","EXTRATO DO CONTRATO Nº 12/2021
Processo: 00141-00003802/2021-91. Partes: DF/ADMINISTRAÇÃO REGIONAL D..."
prestação_de_serviços_de_manutenção_preventiva_e_limpeza_de__00_v2,False,0,N/A,"R$ 5.520,00","EXTRATO DO CONTRATO DE PRESTAÇÃO DE SERVIÇOS Nº 01/2022
Processo: 00014-00000548/2021-42. PARTES: GA..."
locação_de_imóvel_urbano_com_área_total_de_595_00_m²_localiz_00_v2,False,0,N/A,"R$ 807.664,20","EXTRATO DO CONTRATO BRB Nº 305/2021
Contratada: BRB   ADMINISTRADORA E CORRETORA DE SEGUROS S.A. Mod..."
serviços_de_adaptação_do_imóvel_e_fornecimento_de_material_e_00_v2,False,0,N/A,"R$ 1.178.000,00","EXTRATO DO CONTRATO BRB Nº 22/2022
Contratada: REENGENHARIA LTDA. Modalidade: Pregão Eletrônico 086/..."
prestação_de_serviços_contínuos_de_docência_e_apoio_ao_ensin_00_v2,False,0,N/A,"R$ 6.971.582,28","EXTRATO DO CONTRATO Nº 39/2021
Processo: 00054-00114264/2020-11. Partes: DF/PMDF x UNIÃO BRASILEIRA ..."
a_prestação_de_serviço_técnico_especializado_de_manutenção_e_00_v2,False,0,N/A,"R$ 981.000,00","EXTRATO DO CONTRATO Nº 45794/2022
Processo: 00040-00006019/2022-34. A SECRETARIA DE ESTADO DE ECONOM..."
a_aquisição_de_gêneros_alimentícios_não_perecíveis_pão_brioc_00_v2,False,0,N/A,"R$ 943.385,48","EXTRATO DO CONTRATO DE AQUISIÇÃO DE BENS Nº 14/2022
Processo: 00080-00247063/2021-72 - Partes: SEEDF..."
contratação_de_serviços_de_consultoria_em_tecnologia_da_info_00_v2,False,0,N/A,"R$ 48.500,00","EXTRATO DE CONTRATO Nº 07/2021
A CEB LAJEADO S/A, torna pública a assinatura do Contrato nº 007/2021..."
execução_do_serviço_referente_a_substituição_de_luminária_vs_00_v2,False,0,N/A,"R$ 39.815,91","EXTRATO DO CONTRATO Nº 44842/2021
Processo: 00367-00000250/2021-32. Contrato nº 44842/2021 - RA- XXX..."
atualização_de_licença_suporte_e_manutenção_do_software_sap__00_v2,False,0,N/A,"R$ 5.448,00","EXTRATO DO CONTRATO CORRETORA SEGUROS BRB Nº 25/2021
Contratante: BRB ADMINISTRADORA E CORRETORA DE ..."
contratação_de_serviço_de_emissão_de_certificado_digital_do__00_v2,False,0,N/A,"R$ 1.620,00","EXTRATO DO CONTRATO Nº 50/2021
Contratante: FUNDAÇÃO HEMOCENTRO DE BRASÍLIA - CNPJ nº 86.743.457/000..."
aquisição_de_aparelhos_de_ar_condicionado_00_v2,False,0,N/A,"R$ 3.916,00","EXTRATO DO TERMO DO CONTRATO Nº 44/2021
Processo: 00113-00033771/2018-52. Contratante: o DISTRITO FE..."
contratação_de_direito_de_uso_subscrição_licença_do_software_00_v2,False,0,N/A,"R$ 187.233,00","EXTRATO DO CONTRATO Nº 23/2021
Processo: 00392-00006273/2021-80   Contratante: Companhia de Desenvol..."
prestação_de_serviços_técnicos_profissionais_especializadosv_00_v2,False,0,N/A,"R$ 70.000,00","EXTRATO DO CONTRATO N° 02/2022
Processo: 00054-00078175/2021-76. PARTES: DF/PMDF x DANIEL DORIS ENGE..."
subscrição_implantação_e_suporte_mensal_de_software_de_gestã_00_v2,False,0,N/A,"R$ 29.962,85","EXTRATO DO CONTRATO CORRETORA SEGUROS BRB Nº 24/2021
Contratante: BRB ADMINISTRADORA E CORRETORA DE ..."
contratação_de_serviço_de_gestão_de_custos_de_operação_para__00_v2,False,0,N/A,"R$ 48.807,56","EXTRATO DO CONTRATO Nº 27/2021
Contratante: FUNDAÇÃO HEMOCENTRO DE BRASÍLIA - CNPJ nº 86.743.457/000..."
concessão_de_licença_de_uso_suporte_e_manutenção_de_software_00_v2,False,0,N/A,"R$ 2.000,00","EXTRATO DO CONTRATO BRB Nº 209/2021
Contratada: CONSIGNET SISTEMAS LTDA. Modalidade: Inexigibilidade..."
aquisição_de_equipamentos_de_informática_microcomputadores_w_00_v2,False,0,N/A,"R$ 147.795,00","EXTRATO DO CONTRATO Nº 21/2021
Processo: 00401-00008404/2021-71. Partes: DEFENSORIA PÚBLICA DO DISTR..."
a_execução_de_obra_de_construção_do_edifício_sede_do_conselh_00_v2,False,0,N/A,"R$ 1.046.145,72","EXTRATO DO CONTRATO DE EXECUÇÃO DE OBRAS Nº 01/2022-SEJUS - SIGGO Nº 045618
Processo: 00400-00004964..."
a_execução_de_obra_de_construção_dos_edifícios_sede_dos_cons_00_v2,False,0,N/A,"R$ 2.199.556,02","EXTRATO DO CONTRATO DE EXECUÇÃO DE OBRAS Nº 02/2022-SEJUS - SIGGO Nº 045617
Processo: 00400-00004968..."
aquisição_de_insumo_para_realização_de_criopreservação_das_c_00_v2,False,0,N/A,"R$ 16.620,00","EXTRATO DO CONTRATO Nº 46/2021
Contratante: FUNDAÇÃO HEMOCENTRO DE BRASÍLIA - CNPJ nº 86.743.457/000..."
contratação_de_empresa_especializada_para_a_aquisição_de_equ_00_v2,False,0,N/A,"R$ 4.900,00","EXTRATO DO CONTRATO Nº 02/2022
Processo: 04017-00002173/2022-30. SIGGO Nº 045896. DAS PARTES: SECRET..."
prestação_de_assessoria_jurídica_ao_brb_00_v2,False,0,N/A,"R$ 1.780.000,00","EXTRATO DO CONTRATO BRB Nº 233/2021
Contratada: LEFOSSE ADVOGADOS. Modalidade: Inexigibilidade. Obje..."
a_aquisição_de_18_dezoito_veículos_automotores_de_fabricação_00_v2,False,0,N/A,"R$ 792.000,00","EXTRATO DO CONTRATO DE AQUISIÇÃO DE BENS Nº 02/2021 - FUNP - SIGGO 044700
Processo: 04026-00035935/2..."
a_contratação_de_empresa_especializada_em_clipping_jornalíst_00_v2,False,0,N/A,"R$ 17.599,80","EXTRATO DO CONTRATO DE PRESTAÇÃO DE SERVIÇOS Nº 23/2022
Processo: 00080-00171593/2021-32. Partes: SE..."
aquisição_de_300_trezentas_unidades_de_protetor_tático_de_jo_00_v2,False,0,N/A,"R$ 91.500,00","EXTRATO DO CONTRATO Nº 04/2022
Processo: 00054-00100625/2019-08. PARTES: DF/PMDF x CARAVAN EXPORTAÇÃ..."
a_contratação_de_empresa_para_o_fornecimento_de_3_030_tonela_00_v2,False,0,N/A,"R$ 282.335,40","EXTRATO CONTRATUAL
Processo: 00112-00006754/2021-76. ESPÉCIE: CONTRATO DE AQUISIÇÃO DE BENS D.U Nº 0..."
a_aquisição_de_gênero_alimentício_não_perecível_carne_bovina_00_v2,False,0,N/A,"R$ 8.680.000,00","EXTRATO DO CONTRATO DE AQUISIÇÃO DE BENS Nº 19/2022
Processo: 00080-00010956/2022-45. Partes: SEEDF ..."
prestação_de_serviços_relativos_a_implantação_do_sistema_de__00_v2,False,0,N/A,"R$ 35.000,00","EXTRATO DO CONTRATO BRB Nº 151/2022
Contratada: Tele Alarmes Segurança Eletrônica Ltda. Modalidade: ..."
realização_de_curso_de_treinamento_para_auditoria_em_saúde_n_00_v2,False,0,N/A,"R$ 27.000,00","EXTRATO DO CONTRATO N° 08/2022
Processo: 00054-00067913/2020-79. PARTES: DF/PMDF x ELO CONSULTORIA E..."
fornecimento_de_central_telefônica_voip_com_funcionalidade_d_00_v2,False,0,N/A,"R$ 1.749.999,79","EXTRATO DO CONTRATO BRB Nº 107/2022
Contratada: Netscience Tecnologia Indústria de Equipamentos de C..."
o_serviço_de_transporte_rodoviário_de_gêneros_alimentícios_n_00_v2,False,0,N/A,"R$ 1.345.802,92","EXTRATO DO CONTRATO DE PRESTAÇÃO DE SERVIÇOS Nº 24/2022
Processo 00080-00017847/2022-59 - Partes: SE..."
aquisição_de_20_botijões_de_gás_liquefeito_de_petróleo_conso_00_v2,False,0,N/A,"R$ 2.096,00","EXTRATO DO CONTRATO PARA AQUISIÇÃO DE BENS PELO DISTRITO FEDERAL Nº 01/2022, NOS TERMOS DO PADRÃO Nº..."
prestação_de_serviço_de_atendimento_destinado_aos_clientes_d_00_v2,False,0,N/A,"R$ 23.838.101,64","EXTRATO DO CONTRATO BRB Nº 53/2022
Contratada: BRB SERVIÇOS S/A. Modalidade: Dispensa de Licitação. ..."
aluguel_de_transformador_conforme_projeto_básico_id_78964576_00_v2,False,0,N/A,"R$ 7.102,44","EXTRATO DO CONTRATO DE PRESTAÇÃO DE SERVIÇOS N° 01/2022
Processo: 00220-00005290/2021-53. DAS PARTES..."
o_contrato_tem_por_objeto_a_prestação_de_serviços_de_control_00_v2,False,0,N/A,"R$ 104,62","EXTRATO DO CONTRATO DE PRESTAÇÃO DE SERVIÇO Nº 01/2022 - REGISTRO SIGGO Nº 045889/2022, NOS TERMOS P..."
aquisição_de_água_potável_sem_gás_proveniente_de_fontes_natu_00_v2,False,0,N/A,"R$ 70.781,28","EXTRATO DO CONTRATO Nº 45934/2022
Processo: 00040-00008051/2022-54. A SECRETARIA DE ESTADO DE ECONOM..."
a_aquisição_de_equipamentos_de_enfermagem_existentes_no_merc_00_v2,False,0,N/A,"R$ 8.628,78","EXTRATO DO CONTRATO PARAAQUISIÇÃO DE BENS Nº 37/2022
Processo 00080-00247183/2021-70 - Partes: SEEDF..."
o_presente_contrato_tem_por_objeto_a_prestação_de_serviços_p_00_v2,False,0,N/A,"R$ 203.567,14","EXTRATO DO CONTRATO DE PRESTAÇÃO DE SERVIÇOS Nº 02/2022
Processo: 00070-00000630/2021-66. Partes: SE..."
prestação_de_serviços_relativo_à_cobrança_extrajudicial_de_c_00_v2,False,0,N/A,"R$ 100.000,00","EXTRATO DO CONTRATO BRB Nº 120/2022
Contratado: Digital Assessoria de Cobranças s/s LTDA. Modalidade..."
a_aquisição_de_equipamentos_de_enfermagem_existentes_no_merc_00_v2,False,0,N/A,"R$ 17.738,00","EXTRATO DO CONTRATO PARA AQUISIÇÃO DE BENS Nº 36/2022
Processo 00080-00246418/2021-14 - Partes: SEED..."
prestação_de_serviço_de_transporte_de_valores_destinados_às__05_v2,False,0,N/A,"R$ 1.720.017,86","EXTRATO DO CONTRATO BRB Nº 142/2022
Contratado: Renaforte Serviços de Segurança e Transporte de Valo..."
objeto_a_aquisição_de_equipamentos_de_enfermagem_existentes__00_v2,False,0,N/A,"R$ 1.306,48","EXTRATO DO CONTRATO PARA AQUISIÇÃO DE BENS Nº 28/2022
Processo 00080-00247336/2021-89 - Partes: SEED..."
prestação_de_serviços_relativo_à_cobrança_extrajudicial_de_c_00_v2,False,0,N/A,"R$ 100.000,00","EXTRATO DO CONTRATO BRB Nº 114/2022
Contratado: COBANCO Cobrança Bancária e comercial EIRELI. Modali..."
prestação_de_serviço_de_avaliação_atuarial_dos_planos_de_ben_00_v2,False,0,N/A,"R$ 88.700,00","EXTRATO DO CONTRATO BRB Nº 159/2022
Contratado: Russell Bedford GM Auditores Independentes S/S. Moda..."
a_contratação_de_produtos_e_serviços_por_meio_de_pacote_de_s_00_v2,False,0,N/A,"R$ 60.000,00","EXTRATO DO CONTRATO MÚLTIPLO DE PRESTAÇÃO DE SERVIÇOS E VENDA DE PRODUTOS
Processo 00080-00248580/20..."
a_execução_da_obra_de_construção_do_centro_educacional_jardi_00_v2,False,0,N/A,"R$ 11.963.826,74","EXTRATO DO CONTRATO DE EXECUÇÃO DE OBRAS PARA O DISTRITO FEDERAL Nº 22/2022
Processo 00080-00234240/..."
o_presente_contrato_tem_por_objeto_a_prestação_de_serviços_e_00_v2,False,0,N/A,"R$ 1.340.908,88","EXTRATO DO CONTRATO BRB Nº 303/2021
Contratada: ALFA SERVIÇO DE LOCAÇÃO DE MÃO DE OBRA EIRELI. Modal..."
aquisição_de_04_switches_san_storage_area_network_cabos_para_00_v2,False,0,N/A,"R$ 1.030.915,22","EXTRATO DO CONTRATO DE AQUISIÇÃO DE BENS PELO DISTRITO FEDERAL Nº 65/2021-FSP, NOS TERMOS DO PADRÃO ..."
contratação_de_empresa_especializada_em_serviços_de_mudança__00_v2,False,0,N/A,"R$ 47.948,95","EXTRATO DO CONTRATO Nº 45.926/2022
Processo: 00370-00002021/2021-11. Partes: Secretaria de Estado De..."
o_contrato_tem_por_objeto_a_contratação_de_agente_bancário_p_00_v2,False,0,N/A,"R$ 547.811,64","EXTRATO DO CONTRATO Nº 45927/2022
Processo: 00431-00024978/2021-84. DAS PARTES: SECRETARIA DE ESTADO..."
contratação_de_empresa_especializada_na_prestação_dos_serviç_00_v2,False,0,N/A,"R$ 13.225,02","EXTRATO DO CONTRATO Nº 02/2022, NOS TERMOS DO PADRÃO Nº 03/2002   PRESTAÇÃO DE SERVIÇO
Processo: 000..."
o_contrato_tem_por_objeto_aquisição_de_mobiliário_visando_at_00_v2,False,0,N/A,"R$ 57.000,00","EXTRATO DO CONTRATO Nº 045516/2022
Processo: 00431-00013555/2020-58. DAS PARTES: SECRETARIA DE ESTAD..."
prestação_de_serviços_continuados_de_manutenção_predial_incl_00_v2,False,0,N/A,"R$ 2.595.849,00","EXTRATO DO CONTRATO DE PRESTAÇÃO DE SERVIÇOS Nº 04/2022
Partes: DETRAN-DF e a POLI ENGENHARIA EIRELI..."
contratação_de_empresa_para_a_prestação_de_serviços_continua_00_v2,False,0,N/A,"R$ 418.496,88","EXTRATO DO CONTRATO DE PRESTAÇÃO DE SERVIÇOS Nº 06/2022
Processo: 04011-00000207/2021-30. Partes: O ..."
o_contrato_tem_por_objeto_à_contratação_de_empresa_especiali_00_v2,False,0,N/A,"R$ 1.527.494,44","EXTRATO DO CONTRATO Nº 07/2022, NOS TERMOS DO PADRÃO Nº 09/2002
EXECUÇÃO DE OBRAS

Processo: 00110-0..."
constitui_o_objeto_do_presente_contrato_de_rateio_a_transfer_00_v2,False,0,N/A,"R$ 1.974.812,88","EXTRATO DO CONTRATO DE RATEIO N° 04/2022
Objeto: Constitui o objeto do presente Contrato de Rateio a..."
o_direito_de_uso_do_sistema_de_software_logconsig_00_v2,False,0,N/A,"R$ 51.906,00","EXTRATO DO CONTRATO BRB Nº 255/2021
Contratada: CONSIGLOG TECNOLOGIA E SOLUÇÕES LTDA. Modalidade: In..."
o_contrato_tem_por_objeto_aquisição_de_mobiliário_visando_at_00_v2,False,0,N/A,"R$ 146.076,00","EXTRATO DO CONTRATO Nº 045515/2022
Processo:00431-00013555/2020-58. DAS PARTES: SECRETARIA DE ESTADO..."
solução_de_segurança_eletrônica_para_os_terminais_de_autoate_00_v2,False,0,N/A,"R$ 3.785.545,00","EXTRATO DO CONTRATO BRB Nº 35/2022
Contratado: NEW LINE TECNOLOGIA EM SEGRUANÇA LTDA. Modalidade: Pr..."
fornecimento_e_instalação_de_sistema_de_irrigação_no_jardim__00_v2,False,0,N/A,"R$ 750.000,00","EXTRATO DO CONTRATO BRB Nº 65/2022
Contratado: GARDEN CENTER JARDINS EIRELI EPP. Modalidade: Pregão ..."
aquisição_de_bens_5_cinco_tendas_descrição_tenda_branca_tipo_00_v2,False,0,N/A,"R$ 39.999,00","EXTRATO DO CONTRATO PARA AQUISIÇÃO DE BENS Nº 03/2022-SEJUS - SIGGO Nº 045684
Processo: 00400-000361..."
aquisição_de_material_caixa_acústica_caixa_acústica_ativa_15_00_v2,False,0,N/A,"R$ 1.684,00","EXTRATO DO CONTRATO PARA AQUISIÇÃO DE BENS PELO DISTRITO FEDERAL Nº 08/2022-SEJUS - SIGGO Nº 045498
..."
aquisição_de_bens_600_seiscentas_cadeiras_descrição_cadeira__00_v2,False,0,N/A,"R$ 44.982,00","EXTRATO DO CONTRATO PARA AQUISIÇÃO DE BENS Nº 05/2022-SEJUS - SIGGO Nº 045688
Processo: 00400-000361..."
a_aquisição_de_gêneros_alimentícios_perecíveis_filé_de_peixe_00_v2,False,0,N/A,"R$ 12.284.388,00","EXTRATO DO CONTRATO PARA AQUISIÇÃO DE BENS Nº 11/2022
Processo 00080-00232760/2021-29 - Partes: SEED..."
prestação_de_serviços_estratégicos_de_solução_de_tecnologia__00_v2,False,0,N/A,"R$ 720.000,00","EXTRATO DE CONTRATO DE ADESÃO Nº 7029/2022.P
Processo: 00413-00003203/2021-93 - DAS PARTES: INSTITUT..."
execução_de_piso_em_concreto_armadopara_receber_a_implantaçã_00_v2,False,0,N/A,"R$ 238.185,37","EXTRATO DO CONTRATO DE EXECUÇÃO DE OBRAS Nº 04/2022
Processo: 00220-00005329/2021-32. DAS PARTES: DI..."
contratação_de_consultoria_técnica_especializada_em_seguranç_00_v2,False,0,N/A,"R$ 367.225,52","EXTRATO DO CONTRATO BRB Nº 12/2022
Contratada: TEMPEST SERVIÇOS DE INFORMÁTICA S/A. Modalidade: Inex..."
fornecimento_parcelado_de_garrafões_de_20_litros_de_água_min_00_v2,False,0,N/A,"R$ 73.312,00","EXTRATO DO CONTRATO BRB Nº 145/2022
Contratada: Indústria de Água Mineral Ibiá Ltda. Modalidade: Pre..."
o_presente_contrato_tem_por_objeto_a_aquisição_de_materiais__00_v2,False,0,N/A,"R$ 483.013,44","EXTRATO DO CONTRATO DE PRESTAÇÃO DE SERVIÇOS Nº 01/2022, NOS TERMOS DO PADRÃO Nº 05/2020
Processo: 0..."
aquisição_de_mobiliário_técnico_modular_para_uso_em_salas_de_00_v2,False,0,N/A,"R$ 495.000,00","EXTRATO DO CONTRATO N° 09/2022
Processo: 00054-00120287/2020-56. PARTES: DF/PMDF x BAHER INDUSTRIA E..."
cartões_eletrônicos_do_programa_de_alimentação_do_trabalhado_00_v2,False,0,N/A,"R$ 72.207.218,07","EXTRATO DO CONTRATO BRB Nº 105/2022
Contratada: Sodexo Pass do Brasil Serviços e Comércio S.A. Modal..."
a_prestação_de_serviços_especializados_de_lavanderia_para_ro_00_v2,False,0,N/A,"R$ 8.850,00","EXTRATO DO CONTRATO Nº 11/2022
Contratante: Tribunal de Contas do Distrito Federal - CNPJ nº 00.534...."
contratação_de_empresa_visando_a_implantação_de_quadras_de_a_00_v2,False,0,N/A,"R$ 1.348.346,95","EXTRATO DO CONTRATO DE EXECUÇÃO DE OBRAS N° 11/2022
Processo: 00220-00000504/2021-03. DAS PARTES: DI..."
aquisição_de_computadores_portáteis_notebooks_incluindo_dema_00_v2,False,0,N/A,"R$ 29.100,00","EXTRATO DO CONTRATO Nº 05/2021 Processo: 04006-00000050/2021-49 DAS PARTES: DF-PREVICOM, na qualidad..."
aquisição_de_cloro_gasoso_líquido_tanque_18_000_litros_itens_00_v2,False,0,N/A,"R$ 1.731.509,18",EXTRATO DE CONTRATO CONTRATO Nº 9344. ASSINATURA: 23/06/2021. Processo: 0009200013362202191. PE nº 7...
locação_de_veículos_leves_veículos_de_passeio_e_utilitários__00_v2,False,0,N/A,"R$ 5.634.975,90",EXTRATO DE CONTRATO CONTRATO Nº 9333. ASSINATURA: 08/06/2021. Processo 092.000664/2020. PE nº 107/20...
a_contratação_de_empresa_para_o_fornecimento_de_4_000_tonela_00_v2,False,0,N/A,"R$ 351.800,00",EXTRATO CONTRATUAL Processo: 00112-00036774/2019-57. ESPÉCIE: CONTRATO DE AQUISIÇÃO DE BENS D.A Nº 6...
aquisição_por_dispensa_de_licitação_de_frutas_verduras_e_leg_00_v2,False,0,N/A,"R$ 237.673,60",EXTRATO DE CONTRATO Processo: 00196-00000212/2021-99. DA ESPÉCIE: Contrato de Aquisição de Produtos ...
a_contratação_de_empresa_especializada_na_confecção_de_10_65_00_v2,False,0,N/A,"R$ 928.387,50",EXTRATO DO CONTRATO DE PRESTAÇÃO DE SERVIÇO N° 18/2021 Processo: 00220-00001360/2021-02. DAS PARTES:...
arrecadação_bancária_de_contas_faturas_de_água_e_esgoto_emit_00_v2,False,0,N/A,"R$ 132.615,15",EXTRATO DE CONTRATO CONTRATO Nº 9343. ASSINATURA: 23/06/2021. Processo: 0009200027315202048. Inexigi...
a_contratação_de_empresa_especializada_no_fornecimento_de_2__00_v2,False,0,N/A,"R$ 16.256,00",EXTRATO DO CONTRATO DE PRESTAÇÃO DE SERVIÇO N° 13/2021 Processo: 00220-00000824/2021-55. DAS PARTES:...
contratação_de_empresa_para_fornecimento_de_equipamentos_de__00_v2,False,0,N/A,"R$ 1.530.000,00","EXTRATO DE CONTRATO Processo: 00001-00009515/2020-07. CONTRATO-PG Nº 31/2021-NPLC, decorrente de Pre..."
contratação_de_empresa_para_execução_das_obras_da_interseção_00_v2,False,0,N/A,"R$ 24.695.106,58","EXTRATO DO CONTRATO Nº 20/2021, NOS TERMOS DO PADRÃO Nº 09/2002 Processo: 00110-00002310/2019-01 PAR..."
serviços_destinados_à_realização_de_ações_de_integração_orga_00_v2,False,0,N/A,"R$ 179.980,00",EXTRATO DE CONTRATO Contrato nº 9346. Assinatura: 28/06/2021. Processo 0009200005564202187. PE nº 76...
aquisição_de_ácido_fluossilícico_00_v2,False,0,N/A,"R$ 310.945,84",EXTRATO DE CONTRATO Contrato nº 9348. Assinatura: 28/06/2021. Processo 0009200004699202147. PE nº 43...
contratação_de_empresa_para_a_execução_de_restauração_de_cal_00_v2,False,0,N/A,"R$ 10.180.000,01",EXTRATO CONTRATUAL Processo: 00112-00023131/2019-43. Espécie: CONTRATO DE EMPREITADA DE OBRA DE ENGE...
aquisição_de_cloro_gasoso_e_válvula_00_v2,False,0,N/A,"R$ 705.141,46",EXTRATO DE CONTRATO Contrato nº 9349. ASSINATURA: 28/06/2021. Processo 0009200005353202175. PE nº 39...
prestação_de_serviços_de_sonorização_com_gravação_digital_de_00_v2,False,0,N/A,"R$ 247.320,00",EXTRATO DO CONTRATO DE PRESTAÇÃO DE SERVIÇOS Nº 04/2021 (*) Processo: 00390-00002357/2020-10. ESPÉCI...
aquisição_de_sulfato_de_alumínio_líquido_na_forma_do_sistema_00_v2,False,0,N/A,"R$ 4.471.698,00",EXTRATO DE CONTRATO Contrato nº 9347. Assinatura: 28/06/2021. Processo 0009200004376202113. PE nº 42...
o_contrato_tem_por_objeto_a_locação_de_imóvel_situado_no_set_00_v2,False,0,N/A,"R$ 13.500.000,00","EXTRATO DO CONTRATO Nº 15/2021 Processo: 04026-00017995/2021-25 - SEAPE, SIGGO nº 043629. Partes: o ..."
o_contrato_tem_como_objeto_a_locação_de_imóvel_situado_no_en_00_v2,False,0,N/A,"R$ 90.000,00",EXTRATO DO CONTRATO DE LOCAÇÃO DE IMÓVEL AO DISTRITO FEDERAL Nº 18/2021 - SIGGO Nº 43852 Processo: 0...
contratação_de_empresa_para_a_execução_de_restauração_de_cal_00_v2,False,0,N/A,"R$ 2.120.000,00",EXTRATO CONTRATUAL Processo: 00112-00023131/2019-43. Espécie: CONTRATO DE EMPREITADA DE OBRA DE ENGE...
serviços_a_serem_prestados_de_forma_continua_com_forneciment_00_v2,False,0,N/A,"R$ 133.119,00",EXTRATO DO CONTRATO DE PRESTAÇÃO DE SERVIÇOS Nº 07/2021 Processo: 04011-00001389/2020-85. PARTES: O ...
contratação_de_empresa_especializada_para_renovação_da_garan_00_v2,False,0,N/A,"R$ 42.044,00",EXTRATO DO CONTRATO CORRETORA SEGUROS BRB Nº 07/2021 Contratante: BRB ADMINISTRADORA E CORRETORA DE ...
contratação_de_serviço_especializado_em_projeções_de_preço_d_00_v2,False,0,N/A,"R$ 24.000,00",EXTRATO DE CONTRATO SIMPLIFICADO DE SERVIÇOS Nº 01/2021/SGN - CEB HOLDING Espécie: Contrato Simplifi...
adquirir_bens_permanentes_aparelhos_de_ar_condicionado_desti_00_v2,False,0,N/A,"R$ 19.799,98",EXTRATO DO CONTRATO PARA AQUISIÇÃO DE BENS PELO DISTRITO FEDERAL Nº 08/2021-SEJUS - SIGGO Nº 42975 P...
contratação_de_solução_tecnológica_licença_suporte_e_manuten_00_v2,False,0,N/A,"R$ 483.342,18",EXTRATO DO CONTRATO BRB Nº 124/2021 Contratante: BRB BANCO DE BRASÍLIA S/A. Contratada: CRK S/A. Mod...
prestação_de_serviços_especializados_em_encadernação_de_docu_00_v2,False,0,N/A,"R$ 44.640,00",EXTRATO DO CONTRATO CORRETORA SEGUROS BRB Nº 11/2021 Contratante: BRB ADMINISTRADORA E CORRETORA DE ...
serviço_de_manutenção_preventiva_corretiva_e_emergencial_nos_00_v2,False,0,N/A,"R$ 9.364.121,29",EXTRATO DE CONTRATO Contrato nº 9341. Assinatura: 21/06/2021. Processo 0009200044280202098. PE nº 33...
aquisição_de_2_duas_grades_mecanizadas_1_uma_rosca_transport_00_v2,False,0,N/A,"R$ 302.702,70",EXTRATO DE CONTRATO Contrato nº 9342. Assinatura: 21/06/2021. Processo 0009200028352202004. PE nº 20...
a_contratação_de_empresa_especializada_por_meio_de_rede_de_o_00_v2,False,0,N/A,"R$ 164.541,26","EXTRATO DE CONTRATO Processo: 00001-00041394/2020-80. CONTRATO-PG Nº 24/2021-NPLC, decorrente de Pre..."
contratação_de_serviço_de_suporte_e_manutenção_do_software_a_00_v2,False,0,N/A,"R$ 360.000,00",EXTRATO CONTRATUAL Processo: 00072-00002163/2018-57. Instrumento: Contrato nº 11/2021-GCONV Contrata...
serviço_de_suporte_garantias_e_atualizações_de_versão_da_sol_00_v2,False,0,N/A,"R$ 789.736,54",EXTRATO DE CONTRATO Contrato nº 9339. Assinatura: 21/06/2021. Processo 0009200019683202087. PE nº 80...
disponibilização_da_ferramenta_banco_de_preços_por_meio_de_a_00_v2,False,0,N/A,"R$ 29.625,00",EXTRATO DO CONTRATO DE PRESTAÇÃO DE SERVIÇOS Nº 08/2021 Processo: 04011-00000623/2021-38. PARTES: O ...
contratação_de_empresa_especializada_no_fornecimento_de_lice_00_v2,False,0,N/A,"R$ 526.160,00",EXTRATO DE CONTRATO CONTRATO 017/2021-CJU/CEB-H Espécie: Contratação de empresa especializada no for...
prestação_de_serviços_de_seguro_veicular_para_a_frota_da_def_00_v2,False,0,N/A,"R$ 7.600,00",EXTRATO DO CONTRATO Nº 14/2021 Processo: 00401-00023025/2018-13. Partes: DEFENSORIA PÚBLICA DO DISTR...
doação_de_100_cem_metros_de_tubo_cerâmico_dreno_pb_jne_dn_20_00_v2,False,0,N/A,"R$ 250,00",EXTRATO DE CONTRATO Contrato de Doação nº 01/2021. Assinatura 23/06/2021. Processo 00054-00047225/20...
o_presente_contrato_tem_por_objeto_a_aquisição_de_498_quatro_00_v2,False,0,N/A,"R$ 43.191,54",EXTRATO DO CONTRATO PARA AQUISIÇÃO DE BENS PELO DISTRITO FEDERAL Nº 20/2021 Processo: 00070-00001964...
fornecimento_de_acesso_à_sistema_informatizado_de_acervo_de__00_v2,False,0,N/A,"R$ 3.500,00",EXTRATO DE CONTRATO Contrato nº 9350. Assinatura: 25/06/2021. Processo 0009200013672202193.Inexigibi...
aquisição_de_04_mesas_de_som_analógica_e_suas_especificações_00_v2,False,0,N/A,"R$ 3.600,00","EXTRATO DO CONTRATO Nº 14/2021 Processo: 04026-00013588/2021-49, SIGGO Nº 043570. Partes: o Distrito..."
aquisição_de_aeronaves_tipo_quadricóptero_drone_visando_aten_00_v2,False,0,N/A,"R$ 101.664,64","EXTRATO DO CONTRATO DE AQUISIÇÃO DE BENS Nº 21/2021, NOS TERMOS DO PADRÃO Nº 07/2002, APROVADO PELO ..."
aquisição_e_instalação_de_membrana_de_alta_resistência_para__00_v2,False,0,N/A,"R$ 488.025,47",EXTRATO DE CONTRATO Contrato nº 9354. Assinatura: 05/07/2021. Processo 0009200009992202163. PE nº 69...
prestação_de_serviço_de_arrecadação_bancária_de_contas_fatur_00_v2,False,0,N/A,"R$ 18.831.360,00",EXTRATO DE CONTRATO Contrato nº 9355. Assinatura: 06/07/2021. Processo 0009200027315202048. Inexigib...
prestação_de_serviços_de_cobrança_pelo_brb_permitindo_ao_der_00_v2,False,0,N/A,"R$ 2.000,00",EXTRATO DE CONTRATO Nº 10/2021 Processo: 00113-00001799/2021-26. SIGGO: 043664. ESPÉCIE: Contrato nº...
a_contratação_emergencial_de_empresa_especializada_na_presta_00_v2,False,0,N/A,"R$ 34.165.129,80",EXTRATO DO CONTRATO EMERGENCIAL DE PRESTAÇÃO DE SERVIÇOS Nº 25/2021 Processo: 00080-00087930/2021-12...
o_contrato_tem_como_objeto_a_locação_de_imóvel_localizado_na_00_v2,False,0,N/A,"R$ 326.880,00",EXTRATO DO CONTRATO DE LOCAÇÃO DE IMÓVEL AO DISTRITO FEDERAL Nº 12/2021 - SIGGO Nº 43357 Processo: 0...
prestação_de_serviço_de_arrecadação_bancária_de_contas_fatur_00_v2,False,0,N/A,"R$ 4.989.648,00",EXTRATO DE CONTRATO CONTRATO Nº 9332. ASSINATURA: 01/06/2021. Processo 0009200020220202142. Inexigib...
contratação_de_empresa_especializada_para_serviços_de_fornec_00_v2,False,0,N/A,"R$ 25.605,00",EXTRATO DE CONTRATO Contrato nº 9356. Assinatura: 08/07/2021. Processo 0009200024476202105. Dispensa...
contratação_de_prestação_de_serviço_relativo_à_veiculação_pe_00_v2,False,0,N/A,"R$ 600.000,00",EXTRATO DE CONTRATO N° 14/2021 Espécie: Contrato nº 14/2021 - CJU/CEB-H. Partes: Companhia Energétic...
contratação_de_empresa_especializada_em_serviços_de_seguro_a_00_v2,False,0,N/A,"R$ 2.999,71",EXTRATO DE CONTRATO Espécie: Contrato de Prestação de Serviços nº 08/2021 que entre si celebram as C...
contratação_de_empresa_especializada_para_ministrar_cursos_d_00_v2,False,0,N/A,"R$ 56.400,00","EXTRATO DO CONTRATO DE PRESTAÇÃO DE SERVIÇOS Nº 32/2021- FSP/DF, NOS TERMOS DO PADRÃO Nº 03/2002, IN..."
contratação_de_empresa_especializada_de_engenharia_para_a_ex_00_v2,False,0,N/A,"R$ 9.600.150,98",EXTRATO CONTRATUAL Processo: 00112-00023391/2019-19. ESPÉCIE: CONTRATO DE EMPREITADA DE OBRA DE ENGE...
contratação_de_empresa_de_engenharia_para_execução_de_obra_d_00_v2,False,0,N/A,"R$ 362.162,17",EXTRATO CONTRATUAL Processo 00112-00036315/2019-73. ESPÉCIE: CONTRATO DE EMPREITADA DE OBRA DE ENGEN...
o_presente_contrato_tem_por_objeto_aquisição_por_dispensa_de_00_v2,False,0,N/A,"R$ 89.316,30",EXTRATO DO CONTRATO DE AQUISIÇÃO DE PRODUTOS DA AGRICULTURA FAMILIAR Nº 15/2021 Processo: 00070-0000...
contratação_de_empresa_especializada_para_conservação_manute_00_v2,False,0,N/A,"R$ 44.081,61",EXTRATO CONTRATUAL Processo: 00072-00000404/2021-29. Instrumento: Contrato nº 09/2021-GCONV Contrata...
fornecimento_de_material_e_mão_de_obra_especializada_para_in_00_v2,False,0,N/A,"R$ 46.576,00",EXTRATO DE CONTRATO SIMPLIFICADO CONTRATO SIMPLIFICADO 26/2021-CJU/CEB-H Espécie: Contrato Simplific...
contratação_emergencial_para_prestação_de_serviços_de_outsou_00_v2,False,0,N/A,"R$ 73.831,78",EXTRATO DO CONTRATO DE PRESTAÇÃO DE SERVIÇOS Nº 05/2021 Processo: 04017-00013410/2021-15. SIGGO Nº 0...
