texto,numero_contrato,processo_gdf,orgao_contratante,entidade_contratada,objeto_contrato,valor_contrato,unidade_orcamentaria,programa_trabalho,natureza_despesa,fonte_recurso,nota_empenho,data_assinatura_contrato,vigencia_contrato,cnpj_entidade_contratada,codigo_siggo,cnpj_orgao_contratante,nome_responsavel,valor_contrato_enriched,valor_contrato_norm,numero_contrato_norm,valor_contrato_norm_norm,objeto_contrato_norm,orgao_contratante_norm,entidade_contratada_norm,cnpj_entidade_contratada_norm,cnpj_orgao_contratante_norm,texto_norm,multi_anchor_matched,multi_anchor_score,multi_anchor_id_ato,multi_anchor_id_dodf,multi_anchor_reason,dados_incompletos
"Especie: Contrato no 715/2019 - CEB DISTRIBUICAO S.A. Partes: CEB Distribuicao S.A. e a Maurizio
& Cia Ltda. Processo no 310002314/2018, regido pela Lei 13.303/2016. Data de Assinatura: 08/05/2019.
Objeto: aquisicao de isolador de ancoragem. Vigencia: 8 meses. Valor: R$ 75.950,00. Assinaturas: pela
CEB Distribuicao: ARMANDO CASADO DE ARAUJO E GRAZIELA MARIA FERNANDES DAS
NEVES; e pela Contratada: BELCHIOR RODRIGUES DA SILVA.",715/2019,310002314/2018,CEB Distribuicao S.A.,"Maurizio
& Cia Ltda",aquisicao de isolador de ancoragem,"75.950,00",,,,,,08/05/2019,8 meses,,,,,"75.950,00","75.950,00",715/2019,"75.950,00",aquisicao de isolador de ancoragem,ceb distribuicao s.a.,maurizio & cia ltda,nan,nan,"especie: contrato no 715/2019 - ceb distribuicao s.a. partes: ceb distribuicao s.a. e a maurizio & cia ltda. processo no 310002314/2018, regido pela lei 13.303/2016. data de assinatura: 08/05/2019. objeto: aquisicao de isolador de ancoragem. vigencia: 8 meses. valor: r$ 75.950,00. assinaturas: pela ceb distribuicao: armando casado de araujo e graziela maria fernandes das neves; e pela contratada: belchior rodrigues da silva.",True,100.0,5_21.5.2019-R11,5_21.5.2019,match:numero_contrato,False
"Especie: Contrato no 716/2019 - CEB DISTRIBUICAO S.A. Partes: CEB Distribuicao S.A. e a Fenix
Acessorios Polimericos Eireli - EPP. Processo no 0310-002314/2018, regido pela Lei 13.303/2016. Data de
Assinatura: 08/05/2019. Objeto: aquisicao de grampos de ancoragem. Vigencia: 8 meses. Valor: R$
72.240,00. Assinaturas: pela CEB Distribuicao: ARMANDO CASADO DE ARAUJO E GRAZIELA
MARIA FERNANDES DAS NEVES; e pela Contratada: PATRICIA CASARIN DE LIMA.",716/2019,0310-002314/2018,CEB Distribuicao S.A.,"Fenix
Acessorios Polimericos Eireli - EPP",aquisicao de grampos de ancoragem,"72.240,00",,,,,,08/05/2019,8 meses,,,,,"72.240,00","72.240,00",716/2019,"72.240,00",aquisicao de grampos de ancoragem,ceb distribuicao s.a.,fenix acessorios polimericos eireli - epp,nan,nan,"especie: contrato no 716/2019 - ceb distribuicao s.a. partes: ceb distribuicao s.a. e a fenix acessorios polimericos eireli - epp. processo no 0310-002314/2018, regido pela lei 13.303/2016. data de assinatura: 08/05/2019. objeto: aquisicao de grampos de ancoragem. vigencia: 8 meses. valor: r$ 72.240,00. assinaturas: pela ceb distribuicao: armando casado de araujo e graziela maria fernandes das neves; e pela contratada: patricia casarin de lima.",True,100.0,5_21.5.2019-R12,5_21.5.2019,match:numero_contrato,False
"EXTRATOS DE CONTRATO
Especie: Contrato no 699/2019 - CEB DISTRIBUICAO S.A. Partes: CEB Distribuicao S.A e a Sulminas
Fios & Cabos Ltda. Processo no 310.000337/2018, regido pela Lei 13.303/20163. Data de Assinatura:
10/05/2019. Objeto: Aquisicao de Alcas Preformadas. Vigencia: 8 meses. Valor: R$ 18.285,00.
Assinaturas: pela CEB Distribuicao: ARMANDO CASADO DE ARAUJO E GRAZIELA MARIA
FERNANDES DAS NEVES; e pela Contratada: ADEMIR MACHADO.",699/2019,310.000337/2018,CEB Distribuicao S.A,"Sulminas
Fios & Cabos Ltda",Aquisicao de Alcas Preformadas,"18.285,00",,,,,,10/05/2019,8 meses,,,,,"18.285,00","18.285,00",699/2019,"18.285,00",aquisicao de alcas preformadas,ceb distribuicao s.a,sulminas fios & cabos ltda,nan,nan,"extratos de contrato especie: contrato no 699/2019 - ceb distribuicao s.a. partes: ceb distribuicao s.a e a sulminas fios & cabos ltda. processo no 310.000337/2018, regido pela lei 13.303/20163. data de assinatura: 10/05/2019. objeto: aquisicao de alcas preformadas. vigencia: 8 meses. valor: r$ 18.285,00. assinaturas: pela ceb distribuicao: armando casado de araujo e graziela maria fernandes das neves; e pela contratada: ademir machado.",True,100.0,5_21.5.2019-R4,5_21.5.2019,match:orgao_contratante,False
"EXTRATOS DE CONTRATO
Especie: Contrato no 699/2019 - CEB DISTRIBUICAO S.A. Partes: CEB Distribuicao S.A e a Sulminas
Fios & Cabos Ltda. Processo no 310.000337/2018, regido pela Lei 13.303/20163. Data de Assinatura:
10/05/2019. Objeto: Aquisicao de Alcas Preformadas. Vigencia: 8 meses. Valor: R$ 18.285,00.
Assinaturas: pela CEB Distribuicao: ARMANDO CASADO DE ARAUJO E GRAZIELA MARIA
FERNANDES DAS NEVES; e pela Contratada: ADEMIR MACHADO.",699/2019,310.000337/2018,CEB Distribuicao S.A,"Sulminas
Fios & Cabos Ltda",Aquisicao de Alcas Preformadas,"18.285,00",,,,,,10/05/2019,8 meses,,,,,"18.285,00","18.285,00",699/2019,"18.285,00",aquisicao de alcas preformadas,ceb distribuicao s.a,sulminas fios & cabos ltda,nan,nan,"extratos de contrato especie: contrato no 699/2019 - ceb distribuicao s.a. partes: ceb distribuicao s.a e a sulminas fios & cabos ltda. processo no 310.000337/2018, regido pela lei 13.303/20163. data de assinatura: 10/05/2019. objeto: aquisicao de alcas preformadas. vigencia: 8 meses. valor: r$ 18.285,00. assinaturas: pela ceb distribuicao: armando casado de araujo e graziela maria fernandes das neves; e pela contratada: ademir machado.",True,100.0,5_21.5.2019-R4,5_21.5.2019,match:orgao_contratante,False
"Especie: Contrato no 702/2019 - CEB DISTRIBUICAO S.A. Partes: CEB Distribuicao S.A. e a Industria
Eletromecanica Balestro Ltda. Processo no 310.000183/2018, regido pela Lei 13.303/2016. Data de
Assinatura: 07/05/2019. Objeto: aquisicao de para-raios. Vigencia: 8 meses. Valor: R$ 199.050,00.
Assinaturas: pela CEB Distribuicao: ARMANDO CASADO DE ARAUJO E GRAZIELA MARIA
FERNANDES DAS NEVES; e pela Contratada: MARCOS ALEX MORIGINO.",702/2019,310.000183/2018,CEB Distribuicao S.A.,"Industria
Eletromecanica Balestro Ltda",aquisicao de para-raios,"199.050,00",,,,,,07/05/2019,8 meses,,,,,"199.050,00","199.050,00",702/2019,"199.050,00",aquisicao de para-raios,ceb distribuicao s.a.,industria eletromecanica balestro ltda,nan,nan,"especie: contrato no 702/2019 - ceb distribuicao s.a. partes: ceb distribuicao s.a. e a industria eletromecanica balestro ltda. processo no 310.000183/2018, regido pela lei 13.303/2016. data de assinatura: 07/05/2019. objeto: aquisicao de para-raios. vigencia: 8 meses. valor: r$ 199.050,00. assinaturas: pela ceb distribuicao: armando casado de araujo e graziela maria fernandes das neves; e pela contratada: marcos alex morigino.",True,100.0,5_21.5.2019-R5,5_21.5.2019,match:orgao_contratante,False
"Especie: Contrato no 704/2019 - CEB DISTRIBUICAO S.A. Partes: CEB Distribuicao S.A. e a KRJ
Industria e Comercio Ltda. Processo no 0310-000298/2018, regido pela Lei 13.303/20163. Data de
Assinatura: 13/05/2019. Objeto: Aquisicao de Conector Terminal Compressao. Vigencia: 8 meses. Valor:
R$ 34.494,25. Assinaturas: pela CEB Distribuicao: ARMANDO CASADO DE ARAUJO E GRAZIELA
MARIA FERNANDES DAS NEVES; e pela Contratada: ROBERTO KARAM JR.",704/2019,0310-000298/2018,CEB Distribuicao S.A.,"KRJ
Industria e Comercio Ltda",Aquisicao de Conector Terminal Compressao,"34.494,25",,,,,,13/05/2019,8 meses,,,,,"34.494,25","34.494,25",704/2019,"34.494,25",aquisicao de conector terminal compressao,ceb distribuicao s.a.,krj industria e comercio ltda,nan,nan,"especie: contrato no 704/2019 - ceb distribuicao s.a. partes: ceb distribuicao s.a. e a krj industria e comercio ltda. processo no 0310-000298/2018, regido pela lei 13.303/20163. data de assinatura: 13/05/2019. objeto: aquisicao de conector terminal compressao. vigencia: 8 meses. valor: r$ 34.494,25. assinaturas: pela ceb distribuicao: armando casado de araujo e graziela maria fernandes das neves; e pela contratada: roberto karam jr.",True,100.0,5_21.5.2019-R6,5_21.5.2019,match:numero_contrato,False
"Especie: Contrato no 708/2019 - CEB DISTRIBUICAO S.A. Partes: CEB Distribuicao S.A. e a Sulminas
Fios & Cabos Ltda. Processo no 0310-001290/2018, regido pela Lei 13.303/2016. Data de Assinatura:
10/05/2019. Objeto: Aquisicao de Cabos de Aluminio. Vigencia: 8 meses. Valor: R$ 83.040,00.
Assinaturas: pela CEB Distribuicao: ARMANDO CASADO DE ARAUJO E GRAZIELA MARIA
FERNANDES DAS NEVES; e pela Contratada: ADEMIR MACHADO.",708/2019,0310-001290/2018,CEB Distribuicao S.A.,"Sulminas
Fios & Cabos Ltda",Aquisicao de Cabos de Aluminio,"83.040,00",,,,,,10/05/2019,8 meses,,,,,"83.040,00","83.040,00",708/2019,"83.040,00",aquisicao de cabos de aluminio,ceb distribuicao s.a.,sulminas fios & cabos ltda,nan,nan,"especie: contrato no 708/2019 - ceb distribuicao s.a. partes: ceb distribuicao s.a. e a sulminas fios & cabos ltda. processo no 0310-001290/2018, regido pela lei 13.303/2016. data de assinatura: 10/05/2019. objeto: aquisicao de cabos de aluminio. vigencia: 8 meses. valor: r$ 83.040,00. assinaturas: pela ceb distribuicao: armando casado de araujo e graziela maria fernandes das neves; e pela contratada: ademir machado.",True,100.0,5_21.5.2019-R7,5_21.5.2019,match:orgao_contratante,False
"Especie: Contrato no 709/2019 - CEB DISTRIBUICAO S.A. Partes: CEB Distribuicao S.A. e a Sulminas
Fios & Cabos Ltda. Processo no 310.002335/2018, regido pela Lei 13.303/20163. Data de Assinatura:
10/05/2019. Objeto: Aquisicao de Emendas Polimericas. Vigencia: 8 meses. Valor: R$ 87.154,00.
Assinaturas: pela CEB Distribuicao: ARMANDO CASADO DE ARAUJO E GRAZIELA MARIA
FERNANDES DAS NEVES; e pela Contratada: ADEMIR MACHADO.",709/2019,310.002335/2018,CEB Distribuicao S.A.,"Sulminas
Fios & Cabos Ltda",Aquisicao de Emendas Polimericas,"87.154,00",,,,,,10/05/2019,8 meses,,,,,"87.154,00","87.154,00",709/2019,"87.154,00",aquisicao de emendas polimericas,ceb distribuicao s.a.,sulminas fios & cabos ltda,nan,nan,"especie: contrato no 709/2019 - ceb distribuicao s.a. partes: ceb distribuicao s.a. e a sulminas fios & cabos ltda. processo no 310.002335/2018, regido pela lei 13.303/20163. data de assinatura: 10/05/2019. objeto: aquisicao de emendas polimericas. vigencia: 8 meses. valor: r$ 87.154,00. assinaturas: pela ceb distribuicao: armando casado de araujo e graziela maria fernandes das neves; e pela contratada: ademir machado.",True,100.0,5_21.5.2019-R8,5_21.5.2019,match:orgao_contratante,False
"Especie: Contrato no 710/2019 - CEB DISTRIBUICAO S.A. Partes: CEB Distribuicao S.A. e a Sulminas
Fios & Cabos Ltda. Processo no 0310-000168/2018, regido pela Lei 13.303/20163. Data de Assinatura:
10/05/2019. Objeto: Aquisicao de Conectores Tipo Parafuso. Vigencia: 8 meses. Valor: R$ 21.666,40.
Assinaturas: pela CEB Distribuicao: ARMANDO CASADO DE ARAUJO E GRAZIELA MARIA
FERNANDES DAS NEVES; e pela Contratada: ADEMIR MACHADO.",710/2019,0310-000168/2018,CEB Distribuicao S.A.,"Sulminas
Fios & Cabos Ltda",Aquisicao de Conectores Tipo Parafuso,"21.666,40",,,,,,10/05/2019,8 meses,,,,,"21.666,40","21.666,40",710/2019,"21.666,40",aquisicao de conectores tipo parafuso,ceb distribuicao s.a.,sulminas fios & cabos ltda,nan,nan,"especie: contrato no 710/2019 - ceb distribuicao s.a. partes: ceb distribuicao s.a. e a sulminas fios & cabos ltda. processo no 0310-000168/2018, regido pela lei 13.303/20163. data de assinatura: 10/05/2019. objeto: aquisicao de conectores tipo parafuso. vigencia: 8 meses. valor: r$ 21.666,40. assinaturas: pela ceb distribuicao: armando casado de araujo e graziela maria fernandes das neves; e pela contratada: ademir machado.",True,100.0,5_21.5.2019-R9,5_21.5.2019,match:numero_contrato,False
"Especie: Contrato no 715/2019 - CEB DISTRIBUICAO S.A. Partes: CEB Distribuicao S.A. e a Maurizio
& Cia Ltda. Processo no 310002314/2018, regido pela Lei 13.303/2016. Data de Assinatura: 08/05/2019.
Objeto: aquisicao de isolador de ancoragem. Vigencia: 8 meses. Valor: R$ 75.950,00. Assinaturas: pela
CEB Distribuicao: ARMANDO CASADO DE ARAUJO E GRAZIELA MARIA FERNANDES DAS
NEVES; e pela Contratada: BELCHIOR RODRIGUES DA SILVA.",715/2019,310002314/2018,CEB Distribuicao S.A.,"Maurizio
& Cia Ltda",aquisicao de isolador de ancoragem,"75.950,00",,,,,,08/05/2019,8 meses,,,,,"75.950,00","75.950,00",715/2019,"75.950,00",aquisicao de isolador de ancoragem,ceb distribuicao s.a.,maurizio & cia ltda,nan,nan,"especie: contrato no 715/2019 - ceb distribuicao s.a. partes: ceb distribuicao s.a. e a maurizio & cia ltda. processo no 310002314/2018, regido pela lei 13.303/2016. data de assinatura: 08/05/2019. objeto: aquisicao de isolador de ancoragem. vigencia: 8 meses. valor: r$ 75.950,00. assinaturas: pela ceb distribuicao: armando casado de araujo e graziela maria fernandes das neves; e pela contratada: belchior rodrigues da silva.",True,100.0,5_21.5.2019-R11,5_21.5.2019,match:numero_contrato,False
"Especie: Contrato no 716/2019 - CEB DISTRIBUICAO S.A. Partes: CEB Distribuicao S.A. e a Fenix
Acessorios Polimericos Eireli - EPP. Processo no 0310-002314/2018, regido pela Lei 13.303/2016. Data de
Assinatura: 08/05/2019. Objeto: aquisicao de grampos de ancoragem. Vigencia: 8 meses. Valor: R$
72.240,00. Assinaturas: pela CEB Distribuicao: ARMANDO CASADO DE ARAUJO E GRAZIELA
MARIA FERNANDES DAS NEVES; e pela Contratada: PATRICIA CASARIN DE LIMA.",716/2019,0310-002314/2018,CEB Distribuicao S.A.,"Fenix
Acessorios Polimericos Eireli - EPP",aquisicao de grampos de ancoragem,"72.240,00",,,,,,08/05/2019,8 meses,,,,,"72.240,00","72.240,00",716/2019,"72.240,00",aquisicao de grampos de ancoragem,ceb distribuicao s.a.,fenix acessorios polimericos eireli - epp,nan,nan,"especie: contrato no 716/2019 - ceb distribuicao s.a. partes: ceb distribuicao s.a. e a fenix acessorios polimericos eireli - epp. processo no 0310-002314/2018, regido pela lei 13.303/2016. data de assinatura: 08/05/2019. objeto: aquisicao de grampos de ancoragem. vigencia: 8 meses. valor: r$ 72.240,00. assinaturas: pela ceb distribuicao: armando casado de araujo e graziela maria fernandes das neves; e pela contratada: patricia casarin de lima.",True,100.0,5_21.5.2019-R12,5_21.5.2019,match:numero_contrato,False
"Especie: Contrato no 702/2019 - CEB DISTRIBUICAO S.A. Partes: CEB Distribuicao S.A. e a Industria
Eletromecanica Balestro Ltda. Processo no 310.000183/2018, regido pela Lei 13.303/2016. Data de
Assinatura: 07/05/2019. Objeto: aquisicao de para-raios. Vigencia: 8 meses. Valor: R$ 199.050,00.
Assinaturas: pela CEB Distribuicao: ARMANDO CASADO DE ARAUJO E GRAZIELA MARIA
FERNANDES DAS NEVES; e pela Contratada: MARCOS ALEX MORIGINO.",702/2019,310.000183/2018,CEB Distribuicao S.A.,"Industria
Eletromecanica Balestro Ltda",aquisicao de para-raios,"199.050,00",,,,,,07/05/2019,8 meses,,,,,"199.050,00","199.050,00",702/2019,"199.050,00",aquisicao de para-raios,ceb distribuicao s.a.,industria eletromecanica balestro ltda,nan,nan,"especie: contrato no 702/2019 - ceb distribuicao s.a. partes: ceb distribuicao s.a. e a industria eletromecanica balestro ltda. processo no 310.000183/2018, regido pela lei 13.303/2016. data de assinatura: 07/05/2019. objeto: aquisicao de para-raios. vigencia: 8 meses. valor: r$ 199.050,00. assinaturas: pela ceb distribuicao: armando casado de araujo e graziela maria fernandes das neves; e pela contratada: marcos alex morigino.",True,100.0,5_21.5.2019-R5,5_21.5.2019,match:orgao_contratante,False
"Especie: Contrato no 704/2019 - CEB DISTRIBUICAO S.A. Partes: CEB Distribuicao S.A. e a KRJ
Industria e Comercio Ltda. Processo no 0310-000298/2018, regido pela Lei 13.303/20163. Data de
Assinatura: 13/05/2019. Objeto: Aquisicao de Conector Terminal Compressao. Vigencia: 8 meses. Valor:
R$ 34.494,25. Assinaturas: pela CEB Distribuicao: ARMANDO CASADO DE ARAUJO E GRAZIELA
MARIA FERNANDES DAS NEVES; e pela Contratada: ROBERTO KARAM JR.",704/2019,0310-000298/2018,CEB Distribuicao S.A.,"KRJ
Industria e Comercio Ltda",Aquisicao de Conector Terminal Compressao,"34.494,25",,,,,,13/05/2019,8 meses,,,,,"34.494,25","34.494,25",704/2019,"34.494,25",aquisicao de conector terminal compressao,ceb distribuicao s.a.,krj industria e comercio ltda,nan,nan,"especie: contrato no 704/2019 - ceb distribuicao s.a. partes: ceb distribuicao s.a. e a krj industria e comercio ltda. processo no 0310-000298/2018, regido pela lei 13.303/20163. data de assinatura: 13/05/2019. objeto: aquisicao de conector terminal compressao. vigencia: 8 meses. valor: r$ 34.494,25. assinaturas: pela ceb distribuicao: armando casado de araujo e graziela maria fernandes das neves; e pela contratada: roberto karam jr.",True,100.0,5_21.5.2019-R6,5_21.5.2019,match:numero_contrato,False
"Especie: Contrato no 708/2019 - CEB DISTRIBUICAO S.A. Partes: CEB Distribuicao S.A. e a Sulminas
Fios & Cabos Ltda. Processo no 0310-001290/2018, regido pela Lei 13.303/2016. Data de Assinatura:
10/05/2019. Objeto: Aquisicao de Cabos de Aluminio. Vigencia: 8 meses. Valor: R$ 83.040,00.
Assinaturas: pela CEB Distribuicao: ARMANDO CASADO DE ARAUJO E GRAZIELA MARIA
FERNANDES DAS NEVES; e pela Contratada: ADEMIR MACHADO.",708/2019,0310-001290/2018,CEB Distribuicao S.A.,"Sulminas
Fios & Cabos Ltda",Aquisicao de Cabos de Aluminio,"83.040,00",,,,,,10/05/2019,8 meses,,,,,"83.040,00","83.040,00",708/2019,"83.040,00",aquisicao de cabos de aluminio,ceb distribuicao s.a.,sulminas fios & cabos ltda,nan,nan,"especie: contrato no 708/2019 - ceb distribuicao s.a. partes: ceb distribuicao s.a. e a sulminas fios & cabos ltda. processo no 0310-001290/2018, regido pela lei 13.303/2016. data de assinatura: 10/05/2019. objeto: aquisicao de cabos de aluminio. vigencia: 8 meses. valor: r$ 83.040,00. assinaturas: pela ceb distribuicao: armando casado de araujo e graziela maria fernandes das neves; e pela contratada: ademir machado.",True,100.0,5_21.5.2019-R7,5_21.5.2019,match:orgao_contratante,False
"Especie: Contrato no 709/2019 - CEB DISTRIBUICAO S.A. Partes: CEB Distribuicao S.A. e a Sulminas
Fios & Cabos Ltda. Processo no 310.002335/2018, regido pela Lei 13.303/20163. Data de Assinatura:
10/05/2019. Objeto: Aquisicao de Emendas Polimericas. Vigencia: 8 meses. Valor: R$ 87.154,00.
Assinaturas: pela CEB Distribuicao: ARMANDO CASADO DE ARAUJO E GRAZIELA MARIA
FERNANDES DAS NEVES; e pela Contratada: ADEMIR MACHADO.",709/2019,310.002335/2018,CEB Distribuicao S.A.,"Sulminas
Fios & Cabos Ltda",Aquisicao de Emendas Polimericas,"87.154,00",,,,,,10/05/2019,8 meses,,,,,"87.154,00","87.154,00",709/2019,"87.154,00",aquisicao de emendas polimericas,ceb distribuicao s.a.,sulminas fios & cabos ltda,nan,nan,"especie: contrato no 709/2019 - ceb distribuicao s.a. partes: ceb distribuicao s.a. e a sulminas fios & cabos ltda. processo no 310.002335/2018, regido pela lei 13.303/20163. data de assinatura: 10/05/2019. objeto: aquisicao de emendas polimericas. vigencia: 8 meses. valor: r$ 87.154,00. assinaturas: pela ceb distribuicao: armando casado de araujo e graziela maria fernandes das neves; e pela contratada: ademir machado.",True,100.0,5_21.5.2019-R8,5_21.5.2019,match:orgao_contratante,False
"Especie: Contrato no 710/2019 - CEB DISTRIBUICAO S.A. Partes: CEB Distribuicao S.A. e a Sulminas
Fios & Cabos Ltda. Processo no 0310-000168/2018, regido pela Lei 13.303/20163. Data de Assinatura:
10/05/2019. Objeto: Aquisicao de Conectores Tipo Parafuso. Vigencia: 8 meses. Valor: R$ 21.666,40.
Assinaturas: pela CEB Distribuicao: ARMANDO CASADO DE ARAUJO E GRAZIELA MARIA
FERNANDES DAS NEVES; e pela Contratada: ADEMIR MACHADO.",710/2019,0310-000168/2018,CEB Distribuicao S.A.,"Sulminas
Fios & Cabos Ltda",Aquisicao de Conectores Tipo Parafuso,"21.666,40",,,,,,10/05/2019,8 meses,,,,,"21.666,40","21.666,40",710/2019,"21.666,40",aquisicao de conectores tipo parafuso,ceb distribuicao s.a.,sulminas fios & cabos ltda,nan,nan,"especie: contrato no 710/2019 - ceb distribuicao s.a. partes: ceb distribuicao s.a. e a sulminas fios & cabos ltda. processo no 0310-000168/2018, regido pela lei 13.303/20163. data de assinatura: 10/05/2019. objeto: aquisicao de conectores tipo parafuso. vigencia: 8 meses. valor: r$ 21.666,40. assinaturas: pela ceb distribuicao: armando casado de araujo e graziela maria fernandes das neves; e pela contratada: ademir machado.",True,100.0,5_21.5.2019-R9,5_21.5.2019,match:numero_contrato,False
"EXTRATO DE CONTRATO Nº 05/2021
Processo: 04009-00000886/2021-69. DAS PARTES: SECRETARIA DE ESTADO DE TURISMO x MZ CONSTRUÇÃO E ADMINISTRAÇÃO DE OBRA LTDA. DO PROCEDIMENTO: O presente contrato obedece aos termos do Edital de Licitação nº 01/2021 -SETUR na modalidade Tomada de Preços (75000148), do tipo menor preço, bem como Termo de Referência (74616781), proposta de preços (76293223) e ditames da Lei nº 8.666 21.06.93 e correlatas. DO OBJETO: contratação de empresa especializada para criação e desenvolvimento de projetos de engenharia e complementares, para o seguinte espaço/equipamento turístico: Casa do artesão - Planaltina (St. Tradicional Q 53 - Planaltina, Brasília - DF); O espaço possui aproximadamente 1477 m² de área do terreno, conforme apresentado na Proposta de Revitalização da Casa do Artesão (65889796). DO VALOR: O valor total do contrato é de R$ 175.733,22 (cento e setenta e cinco mil, setecentos e trinta e três reais e vinte e dois centavos), procedente do Orçamento do Distrito Federal para o corrente exercício, nos termos da correspondente Lei Orçamentária Anual. DA DOTAÇÃO ORÇAMENTÁRIA: UG: 31.01.01, UO: 09.108; PT: 15.451.6209.1968.0058, ND: 33.90.39, Fonte: 100, Nota de Empenho nº 2021NE00476, emitida em 29/12/2021, sob o evento nº 400091, na modalidade global. DA VIGÊNCIA: O prazo de vigência contratual será de 12 (doze) meses, contados da sua assinatura, obtendo a eficácia após a publicação do seu extrato no Diário Oficial do Distrito Federal, prorrogáveis nos termos do art. 57, § 1º, da Lei Federal nº 8.666/93. DATA DE ASSINATURA: 31/12/2021. SIGNATÁRIOS: Pela Contratante: ANALICE MARIA MARÇAL DE LIMA, na qualidade de Subsecretária de Administração Geral, e pela Contratada: PAULO HENRIQUE MAZONI, na qualidade de Representante Legal.",05/2021,04009-00000886/2021-69,SECRETARIA DE ESTADO DE TURISMO,MZ CONSTRUÇÃO E ADMINISTRAÇÃO DE OBRA LTDA,"contratação de empresa especializada para criação e desenvolvimento de projetos de engenharia e complementares, para o seguinte espaço/equipamento turístico: Casa do artesão - Planaltina (St. Tradicional Q 53 - Planaltina, Brasília - DF); O espaço possui aproximadamente 1477 m² de área do terreno, conforme apresentado na Proposta de Revitalização da Casa do Artesão (65889796)","175.733,22",09.108,15.451.6209.1968.0058,33.90.39,100,2021NE00476,31/12/2021,"O prazo de vigência contratual será de 12 (doze) meses, contados da sua assinatura, obtendo a eficácia após a publicação do seu extrato no Diário Oficial do Distrito Federal, prorrogáveis nos termos do art. 57, § 1º, da Lei Federal nº 8.666/93",,,,,"175.733,22","175.733,22",05/2021,"175.733,22","contratacao de empresa especializada para criacao e desenvolvimento de projetos de engenharia e complementares, para o seguinte espaco/equipamento turistico: casa do artesao - planaltina (st. tradicional q 53 - planaltina, brasilia - df); o espaco possui aproximadamente 1477 m2 de area do terreno, conforme apresentado na proposta de revitalizacao da casa do artesao (65889796)",secretaria de estado de turismo,mz construcao e administracao de obra ltda,nan,nan,"extrato de contrato no 05/2021 processo: 04009-00000886/2021-69. das partes: secretaria de estado de turismo x mz construcao e administracao de obra ltda. do procedimento: o presente contrato obedece aos termos do edital de licitacao no 01/2021 -setur na modalidade tomada de precos (75000148), do tipo menor preco, bem como termo de referencia (74616781), proposta de precos (76293223) e ditames da lei no 8.666 21.06.93 e correlatas. do objeto: contratacao de empresa especializada para criacao e desenvolvimento de projetos de engenharia e complementares, para o seguinte espaco/equipamento turistico: casa do artesao - planaltina (st. tradicional q 53 - planaltina, brasilia - df); o espaco possui aproximadamente 1477 m2 de area do terreno, conforme apresentado na proposta de revitalizacao da casa do artesao (65889796). do valor: o valor total do contrato e de r$ 175.733,22 (cento e setenta e cinco mil, setecentos e trinta e tres reais e vinte e dois centavos), procedente do orcamento do distrito federal para o corrente exercicio, nos termos da correspondente lei orcamentaria anual. da dotacao orcamentaria: ug: 31.01.01, uo: 09.108; pt: 15.451.6209.1968.0058, nd: 33.90.39, fonte: 100, nota de empenho no 2021ne00476, emitida em 29/12/2021, sob o evento no 400091, na modalidade global. da vigencia: o prazo de vigencia contratual sera de 12 (doze) meses, contados da sua assinatura, obtendo a eficacia apos a publicacao do seu extrato no diario oficial do distrito federal, prorrogaveis nos termos do art. 57, § 1o, da lei federal no 8.666/93. data de assinatura: 31/12/2021. signatarios: pela contratante: analice maria marcal de lima, na qualidade de subsecretaria de administracao geral, e pela contratada: paulo henrique mazoni, na qualidade de representante legal.",True,92.98729983434566,634-R185,634,match:numero_contrato,False
"EXTRATO DE CONTRATO Nº 05/2021
Processo: 04009-00000886/2021-69. DAS PARTES: SECRETARIA DE ESTADO DE TURISMO x MZ CONSTRUÇÃO E ADMINISTRAÇÃO DE OBRA LTDA. DO PROCEDIMENTO: O presente contrato obedece aos termos do Edital de Licitação nº 01/2021 -SETUR na modalidade Tomada de Preços (75000148), do tipo menor preço, bem como Termo de Referência (74616781), proposta de preços (76293223) e ditames da Lei nº 8.666 21.06.93 e correlatas. DO OBJETO: contratação de empresa especializada para criação e desenvolvimento de projetos de engenharia e complementares, para o seguinte espaço/equipamento turístico: Casa do artesão - Planaltina (St. Tradicional Q 53 - Planaltina, Brasília - DF); O espaço possui aproximadamente 1477 m² de área do terreno, conforme apresentado na Proposta de Revitalização da Casa do Artesão (65889796). DO VALOR: O valor total do contrato é de R$ 175.733,22 (cento e setenta e cinco mil, setecentos e trinta e três reais e vinte e dois centavos), procedente do Orçamento do Distrito Federal para o corrente exercício, nos termos da correspondente Lei Orçamentária Anual. DA DOTAÇÃO ORÇAMENTÁRIA: UG: 31.01.01, UO: 09.108; PT: 15.451.6209.1968.0058, ND: 33.90.39, Fonte: 100, Nota de Empenho nº 2021NE00476, emitida em 29/12/2021, sob o evento nº 400091, na modalidade global. DA VIGÊNCIA: O prazo de vigência contratual será de 12 (doze) meses, contados da sua assinatura, obtendo a eficácia após a publicação do seu extrato no Diário Oficial do Distrito Federal, prorrogáveis nos termos do art. 57, § 1º, da Lei Federal nº 8.666/93. DATA DE ASSINATURA: 31/12/2021. SIGNATÁRIOS: Pela Contratante: ANALICE MARIA MARÇAL DE LIMA, na qualidade de Subsecretária de Administração Geral, e pela Contratada: PAULO HENRIQUE MAZONI, na qualidade de Representante Legal.",05/2021,04009-00000886/2021-69,SECRETARIA DE ESTADO DE TURISMO,MZ CONSTRUÇÃO E ADMINISTRAÇÃO DE OBRA LTDA,"contratação de empresa especializada para criação e desenvolvimento de projetos de engenharia e complementares, para o seguinte espaço/equipamento turístico: Casa do artesão - Planaltina (St. Tradicional Q 53 - Planaltina, Brasília - DF); O espaço possui aproximadamente 1477 m² de área do terreno, conforme apresentado na Proposta de Revitalização da Casa do Artesão (65889796)","175.733,22",09.108,15.451.6209.1968.0058,33.90.39,100,2021NE00476,31/12/2021,"O prazo de vigência contratual será de 12 (doze) meses, contados da sua assinatura, obtendo a eficácia após a publicação do seu extrato no Diário Oficial do Distrito Federal, prorrogáveis nos termos do art. 57, § 1º, da Lei Federal nº 8.666/93",,,,,"175.733,22","175.733,22",05/2021,"175.733,22","contratacao de empresa especializada para criacao e desenvolvimento de projetos de engenharia e complementares, para o seguinte espaco/equipamento turistico: casa do artesao - planaltina (st. tradicional q 53 - planaltina, brasilia - df); o espaco possui aproximadamente 1477 m2 de area do terreno, conforme apresentado na proposta de revitalizacao da casa do artesao (65889796)",secretaria de estado de turismo,mz construcao e administracao de obra ltda,nan,nan,"extrato de contrato no 05/2021 processo: 04009-00000886/2021-69. das partes: secretaria de estado de turismo x mz construcao e administracao de obra ltda. do procedimento: o presente contrato obedece aos termos do edital de licitacao no 01/2021 -setur na modalidade tomada de precos (75000148), do tipo menor preco, bem como termo de referencia (74616781), proposta de precos (76293223) e ditames da lei no 8.666 21.06.93 e correlatas. do objeto: contratacao de empresa especializada para criacao e desenvolvimento de projetos de engenharia e complementares, para o seguinte espaco/equipamento turistico: casa do artesao - planaltina (st. tradicional q 53 - planaltina, brasilia - df); o espaco possui aproximadamente 1477 m2 de area do terreno, conforme apresentado na proposta de revitalizacao da casa do artesao (65889796). do valor: o valor total do contrato e de r$ 175.733,22 (cento e setenta e cinco mil, setecentos e trinta e tres reais e vinte e dois centavos), procedente do orcamento do distrito federal para o corrente exercicio, nos termos da correspondente lei orcamentaria anual. da dotacao orcamentaria: ug: 31.01.01, uo: 09.108; pt: 15.451.6209.1968.0058, nd: 33.90.39, fonte: 100, nota de empenho no 2021ne00476, emitida em 29/12/2021, sob o evento no 400091, na modalidade global. da vigencia: o prazo de vigencia contratual sera de 12 (doze) meses, contados da sua assinatura, obtendo a eficacia apos a publicacao do seu extrato no diario oficial do distrito federal, prorrogaveis nos termos do art. 57, § 1o, da lei federal no 8.666/93. data de assinatura: 31/12/2021. signatarios: pela contratante: analice maria marcal de lima, na qualidade de subsecretaria de administracao geral, e pela contratada: paulo henrique mazoni, na qualidade de representante legal.",True,92.98729983434566,634-R185,634,match:numero_contrato,False
"EXTRATO DE CONTRATO Nº 45384/2021
Processo: 00367-00000405/2021-31. Contrato: nº 45384/2021 - RA-FERC decorrente da Carta-Convite nº 03/2021. Firmado entre o Distrito Federal, por intermédio da Administração Regional da Fercal e a empresa BALTAZAR MOURA ARQUITETURA E ENGENHARIA EIRELI, doravante denominada Contratada, CNPJ nº 21.705.564/0001-08, em 13/12/2021. Objeto: contratação de empresa especializada para construção de Quadra Poliesportiva na Comunidade do Lobeiral próximo a DF 326 - Fercal /DF, conforme especificações técnicas apresentadas no processo 00367-00000405/2021-31. Valor total do contrato: R$ 244.627,29 (duzentos e quarenta e quatro mil seiscentos e vinte e sete reais e vinte e nove centavos). Unidade Gestora 190133, gestão 00001, unidade orçamentária 09135, programa de trabalho 15.451.6209.1110.9935, fonte de recurso 100000000; natureza da despesa 44.90.51. Vigência de 180 dias, contados de sua assinatura, com eficácia a partir da data da publicação do seu extrato no DODF. Legislação: Lei nº 8.666/93 e suas alterações. Partes: Pela Contratante: FERNANDO GUSTAVO LIMA DA SILVA na qualidade de Administrador Regional; e pela Contratada: BALTAZAR FEITOSA DE MOURA na qualidade de Sócio Administrador.",45384/2021,00367-00000405/2021-31,RA-FERC,BALTAZAR MOURA ARQUITETURA E ENGENHARIA EIRELI,"contratação de empresa especializada para construção de Quadra Poliesportiva na Comunidade do Lobeiral próximo a DF 326 - Fercal /DF, conforme especificações técnicas apresentadas no processo 00367-00000405/2021-31","244.627,29",09135,15.451.6209.1110.9935,44.90.51,100000000,,13/12/2021,"Vigência de 180 dias, contados de sua assinatura, com eficácia a partir da data da publicação do seu extrato no DODF",21.705.564/0001-08,,,,"244.627,29","244.627,29",45384/2021,"244.627,29","contratacao de empresa especializada para construcao de quadra poliesportiva na comunidade do lobeiral proximo a df 326 - fercal /df, conforme especificacoes tecnicas apresentadas no processo 00367-00000405/2021-31",ra-ferc,baltazar moura arquitetura e engenharia eireli,21.705.564/0001-08,nan,"extrato de contrato no 45384/2021 processo: 00367-00000405/2021-31. contrato: no 45384/2021 - ra-ferc decorrente da carta-convite no 03/2021. firmado entre o distrito federal, por intermedio da administracao regional da fercal e a empresa baltazar moura arquitetura e engenharia eireli, doravante denominada contratada, cnpj no 21.705.564/0001-08, em 13/12/2021. objeto: contratacao de empresa especializada para construcao de quadra poliesportiva na comunidade do lobeiral proximo a df 326 - fercal /df, conforme especificacoes tecnicas apresentadas no processo 00367-00000405/2021-31. valor total do contrato: r$ 244.627,29 (duzentos e quarenta e quatro mil seiscentos e vinte e sete reais e vinte e nove centavos). unidade gestora 190133, gestao 00001, unidade orcamentaria 09135, programa de trabalho 15.451.6209.1110.9935, fonte de recurso 100000000; natureza da despesa 44.90.51. vigencia de 180 dias, contados de sua assinatura, com eficacia a partir da data da publicacao do seu extrato no dodf. legislacao: lei no 8.666/93 e suas alteracoes. partes: pela contratante: fernando gustavo lima da silva na qualidade de administrador regional; e pela contratada: baltazar feitosa de moura na qualidade de socio administrador.",True,94.69026548672566,634-R91,634,match:numero_contrato,False
"EXTRATO DE CONTRATO Nº 45400/2021
Processo: 00367-00000435/2021-47. Contrato: nº 45400/2021 - RA-FERC decorrente da Dispensa de Licitação (doc SEI 75903963). Firmado entre o Distrito Federal, por intermédio da Administração Regional da Fercal e a empresa FÊNIX INCORPORAÇÃO E SERVIÇOS LTDA, doravante denominada Contratada, CNPJ nº 27.548.454/0001-58, em 13/12/2021. Objeto: reforma dos banheiros na edificação da feira da Fercal/DF, conforme especificações técnicas apresentadas no processo 00367-00000435/2021-47. Valor total do contrato: R$ 96.843,20 (noventa e seis mil oitocentos e quarenta e três reais e vinte centavos). Unidade Gestora 190133, gestão 00001, unidade orçamentária 09135, programa de trabalho 15.451.6209.1110.9935, fonte de recurso 100000000; natureza da despesa 44.90.51. Vigência de 180 dias, contados de sua assinatura, com eficácia a partir da data da publicação do seu extrato no DODF. Legislação: Lei nº 8.666/93 e suas alterações. Partes: Pela Contratante: FERNANDO GUSTAVO LIMA DA SILVA na qualidade de Administrador Regional; e pela Contratada: ATER SOUSA RIOS JÚNIOR na qualidade de Sócio Administrador.",45400/2021,00367-00000435/2021-47,Administração Regional da Fercal,FÊNIX INCORPORAÇÃO E SERVIÇOS LTDA,"reforma dos banheiros na edificação da feira da Fercal/DF, conforme especificações técnicas apresentadas no processo 00367-00000435/2021-47","96.843,20",09135,15.451.6209.1110.9935,44.90.51,100000000,,13/12/2021,"Vigência de 180 dias, contados de sua assinatura, com eficácia a partir da data da publicação do seu extrato no DODF",27.548.454/0001-58,,,,"96.843,20","96.843,20",45400/2021,"96.843,20","reforma dos banheiros na edificacao da feira da fercal/df, conforme especificacoes tecnicas apresentadas no processo 00367-00000435/2021-47",administracao regional da fercal,fenix incorporacao e servicos ltda,27.548.454/0001-58,nan,"extrato de contrato no 45400/2021 processo: 00367-00000435/2021-47. contrato: no 45400/2021 - ra-ferc decorrente da dispensa de licitacao (doc sei 75903963). firmado entre o distrito federal, por intermedio da administracao regional da fercal e a empresa fenix incorporacao e servicos ltda, doravante denominada contratada, cnpj no 27.548.454/0001-58, em 13/12/2021. objeto: reforma dos banheiros na edificacao da feira da fercal/df, conforme especificacoes tecnicas apresentadas no processo 00367-00000435/2021-47. valor total do contrato: r$ 96.843,20 (noventa e seis mil oitocentos e quarenta e tres reais e vinte centavos). unidade gestora 190133, gestao 00001, unidade orcamentaria 09135, programa de trabalho 15.451.6209.1110.9935, fonte de recurso 100000000; natureza da despesa 44.90.51. vigencia de 180 dias, contados de sua assinatura, com eficacia a partir da data da publicacao do seu extrato no dodf. legislacao: lei no 8.666/93 e suas alteracoes. partes: pela contratante: fernando gustavo lima da silva na qualidade de administrador regional; e pela contratada: ater sousa rios junior na qualidade de socio administrador.",True,94.09722222222221,634-R92,634,match:numero_contrato,False
"EXTRATO DE CONTRATO Nº 45384/2021
Processo: 00367-00000405/2021-31. Contrato: nº 45384/2021 - RA-FERC decorrente da Carta-Convite nº 03/2021. Firmado entre o Distrito Federal, por intermédio da Administração Regional da Fercal e a empresa BALTAZAR MOURA ARQUITETURA E ENGENHARIA EIRELI, doravante denominada Contratada, CNPJ nº 21.705.564/0001-08, em 13/12/2021. Objeto: contratação de empresa especializada para construção de Quadra Poliesportiva na Comunidade do Lobeiral próximo a DF 326 - Fercal /DF, conforme especificações técnicas apresentadas no processo 00367-00000405/2021-31. Valor total do contrato: R$ 244.627,29 (duzentos e quarenta e quatro mil seiscentos e vinte e sete reais e vinte e nove centavos). Unidade Gestora 190133, gestão 00001, unidade orçamentária 09135, programa de trabalho 15.451.6209.1110.9935, fonte de recurso 100000000; natureza da despesa 44.90.51. Vigência de 180 dias, contados de sua assinatura, com eficácia a partir da data da publicação do seu extrato no DODF. Legislação: Lei nº 8.666/93 e suas alterações. Partes: Pela Contratante: FERNANDO GUSTAVO LIMA DA SILVA na qualidade de Administrador Regional; e pela Contratada: BALTAZAR FEITOSA DE MOURA na qualidade de Sócio Administrador.",45384/2021,00367-00000405/2021-31,Administração Regional da Fercal,BALTAZAR MOURA ARQUITETURA E ENGENHARIA EIRELI,"contratação de empresa especializada para construção de Quadra Poliesportiva na Comunidade do Lobeiral próximo a DF 326 - Fercal /DF, conforme especificações técnicas apresentadas no processo 00367-00000405/2021-31","244.627,29",09135,15.451.6209.1110.9935,44.90.51,100000000,,13/12/2021,"Vigência de 180 dias, contados de sua assinatura, com eficácia a partir da data da publicação do seu extrato no DODF",21.705.564/0001-08,,,,"244.627,29","244.627,29",45384/2021,"244.627,29","contratacao de empresa especializada para construcao de quadra poliesportiva na comunidade do lobeiral proximo a df 326 - fercal /df, conforme especificacoes tecnicas apresentadas no processo 00367-00000405/2021-31",administracao regional da fercal,baltazar moura arquitetura e engenharia eireli,21.705.564/0001-08,nan,"extrato de contrato no 45384/2021 processo: 00367-00000405/2021-31. contrato: no 45384/2021 - ra-ferc decorrente da carta-convite no 03/2021. firmado entre o distrito federal, por intermedio da administracao regional da fercal e a empresa baltazar moura arquitetura e engenharia eireli, doravante denominada contratada, cnpj no 21.705.564/0001-08, em 13/12/2021. objeto: contratacao de empresa especializada para construcao de quadra poliesportiva na comunidade do lobeiral proximo a df 326 - fercal /df, conforme especificacoes tecnicas apresentadas no processo 00367-00000405/2021-31. valor total do contrato: r$ 244.627,29 (duzentos e quarenta e quatro mil seiscentos e vinte e sete reais e vinte e nove centavos). unidade gestora 190133, gestao 00001, unidade orcamentaria 09135, programa de trabalho 15.451.6209.1110.9935, fonte de recurso 100000000; natureza da despesa 44.90.51. vigencia de 180 dias, contados de sua assinatura, com eficacia a partir da data da publicacao do seu extrato no dodf. legislacao: lei no 8.666/93 e suas alteracoes. partes: pela contratante: fernando gustavo lima da silva na qualidade de administrador regional; e pela contratada: baltazar feitosa de moura na qualidade de socio administrador.",True,94.69026548672566,634-R91,634,match:numero_contrato,False
"EXTRATO DE CONTRATO Nº 45400/2021
Processo: 00367-00000435/2021-47. Contrato: nº 45400/2021 - RA-FERC decorrente da Dispensa de Licitação (doc SEI 75903963). Firmado entre o Distrito Federal, por intermédio da Administração Regional da Fercal e a empresa FÊNIX INCORPORAÇÃO E SERVIÇOS LTDA, doravante denominada Contratada, CNPJ nº 27.548.454/0001-58, em 13/12/2021. Objeto: reforma dos banheiros na edificação da feira da Fercal/DF, conforme especificações técnicas apresentadas no processo 00367-00000435/2021-47. Valor total do contrato: R$ 96.843,20 (noventa e seis mil oitocentos e quarenta e três reais e vinte centavos). Unidade Gestora 190133, gestão 00001, unidade orçamentária 09135, programa de trabalho 15.451.6209.1110.9935, fonte de recurso 100000000; natureza da despesa 44.90.51. Vigência de 180 dias, contados de sua assinatura, com eficácia a partir da data da publicação do seu extrato no DODF. Legislação: Lei nº 8.666/93 e suas alterações. Partes: Pela Contratante: FERNANDO GUSTAVO LIMA DA SILVA na qualidade de Administrador Regional; e pela Contratada: ATER SOUSA RIOS JÚNIOR na qualidade de Sócio Administrador.",45400/2021,00367-00000435/2021-47,Administração Regional da Fercal,FÊNIX INCORPORAÇÃO E SERVIÇOS LTDA,"reforma dos banheiros na edificação da feira da Fercal/DF, conforme especificações técnicas apresentadas no processo 00367-00000435/2021-47","96.843,20",09135,15.451.6209.1110.9935,44.90.51,100000000,,13/12/2021,"Vigência de 180 dias, contados de sua assinatura, com eficácia a partir da data da publicação do seu extrato no DODF",27.548.454/0001-58,,,,"96.843,20","96.843,20",45400/2021,"96.843,20","reforma dos banheiros na edificacao da feira da fercal/df, conforme especificacoes tecnicas apresentadas no processo 00367-00000435/2021-47",administracao regional da fercal,fenix incorporacao e servicos ltda,27.548.454/0001-58,nan,"extrato de contrato no 45400/2021 processo: 00367-00000435/2021-47. contrato: no 45400/2021 - ra-ferc decorrente da dispensa de licitacao (doc sei 75903963). firmado entre o distrito federal, por intermedio da administracao regional da fercal e a empresa fenix incorporacao e servicos ltda, doravante denominada contratada, cnpj no 27.548.454/0001-58, em 13/12/2021. objeto: reforma dos banheiros na edificacao da feira da fercal/df, conforme especificacoes tecnicas apresentadas no processo 00367-00000435/2021-47. valor total do contrato: r$ 96.843,20 (noventa e seis mil oitocentos e quarenta e tres reais e vinte centavos). unidade gestora 190133, gestao 00001, unidade orcamentaria 09135, programa de trabalho 15.451.6209.1110.9935, fonte de recurso 100000000; natureza da despesa 44.90.51. vigencia de 180 dias, contados de sua assinatura, com eficacia a partir da data da publicacao do seu extrato no dodf. legislacao: lei no 8.666/93 e suas alteracoes. partes: pela contratante: fernando gustavo lima da silva na qualidade de administrador regional; e pela contratada: ater sousa rios junior na qualidade de socio administrador.",True,94.09722222222221,634-R92,634,match:numero_contrato,False
"EXTRATO DO CONTRATO Nº 02/2022, NOS TERMOS DO PADRÃO Nº 03/2002   PRESTAÇÃO DE SERVIÇO
Processo: 00052-00021780/2021-21   PARTES: Distrito Federal/Polícia Civil X Life Technologies Brasil Comércio e Indústria de Produtos para Biotecnologia Ltda. FUNDAMENTAÇÃO LEGAL: Projeto Básico (73377085-SEI), Proposta da Empresa (69135157-SEI), Parecer Jurídico nº 369/2021-PGDF/PGCONS (72997885-SEI), Justificativa de Inexigibilidade de Licitação (70017694, 70020944, 73377085, 73409026, 73411676 e 73528759-SEI), baseados no art. 25, inciso I, da Lei nº 8.666/93. OBJETO: Contratação de empresa especializada na prestação dos serviços de manutenção corretiva, com fornecimento de peças, para efetuar o conserto do equipamento Analisador Automático de DNA da marca Applied Biosystems, modelo 3500, número de série 29121-100, de propriedade da Polícia Civil do Distrito Federal (PCDF), alocado ao Instituto de Pesquisa de DNA Forense (IPDNA). VALOR TOTAL: R$ 13.225,02 (treze mil duzentos e vinte e cinco reais e dois centavos), sendo R$ 2.317,32 (dois mil trezentos e dezessete reais e trinta e dois centavos), referente a serviços, e R$ 10.907,70 (dez mil novecentos e sete reais e setenta centavos), referente a peças. DOTAÇÃO ORÇAMENTÁRIA: Unidade Orçamentária: 73901; Programa de Trabalho: 28.845.0903.00NR.0053; Naturezas da Despesa: 33.90.39.17 e 33.90.30.25. Fonte de Recursos: 100 (FCDF). NOTAS DE EMPENHO: 2022NE000051 e 2021NE000052. Data de Emissão: 11/01/2022. Valores: R$ 2.317,32 (dois mil trezentos e dezessete reais e trinta e dois centavos), referente a serviço, e R$ 10.907,70 (dez mil novecentos e sete reais e setenta centavos), referente a peças, respectivamente. Modalidade: Ordinário. PROCEDÊNCIA DOS RECURSOS: Lei Orçamentária da União nº 14.303, de 21 de janeiro de 2022, enquanto a parcela remanescente será custeada à conta de dotações a serem alocadas nos orçamentos seguintes. PRAZO DE VIGÊNCIA: O contrato terá vigência de 90 (noventa) dias corridos a contar da data de sua assinatura. DATA DE ASSINATURA: 17/02/2022. SIGNATÁRIOS: Pelo Distrito Federal: Robson Cândido da Silva, na qualidade de Delegado-Geral. Pela Contratada: Gustavo Arbex Avelar e Marcos Damian Caussi, na qualidade de Representantes Legais.",02/2022,00052-00021780/2021-21,Polícia Civil,Life Technologies Brasil Comércio e Indústria de Produtos para Biotecnologia Ltda.,"Contratação de empresa especializada na prestação dos serviços de manutenção corretiva, com fornecimento de peças, para efetuar o conserto do equipamento Analisador Automático de DNA da marca Applied Biosystems, modelo 3500, número de série 29121-100, de propriedade da Polícia Civil do Distrito Federal (PCDF), alocado ao Instituto de Pesquisa de DNA Forense (IPDNA).","13.225,02",73901,28.845.0903.00NR.0053,33.90.30.25,100,2021NE000052,17/02/2022,O contrato terá vigência de 90 (noventa) dias corridos a contar da data de sua assinatura.,,,,,"13.225,02","13.225,02",02/2022,"13.225,02","contratacao de empresa especializada na prestacao dos servicos de manutencao corretiva, com fornecimento de pecas, para efetuar o conserto do equipamento analisador automatico de dna da marca applied biosystems, modelo 3500, numero de serie 29121-100, de propriedade da policia civil do distrito federal (pcdf), alocado ao instituto de pesquisa de dna forense (ipdna).",policia civil,life technologies brasil comercio e industria de produtos para biotecnologia ltda.,nan,nan,"extrato do contrato no 02/2022, nos termos do padrao no 03/2002 prestacao de servico processo: 00052-00021780/2021-21 partes: distrito federal/policia civil x life technologies brasil comercio e industria de produtos para biotecnologia ltda. fundamentacao legal: projeto basico (73377085-sei), proposta da empresa (69135157-sei), parecer juridico no 369/2021-pgdf/pgcons (72997885-sei), justificativa de inexigibilidade de licitacao (70017694, 70020944, 73377085, 73409026, 73411676 e 73528759-sei), baseados no art. 25, inciso i, da lei no 8.666/93. objeto: contratacao de empresa especializada na prestacao dos servicos de manutencao corretiva, com fornecimento de pecas, para efetuar o conserto do equipamento analisador automatico de dna da marca applied biosystems, modelo 3500, numero de serie 29121-100, de propriedade da policia civil do distrito federal (pcdf), alocado ao instituto de pesquisa de dna forense (ipdna). valor total: r$ 13.225,02 (treze mil duzentos e vinte e cinco reais e dois centavos), sendo r$ 2.317,32 (dois mil trezentos e dezessete reais e trinta e dois centavos), referente a servicos, e r$ 10.907,70 (dez mil novecentos e sete reais e setenta centavos), referente a pecas. dotacao orcamentaria: unidade orcamentaria: 73901; programa de trabalho: 28.845.0903.00nr.0053; naturezas da despesa: 33.90.39.17 e 33.90.30.25. fonte de recursos: 100 (fcdf). notas de empenho: 2022ne000051 e 2021ne000052. data de emissao: 11/01/2022. valores: r$ 2.317,32 (dois mil trezentos e dezessete reais e trinta e dois centavos), referente a servico, e r$ 10.907,70 (dez mil novecentos e sete reais e setenta centavos), referente a pecas, respectivamente. modalidade: ordinario. procedencia dos recursos: lei orcamentaria da uniao no 14.303, de 21 de janeiro de 2022, enquanto a parcela remanescente sera custeada a conta de dotacoes a serem alocadas nos orcamentos seguintes. prazo de vigencia: o contrato tera vigencia de 90 (noventa) dias corridos a contar da data de sua assinatura. data de assinatura: 17/02/2022. signatarios: pelo distrito federal: robson candido da silva, na qualidade de delegado-geral. pela contratada: gustavo arbex avelar e marcos damian caussi, na qualidade de representantes legais.",True,93.17073170731706,639-R95,639,match:numero_contrato,False
"EXTRATO DO CONTRATO Nº 02/2022, NOS TERMOS DO PADRÃO Nº 03/2002   PRESTAÇÃO DE SERVIÇO
Processo: 00052-00021780/2021-21   PARTES: Distrito Federal/Polícia Civil X Life Technologies Brasil Comércio e Indústria de Produtos para Biotecnologia Ltda. FUNDAMENTAÇÃO LEGAL: Projeto Básico (73377085-SEI), Proposta da Empresa (69135157-SEI), Parecer Jurídico nº 369/2021-PGDF/PGCONS (72997885-SEI), Justificativa de Inexigibilidade de Licitação (70017694, 70020944, 73377085, 73409026, 73411676 e 73528759-SEI), baseados no art. 25, inciso I, da Lei nº 8.666/93. OBJETO: Contratação de empresa especializada na prestação dos serviços de manutenção corretiva, com fornecimento de peças, para efetuar o conserto do equipamento Analisador Automático de DNA da marca Applied Biosystems, modelo 3500, número de série 29121-100, de propriedade da Polícia Civil do Distrito Federal (PCDF), alocado ao Instituto de Pesquisa de DNA Forense (IPDNA). VALOR TOTAL: R$ 13.225,02 (treze mil duzentos e vinte e cinco reais e dois centavos), sendo R$ 2.317,32 (dois mil trezentos e dezessete reais e trinta e dois centavos), referente a serviços, e R$ 10.907,70 (dez mil novecentos e sete reais e setenta centavos), referente a peças. DOTAÇÃO ORÇAMENTÁRIA: Unidade Orçamentária: 73901; Programa de Trabalho: 28.845.0903.00NR.0053; Naturezas da Despesa: 33.90.39.17 e 33.90.30.25. Fonte de Recursos: 100 (FCDF). NOTAS DE EMPENHO: 2022NE000051 e 2021NE000052. Data de Emissão: 11/01/2022. Valores: R$ 2.317,32 (dois mil trezentos e dezessete reais e trinta e dois centavos), referente a serviço, e R$ 10.907,70 (dez mil novecentos e sete reais e setenta centavos), referente a peças, respectivamente. Modalidade: Ordinário. PROCEDÊNCIA DOS RECURSOS: Lei Orçamentária da União nº 14.303, de 21 de janeiro de 2022, enquanto a parcela remanescente será custeada à conta de dotações a serem alocadas nos orçamentos seguintes. PRAZO DE VIGÊNCIA: O contrato terá vigência de 90 (noventa) dias corridos a contar da data de sua assinatura. DATA DE ASSINATURA: 17/02/2022. SIGNATÁRIOS: Pelo Distrito Federal: Robson Cândido da Silva, na qualidade de Delegado-Geral. Pela Contratada: Gustavo Arbex Avelar e Marcos Damian Caussi, na qualidade de Representantes Legais.",02/2022,00052-00021780/2021-21,Polícia Civil,Life Technologies Brasil Comércio e Indústria de Produtos para Biotecnologia Ltda,"Contratação de empresa especializada na prestação dos serviços de manutenção corretiva, com fornecimento de peças, para efetuar o conserto do equipamento Analisador Automático de DNA da marca Applied Biosystems, modelo 3500, número de série 29121-100, de propriedade da Polícia Civil do Distrito Federal (PCDF), alocado ao Instituto de Pesquisa de DNA Forense (IPDNA)","13.225,02",73901,28.845.0903.00NR.0053;,33.90.30.25,100,2021NE000052,17/02/2022,O contrato terá vigência de 90 (noventa) dias corridos a contar da data de sua assinatura.,,,,,"13.225,02","13.225,02",02/2022,"13.225,02","contratacao de empresa especializada na prestacao dos servicos de manutencao corretiva, com fornecimento de pecas, para efetuar o conserto do equipamento analisador automatico de dna da marca applied biosystems, modelo 3500, numero de serie 29121-100, de propriedade da policia civil do distrito federal (pcdf), alocado ao instituto de pesquisa de dna forense (ipdna)",policia civil,life technologies brasil comercio e industria de produtos para biotecnologia ltda,nan,nan,"extrato do contrato no 02/2022, nos termos do padrao no 03/2002 prestacao de servico processo: 00052-00021780/2021-21 partes: distrito federal/policia civil x life technologies brasil comercio e industria de produtos para biotecnologia ltda. fundamentacao legal: projeto basico (73377085-sei), proposta da empresa (69135157-sei), parecer juridico no 369/2021-pgdf/pgcons (72997885-sei), justificativa de inexigibilidade de licitacao (70017694, 70020944, 73377085, 73409026, 73411676 e 73528759-sei), baseados no art. 25, inciso i, da lei no 8.666/93. objeto: contratacao de empresa especializada na prestacao dos servicos de manutencao corretiva, com fornecimento de pecas, para efetuar o conserto do equipamento analisador automatico de dna da marca applied biosystems, modelo 3500, numero de serie 29121-100, de propriedade da policia civil do distrito federal (pcdf), alocado ao instituto de pesquisa de dna forense (ipdna). valor total: r$ 13.225,02 (treze mil duzentos e vinte e cinco reais e dois centavos), sendo r$ 2.317,32 (dois mil trezentos e dezessete reais e trinta e dois centavos), referente a servicos, e r$ 10.907,70 (dez mil novecentos e sete reais e setenta centavos), referente a pecas. dotacao orcamentaria: unidade orcamentaria: 73901; programa de trabalho: 28.845.0903.00nr.0053; naturezas da despesa: 33.90.39.17 e 33.90.30.25. fonte de recursos: 100 (fcdf). notas de empenho: 2022ne000051 e 2021ne000052. data de emissao: 11/01/2022. valores: r$ 2.317,32 (dois mil trezentos e dezessete reais e trinta e dois centavos), referente a servico, e r$ 10.907,70 (dez mil novecentos e sete reais e setenta centavos), referente a pecas, respectivamente. modalidade: ordinario. procedencia dos recursos: lei orcamentaria da uniao no 14.303, de 21 de janeiro de 2022, enquanto a parcela remanescente sera custeada a conta de dotacoes a serem alocadas nos orcamentos seguintes. prazo de vigencia: o contrato tera vigencia de 90 (noventa) dias corridos a contar da data de sua assinatura. data de assinatura: 17/02/2022. signatarios: pelo distrito federal: robson candido da silva, na qualidade de delegado-geral. pela contratada: gustavo arbex avelar e marcos damian caussi, na qualidade de representantes legais.",True,93.17073170731706,639-R95,639,match:numero_contrato,False
"EXTRATO DO CONTRATO Nº 02/2022, NOS TERMOS DO PADRÃO Nº 03/2002   PRESTAÇÃO DE SERVIÇO
Processo: 00052-00021780/2021-21   PARTES: Distrito Federal/Polícia Civil X Life Technologies Brasil Comércio e Indústria de Produtos para Biotecnologia Ltda. FUNDAMENTAÇÃO LEGAL: Projeto Básico (73377085-SEI), Proposta da Empresa (69135157-SEI), Parecer Jurídico nº 369/2021-PGDF/PGCONS (72997885-SEI), Justificativa de Inexigibilidade de Licitação (70017694, 70020944, 73377085, 73409026, 73411676 e 73528759-SEI), baseados no art. 25, inciso I, da Lei nº 8.666/93. OBJETO: Contratação de empresa especializada na prestação dos serviços de manutenção corretiva, com fornecimento de peças, para efetuar o conserto do equipamento Analisador Automático de DNA da marca Applied Biosystems, modelo 3500, número de série 29121-100, de propriedade da Polícia Civil do Distrito Federal (PCDF), alocado ao Instituto de Pesquisa de DNA Forense (IPDNA). VALOR TOTAL: R$ 13.225,02 (treze mil duzentos e vinte e cinco reais e dois centavos), sendo R$ 2.317,32 (dois mil trezentos e dezessete reais e trinta e dois centavos), referente a serviços, e R$ 10.907,70 (dez mil novecentos e sete reais e setenta centavos), referente a peças. DOTAÇÃO ORÇAMENTÁRIA: Unidade Orçamentária: 73901; Programa de Trabalho: 28.845.0903.00NR.0053; Naturezas da Despesa: 33.90.39.17 e 33.90.30.25. Fonte de Recursos: 100 (FCDF). NOTAS DE EMPENHO: 2022NE000051 e 2021NE000052. Data de Emissão: 11/01/2022. Valores: R$ 2.317,32 (dois mil trezentos e dezessete reais e trinta e dois centavos), referente a serviço, e R$ 10.907,70 (dez mil novecentos e sete reais e setenta centavos), referente a peças, respectivamente. Modalidade: Ordinário. PROCEDÊNCIA DOS RECURSOS: Lei Orçamentária da União nº 14.303, de 21 de janeiro de 2022, enquanto a parcela remanescente será custeada à conta de dotações a serem alocadas nos orçamentos seguintes. PRAZO DE VIGÊNCIA: O contrato terá vigência de 90 (noventa) dias corridos a contar da data de sua assinatura. DATA DE ASSINATURA: 17/02/2022. SIGNATÁRIOS: Pelo Distrito Federal: Robson Cândido da Silva, na qualidade de Delegado-Geral. Pela Contratada: Gustavo Arbex Avelar e Marcos Damian Caussi, na qualidade de Representantes Legais.",02/2022,00052-00021780/2021-21,Polícia Civil,Life Technologies Brasil Comércio e Indústria de Produtos para Biotecnologia Ltda.,"Contratação de empresa especializada na prestação dos serviços de manutenção corretiva, com fornecimento de peças, para efetuar o conserto do equipamento Analisador Automático de DNA da marca Applied Biosystems, modelo 3500, número de série 29121-100, de propriedade da Polícia Civil do Distrito Federal (PCDF), alocado ao Instituto de Pesquisa de DNA Forense (IPDNA).","13.225,02",73901,28.845.0903.00NR.0053,33.90.30.25,100,2021NE000052,17/02/2022,O contrato terá vigência de 90 (noventa) dias corridos a contar da data de sua assinatura.,,,,,"13.225,02","13.225,02",02/2022,"13.225,02","contratacao de empresa especializada na prestacao dos servicos de manutencao corretiva, com fornecimento de pecas, para efetuar o conserto do equipamento analisador automatico de dna da marca applied biosystems, modelo 3500, numero de serie 29121-100, de propriedade da policia civil do distrito federal (pcdf), alocado ao instituto de pesquisa de dna forense (ipdna).",policia civil,life technologies brasil comercio e industria de produtos para biotecnologia ltda.,nan,nan,"extrato do contrato no 02/2022, nos termos do padrao no 03/2002 prestacao de servico processo: 00052-00021780/2021-21 partes: distrito federal/policia civil x life technologies brasil comercio e industria de produtos para biotecnologia ltda. fundamentacao legal: projeto basico (73377085-sei), proposta da empresa (69135157-sei), parecer juridico no 369/2021-pgdf/pgcons (72997885-sei), justificativa de inexigibilidade de licitacao (70017694, 70020944, 73377085, 73409026, 73411676 e 73528759-sei), baseados no art. 25, inciso i, da lei no 8.666/93. objeto: contratacao de empresa especializada na prestacao dos servicos de manutencao corretiva, com fornecimento de pecas, para efetuar o conserto do equipamento analisador automatico de dna da marca applied biosystems, modelo 3500, numero de serie 29121-100, de propriedade da policia civil do distrito federal (pcdf), alocado ao instituto de pesquisa de dna forense (ipdna). valor total: r$ 13.225,02 (treze mil duzentos e vinte e cinco reais e dois centavos), sendo r$ 2.317,32 (dois mil trezentos e dezessete reais e trinta e dois centavos), referente a servicos, e r$ 10.907,70 (dez mil novecentos e sete reais e setenta centavos), referente a pecas. dotacao orcamentaria: unidade orcamentaria: 73901; programa de trabalho: 28.845.0903.00nr.0053; naturezas da despesa: 33.90.39.17 e 33.90.30.25. fonte de recursos: 100 (fcdf). notas de empenho: 2022ne000051 e 2021ne000052. data de emissao: 11/01/2022. valores: r$ 2.317,32 (dois mil trezentos e dezessete reais e trinta e dois centavos), referente a servico, e r$ 10.907,70 (dez mil novecentos e sete reais e setenta centavos), referente a pecas, respectivamente. modalidade: ordinario. procedencia dos recursos: lei orcamentaria da uniao no 14.303, de 21 de janeiro de 2022, enquanto a parcela remanescente sera custeada a conta de dotacoes a serem alocadas nos orcamentos seguintes. prazo de vigencia: o contrato tera vigencia de 90 (noventa) dias corridos a contar da data de sua assinatura. data de assinatura: 17/02/2022. signatarios: pelo distrito federal: robson candido da silva, na qualidade de delegado-geral. pela contratada: gustavo arbex avelar e marcos damian caussi, na qualidade de representantes legais.",True,93.17073170731706,639-R95,639,match:numero_contrato,False
"EXTRATO DO CONTRATO Nº 02/2022, NOS TERMOS DO PADRÃO Nº 03/2002   PRESTAÇÃO DE SERVIÇO
Processo: 00052-00021780/2021-21   PARTES: Distrito Federal/Polícia Civil X Life Technologies Brasil Comércio e Indústria de Produtos para Biotecnologia Ltda. FUNDAMENTAÇÃO LEGAL: Projeto Básico (73377085-SEI), Proposta da Empresa (69135157-SEI), Parecer Jurídico nº 369/2021-PGDF/PGCONS (72997885-SEI), Justificativa de Inexigibilidade de Licitação (70017694, 70020944, 73377085, 73409026, 73411676 e 73528759-SEI), baseados no art. 25, inciso I, da Lei nº 8.666/93. OBJETO: Contratação de empresa especializada na prestação dos serviços de manutenção corretiva, com fornecimento de peças, para efetuar o conserto do equipamento Analisador Automático de DNA da marca Applied Biosystems, modelo 3500, número de série 29121-100, de propriedade da Polícia Civil do Distrito Federal (PCDF), alocado ao Instituto de Pesquisa de DNA Forense (IPDNA). VALOR TOTAL: R$ 13.225,02 (treze mil duzentos e vinte e cinco reais e dois centavos), sendo R$ 2.317,32 (dois mil trezentos e dezessete reais e trinta e dois centavos), referente a serviços, e R$ 10.907,70 (dez mil novecentos e sete reais e setenta centavos), referente a peças. DOTAÇÃO ORÇAMENTÁRIA: Unidade Orçamentária: 73901; Programa de Trabalho: 28.845.0903.00NR.0053; Naturezas da Despesa: 33.90.39.17 e 33.90.30.25. Fonte de Recursos: 100 (FCDF). NOTAS DE EMPENHO: 2022NE000051 e 2021NE000052. Data de Emissão: 11/01/2022. Valores: R$ 2.317,32 (dois mil trezentos e dezessete reais e trinta e dois centavos), referente a serviço, e R$ 10.907,70 (dez mil novecentos e sete reais e setenta centavos), referente a peças, respectivamente. Modalidade: Ordinário. PROCEDÊNCIA DOS RECURSOS: Lei Orçamentária da União nº 14.303, de 21 de janeiro de 2022, enquanto a parcela remanescente será custeada à conta de dotações a serem alocadas nos orçamentos seguintes. PRAZO DE VIGÊNCIA: O contrato terá vigência de 90 (noventa) dias corridos a contar da data de sua assinatura. DATA DE ASSINATURA: 17/02/2022. SIGNATÁRIOS: Pelo Distrito Federal: Robson Cândido da Silva, na qualidade de Delegado-Geral. Pela Contratada: Gustavo Arbex Avelar e Marcos Damian Caussi, na qualidade de Representantes Legais.",02/2022,00052-00021780/2021-21,Polícia Civil,Life Technologies Brasil Comércio e Indústria de Produtos para Biotecnologia Ltda,"Contratação de empresa especializada na prestação dos serviços de manutenção corretiva, com fornecimento de peças, para efetuar o conserto do equipamento Analisador Automático de DNA da marca Applied Biosystems, modelo 3500, número de série 29121-100, de propriedade da Polícia Civil do Distrito Federal (PCDF), alocado ao Instituto de Pesquisa de DNA Forense (IPDNA).","13.225,02",73901,28.845.0903.00NR.0053,33.90.30.25,100,2021NE000052,17/02/2022,O contrato terá vigência de 90 (noventa) dias corridos a contar da data de sua assinatura.,,,,,"13.225,02","13.225,02",02/2022,"13.225,02","contratacao de empresa especializada na prestacao dos servicos de manutencao corretiva, com fornecimento de pecas, para efetuar o conserto do equipamento analisador automatico de dna da marca applied biosystems, modelo 3500, numero de serie 29121-100, de propriedade da policia civil do distrito federal (pcdf), alocado ao instituto de pesquisa de dna forense (ipdna).",policia civil,life technologies brasil comercio e industria de produtos para biotecnologia ltda,nan,nan,"extrato do contrato no 02/2022, nos termos do padrao no 03/2002 prestacao de servico processo: 00052-00021780/2021-21 partes: distrito federal/policia civil x life technologies brasil comercio e industria de produtos para biotecnologia ltda. fundamentacao legal: projeto basico (73377085-sei), proposta da empresa (69135157-sei), parecer juridico no 369/2021-pgdf/pgcons (72997885-sei), justificativa de inexigibilidade de licitacao (70017694, 70020944, 73377085, 73409026, 73411676 e 73528759-sei), baseados no art. 25, inciso i, da lei no 8.666/93. objeto: contratacao de empresa especializada na prestacao dos servicos de manutencao corretiva, com fornecimento de pecas, para efetuar o conserto do equipamento analisador automatico de dna da marca applied biosystems, modelo 3500, numero de serie 29121-100, de propriedade da policia civil do distrito federal (pcdf), alocado ao instituto de pesquisa de dna forense (ipdna). valor total: r$ 13.225,02 (treze mil duzentos e vinte e cinco reais e dois centavos), sendo r$ 2.317,32 (dois mil trezentos e dezessete reais e trinta e dois centavos), referente a servicos, e r$ 10.907,70 (dez mil novecentos e sete reais e setenta centavos), referente a pecas. dotacao orcamentaria: unidade orcamentaria: 73901; programa de trabalho: 28.845.0903.00nr.0053; naturezas da despesa: 33.90.39.17 e 33.90.30.25. fonte de recursos: 100 (fcdf). notas de empenho: 2022ne000051 e 2021ne000052. data de emissao: 11/01/2022. valores: r$ 2.317,32 (dois mil trezentos e dezessete reais e trinta e dois centavos), referente a servico, e r$ 10.907,70 (dez mil novecentos e sete reais e setenta centavos), referente a pecas, respectivamente. modalidade: ordinario. procedencia dos recursos: lei orcamentaria da uniao no 14.303, de 21 de janeiro de 2022, enquanto a parcela remanescente sera custeada a conta de dotacoes a serem alocadas nos orcamentos seguintes. prazo de vigencia: o contrato tera vigencia de 90 (noventa) dias corridos a contar da data de sua assinatura. data de assinatura: 17/02/2022. signatarios: pelo distrito federal: robson candido da silva, na qualidade de delegado-geral. pela contratada: gustavo arbex avelar e marcos damian caussi, na qualidade de representantes legais.",True,93.17073170731706,639-R95,639,match:numero_contrato,False
"EXTRATO DO CONTRATO Nº 02/2022, NOS TERMOS DO PADRÃO Nº 03/2002   PRESTAÇÃO DE SERVIÇO
Processo: 00052-00021780/2021-21   PARTES: Distrito Federal/Polícia Civil X Life Technologies Brasil Comércio e Indústria de Produtos para Biotecnologia Ltda. FUNDAMENTAÇÃO LEGAL: Projeto Básico (73377085-SEI), Proposta da Empresa (69135157-SEI), Parecer Jurídico nº 369/2021-PGDF/PGCONS (72997885-SEI), Justificativa de Inexigibilidade de Licitação (70017694, 70020944, 73377085, 73409026, 73411676 e 73528759-SEI), baseados no art. 25, inciso I, da Lei nº 8.666/93. OBJETO: Contratação de empresa especializada na prestação dos serviços de manutenção corretiva, com fornecimento de peças, para efetuar o conserto do equipamento Analisador Automático de DNA da marca Applied Biosystems, modelo 3500, número de série 29121-100, de propriedade da Polícia Civil do Distrito Federal (PCDF), alocado ao Instituto de Pesquisa de DNA Forense (IPDNA). VALOR TOTAL: R$ 13.225,02 (treze mil duzentos e vinte e cinco reais e dois centavos), sendo R$ 2.317,32 (dois mil trezentos e dezessete reais e trinta e dois centavos), referente a serviços, e R$ 10.907,70 (dez mil novecentos e sete reais e setenta centavos), referente a peças. DOTAÇÃO ORÇAMENTÁRIA: Unidade Orçamentária: 73901; Programa de Trabalho: 28.845.0903.00NR.0053; Naturezas da Despesa: 33.90.39.17 e 33.90.30.25. Fonte de Recursos: 100 (FCDF). NOTAS DE EMPENHO: 2022NE000051 e 2021NE000052. Data de Emissão: 11/01/2022. Valores: R$ 2.317,32 (dois mil trezentos e dezessete reais e trinta e dois centavos), referente a serviço, e R$ 10.907,70 (dez mil novecentos e sete reais e setenta centavos), referente a peças, respectivamente. Modalidade: Ordinário. PROCEDÊNCIA DOS RECURSOS: Lei Orçamentária da União nº 14.303, de 21 de janeiro de 2022, enquanto a parcela remanescente será custeada à conta de dotações a serem alocadas nos orçamentos seguintes. PRAZO DE VIGÊNCIA: O contrato terá vigência de 90 (noventa) dias corridos a contar da data de sua assinatura. DATA DE ASSINATURA: 17/02/2022. SIGNATÁRIOS: Pelo Distrito Federal: Robson Cândido da Silva, na qualidade de Delegado-Geral. Pela Contratada: Gustavo Arbex Avelar e Marcos Damian Caussi, na qualidade de Representantes Legais.",02/2022,00052-00021780/2021-21,Polícia Civil,Life Technologies Brasil Comércio e Indústria de Produtos para Biotecnologia Ltda,"Contratação de empresa especializada na prestação dos serviços de manutenção corretiva, com fornecimento de peças, para efetuar o conserto do equipamento Analisador Automático de DNA da marca Applied Biosystems, modelo 3500, número de série 29121-100, de propriedade da Polícia Civil do Distrito Federal (PCDF), alocado ao Instituto de Pesquisa de DNA Forense (IPDNA).","13.225,02",73901,28.845.0903.00NR.0053,33.90.30.25,100,2021NE000052,17/02/2022,O contrato terá vigência de 90 (noventa) dias corridos a contar da data de sua assinatura.,,,,,"13.225,02","13.225,02",02/2022,"13.225,02","contratacao de empresa especializada na prestacao dos servicos de manutencao corretiva, com fornecimento de pecas, para efetuar o conserto do equipamento analisador automatico de dna da marca applied biosystems, modelo 3500, numero de serie 29121-100, de propriedade da policia civil do distrito federal (pcdf), alocado ao instituto de pesquisa de dna forense (ipdna).",policia civil,life technologies brasil comercio e industria de produtos para biotecnologia ltda,nan,nan,"extrato do contrato no 02/2022, nos termos do padrao no 03/2002 prestacao de servico processo: 00052-00021780/2021-21 partes: distrito federal/policia civil x life technologies brasil comercio e industria de produtos para biotecnologia ltda. fundamentacao legal: projeto basico (73377085-sei), proposta da empresa (69135157-sei), parecer juridico no 369/2021-pgdf/pgcons (72997885-sei), justificativa de inexigibilidade de licitacao (70017694, 70020944, 73377085, 73409026, 73411676 e 73528759-sei), baseados no art. 25, inciso i, da lei no 8.666/93. objeto: contratacao de empresa especializada na prestacao dos servicos de manutencao corretiva, com fornecimento de pecas, para efetuar o conserto do equipamento analisador automatico de dna da marca applied biosystems, modelo 3500, numero de serie 29121-100, de propriedade da policia civil do distrito federal (pcdf), alocado ao instituto de pesquisa de dna forense (ipdna). valor total: r$ 13.225,02 (treze mil duzentos e vinte e cinco reais e dois centavos), sendo r$ 2.317,32 (dois mil trezentos e dezessete reais e trinta e dois centavos), referente a servicos, e r$ 10.907,70 (dez mil novecentos e sete reais e setenta centavos), referente a pecas. dotacao orcamentaria: unidade orcamentaria: 73901; programa de trabalho: 28.845.0903.00nr.0053; naturezas da despesa: 33.90.39.17 e 33.90.30.25. fonte de recursos: 100 (fcdf). notas de empenho: 2022ne000051 e 2021ne000052. data de emissao: 11/01/2022. valores: r$ 2.317,32 (dois mil trezentos e dezessete reais e trinta e dois centavos), referente a servico, e r$ 10.907,70 (dez mil novecentos e sete reais e setenta centavos), referente a pecas, respectivamente. modalidade: ordinario. procedencia dos recursos: lei orcamentaria da uniao no 14.303, de 21 de janeiro de 2022, enquanto a parcela remanescente sera custeada a conta de dotacoes a serem alocadas nos orcamentos seguintes. prazo de vigencia: o contrato tera vigencia de 90 (noventa) dias corridos a contar da data de sua assinatura. data de assinatura: 17/02/2022. signatarios: pelo distrito federal: robson candido da silva, na qualidade de delegado-geral. pela contratada: gustavo arbex avelar e marcos damian caussi, na qualidade de representantes legais.",True,93.17073170731706,639-R95,639,match:numero_contrato,False
"EXTRATO DO CONTRATO Nº 03/2022, NOS TERMOS DO PADRÃO Nº 04/2002   PRESTAÇÃO DE SERVIÇO
Processo: 00052-00014928/2021-71   PARTES: Distrito Federal/Polícia Civil X Certiminas Certificação Digital Ltda. FUNDAMENTAÇÃO LEGAL: Edital do Pregão Eletrônico nº 62/2021-PCDF (76898424-SEI), Proposta da Empresa (77823907-SEI), Lei nº 8.666/1993, Lei 10.520/2002, Decreto Federal 10.04/2019 e IN 05/2017 - MPOG. OBJETO: Contratação de empresa especializada para a prestação de serviços de renovação e validação de certificados digitais padrão ICP-Brasil, por 36 (trinta e seis) meses. VALOR TOTAL: R$ 144.270,00 (cento e quarenta e quatro mil, duzentos e setenta reais). DOTAÇÃO ORÇAMENTÁRIA: Unidade Orçamentária: 73901; Programa de Trabalho: 28.845.0903.00NR.0053; Natureza da Despesa: 339040 - 23. Fonte de Recursos: 100 (FCDF). NOTA DE EMPENHO: 2022NE000203. Data de Emissão: 26/01/2022. Valor: R$ 63.175,00 (sessenta e três mil, cento e setenta e cinco reais). Modalidade: Estimativo. PROCEDÊNCIA DOS RECURSOS:Lei Orçamentária da União nº 14.303, de 21 de janeiro de 2022, enquanto a parcela remanescente será custeada à conta de dotações a serem alocadas nos orçamentos seguintes. PRAZO DE VIGÊNCIA: O Contrato terá vigência de 36 (trinta e seis) meses a contar da sua assinatura, podendo ser prorrogado, no interesse da Contratante, por iguais e sucessivos períodos até o limite de 60 (sessenta) meses, conforme artigo 57, inciso II, da lei nº. 8666/93. DATA DE ASSINATURA: 10/02/2022. SIGNATÁRIOS: Pelo Distrito Federal: Robson Cândido da Silva, na qualidade de Delegado-Geral. Pela Contratada: Larissa Borges Rodrigues, na qualidade de Representante Legal.",03/2022,00052-00014928/2021-71,Polícia Civil,Certiminas Certificação Digital Ltda,"Contratação de empresa especializada para a prestação de serviços de renovação e validação de certificados digitais padrão ICP-Brasil, por 36 (trinta e seis) meses.","144.270,00",73901,28.845.0903.00NR.0053,339040,100,2022NE000203.,10/02/2022,"O Contrato terá vigência de 36 (trinta e seis) meses a contar da sua assinatura, podendo ser prorrogado, no interesse da Contratante, por iguais e sucessivos períodos até o limite de 60 (sessenta) meses, conforme artigo 57, inciso II, da lei nº. 8666/93.",,,,,"144.270,00","144.270,00",03/2022,"144.270,00","contratacao de empresa especializada para a prestacao de servicos de renovacao e validacao de certificados digitais padrao icp-brasil, por 36 (trinta e seis) meses.",policia civil,certiminas certificacao digital ltda,nan,nan,"extrato do contrato no 03/2022, nos termos do padrao no 04/2002 prestacao de servico processo: 00052-00014928/2021-71 partes: distrito federal/policia civil x certiminas certificacao digital ltda. fundamentacao legal: edital do pregao eletronico no 62/2021-pcdf (76898424-sei), proposta da empresa (77823907-sei), lei no 8.666/1993, lei 10.520/2002, decreto federal 10.04/2019 e in 05/2017 - mpog. objeto: contratacao de empresa especializada para a prestacao de servicos de renovacao e validacao de certificados digitais padrao icp-brasil, por 36 (trinta e seis) meses. valor total: r$ 144.270,00 (cento e quarenta e quatro mil, duzentos e setenta reais). dotacao orcamentaria: unidade orcamentaria: 73901; programa de trabalho: 28.845.0903.00nr.0053; natureza da despesa: 339040 - 23. fonte de recursos: 100 (fcdf). nota de empenho: 2022ne000203. data de emissao: 26/01/2022. valor: r$ 63.175,00 (sessenta e tres mil, cento e setenta e cinco reais). modalidade: estimativo. procedencia dos recursos:lei orcamentaria da uniao no 14.303, de 21 de janeiro de 2022, enquanto a parcela remanescente sera custeada a conta de dotacoes a serem alocadas nos orcamentos seguintes. prazo de vigencia: o contrato tera vigencia de 36 (trinta e seis) meses a contar da sua assinatura, podendo ser prorrogado, no interesse da contratante, por iguais e sucessivos periodos ate o limite de 60 (sessenta) meses, conforme artigo 57, inciso ii, da lei no. 8666/93. data de assinatura: 10/02/2022. signatarios: pelo distrito federal: robson candido da silva, na qualidade de delegado-geral. pela contratada: larissa borges rodrigues, na qualidade de representante legal.",True,92.99135102892932,639-R105,639,match:numero_contrato,False
"EXTRATO DO CONTRATO Nº 03/2022, NOS TERMOS DO PADRÃO Nº 04/2002   PRESTAÇÃO DE SERVIÇO
Processo: 00052-00014928/2021-71   PARTES: Distrito Federal/Polícia Civil X Certiminas Certificação Digital Ltda. FUNDAMENTAÇÃO LEGAL: Edital do Pregão Eletrônico nº 62/2021-PCDF (76898424-SEI), Proposta da Empresa (77823907-SEI), Lei nº 8.666/1993, Lei 10.520/2002, Decreto Federal 10.04/2019 e IN 05/2017 - MPOG. OBJETO: Contratação de empresa especializada para a prestação de serviços de renovação e validação de certificados digitais padrão ICP-Brasil, por 36 (trinta e seis) meses. VALOR TOTAL: R$ 144.270,00 (cento e quarenta e quatro mil, duzentos e setenta reais). DOTAÇÃO ORÇAMENTÁRIA: Unidade Orçamentária: 73901; Programa de Trabalho: 28.845.0903.00NR.0053; Natureza da Despesa: 339040 - 23. Fonte de Recursos: 100 (FCDF). NOTA DE EMPENHO: 2022NE000203. Data de Emissão: 26/01/2022. Valor: R$ 63.175,00 (sessenta e três mil, cento e setenta e cinco reais). Modalidade: Estimativo. PROCEDÊNCIA DOS RECURSOS:Lei Orçamentária da União nº 14.303, de 21 de janeiro de 2022, enquanto a parcela remanescente será custeada à conta de dotações a serem alocadas nos orçamentos seguintes. PRAZO DE VIGÊNCIA: O Contrato terá vigência de 36 (trinta e seis) meses a contar da sua assinatura, podendo ser prorrogado, no interesse da Contratante, por iguais e sucessivos períodos até o limite de 60 (sessenta) meses, conforme artigo 57, inciso II, da lei nº. 8666/93. DATA DE ASSINATURA: 10/02/2022. SIGNATÁRIOS: Pelo Distrito Federal: Robson Cândido da Silva, na qualidade de Delegado-Geral. Pela Contratada: Larissa Borges Rodrigues, na qualidade de Representante Legal.",03/2022,00052-00014928/2021-71,Polícia Civil,Certiminas Certificação Digital Ltda,"Contratação de empresa especializada para a prestação de serviços de renovação e validação de certificados digitais padrão ICP-Brasil, por 36 (trinta e seis) meses","144.270,00",73901,28.845.0903.00NR.0053,339040,100,2022NE000203,10/02/2022,"O Contrato terá vigência de 36 (trinta e seis) meses a contar da sua assinatura, podendo ser prorrogado, no interesse da Contratante, por iguais e sucessivos períodos até o limite de 60 (sessenta) meses, conforme artigo 57, inciso II, da lei nº. 8666/93.",,,,,"144.270,00","144.270,00",03/2022,"144.270,00","contratacao de empresa especializada para a prestacao de servicos de renovacao e validacao de certificados digitais padrao icp-brasil, por 36 (trinta e seis) meses",policia civil,certiminas certificacao digital ltda,nan,nan,"extrato do contrato no 03/2022, nos termos do padrao no 04/2002 prestacao de servico processo: 00052-00014928/2021-71 partes: distrito federal/policia civil x certiminas certificacao digital ltda. fundamentacao legal: edital do pregao eletronico no 62/2021-pcdf (76898424-sei), proposta da empresa (77823907-sei), lei no 8.666/1993, lei 10.520/2002, decreto federal 10.04/2019 e in 05/2017 - mpog. objeto: contratacao de empresa especializada para a prestacao de servicos de renovacao e validacao de certificados digitais padrao icp-brasil, por 36 (trinta e seis) meses. valor total: r$ 144.270,00 (cento e quarenta e quatro mil, duzentos e setenta reais). dotacao orcamentaria: unidade orcamentaria: 73901; programa de trabalho: 28.845.0903.00nr.0053; natureza da despesa: 339040 - 23. fonte de recursos: 100 (fcdf). nota de empenho: 2022ne000203. data de emissao: 26/01/2022. valor: r$ 63.175,00 (sessenta e tres mil, cento e setenta e cinco reais). modalidade: estimativo. procedencia dos recursos:lei orcamentaria da uniao no 14.303, de 21 de janeiro de 2022, enquanto a parcela remanescente sera custeada a conta de dotacoes a serem alocadas nos orcamentos seguintes. prazo de vigencia: o contrato tera vigencia de 36 (trinta e seis) meses a contar da sua assinatura, podendo ser prorrogado, no interesse da contratante, por iguais e sucessivos periodos ate o limite de 60 (sessenta) meses, conforme artigo 57, inciso ii, da lei no. 8666/93. data de assinatura: 10/02/2022. signatarios: pelo distrito federal: robson candido da silva, na qualidade de delegado-geral. pela contratada: larissa borges rodrigues, na qualidade de representante legal.",True,92.99135102892932,639-R105,639,match:numero_contrato,False
"EXTRATO DO CONTRATO Nº 03/2022, NOS TERMOS DO PADRÃO Nº 04/2002   PRESTAÇÃO DE SERVIÇO
Processo: 00052-00014928/2021-71   PARTES: Distrito Federal/Polícia Civil X Certiminas Certificação Digital Ltda. FUNDAMENTAÇÃO LEGAL: Edital do Pregão Eletrônico nº 62/2021-PCDF (76898424-SEI), Proposta da Empresa (77823907-SEI), Lei nº 8.666/1993, Lei 10.520/2002, Decreto Federal 10.04/2019 e IN 05/2017 - MPOG. OBJETO: Contratação de empresa especializada para a prestação de serviços de renovação e validação de certificados digitais padrão ICP-Brasil, por 36 (trinta e seis) meses. VALOR TOTAL: R$ 144.270,00 (cento e quarenta e quatro mil, duzentos e setenta reais). DOTAÇÃO ORÇAMENTÁRIA: Unidade Orçamentária: 73901; Programa de Trabalho: 28.845.0903.00NR.0053; Natureza da Despesa: 339040 - 23. Fonte de Recursos: 100 (FCDF). NOTA DE EMPENHO: 2022NE000203. Data de Emissão: 26/01/2022. Valor: R$ 63.175,00 (sessenta e três mil, cento e setenta e cinco reais). Modalidade: Estimativo. PROCEDÊNCIA DOS RECURSOS:Lei Orçamentária da União nº 14.303, de 21 de janeiro de 2022, enquanto a parcela remanescente será custeada à conta de dotações a serem alocadas nos orçamentos seguintes. PRAZO DE VIGÊNCIA: O Contrato terá vigência de 36 (trinta e seis) meses a contar da sua assinatura, podendo ser prorrogado, no interesse da Contratante, por iguais e sucessivos períodos até o limite de 60 (sessenta) meses, conforme artigo 57, inciso II, da lei nº. 8666/93. DATA DE ASSINATURA: 10/02/2022. SIGNATÁRIOS: Pelo Distrito Federal: Robson Cândido da Silva, na qualidade de Delegado-Geral. Pela Contratada: Larissa Borges Rodrigues, na qualidade de Representante Legal.",03/2022,00052-00014928/2021-71,Polícia Civil,Certiminas Certificação Digital Ltda,"Contratação de empresa especializada para a prestação de serviços de renovação e validação de certificados digitais padrão ICP-Brasil, por 36 (trinta e seis) meses","144.270,00",73901,28.845.0903.00NR.0053,339040,100,2022NE000203,10/02/2022,"O Contrato terá vigência de 36 (trinta e seis) meses a contar da sua assinatura, podendo ser prorrogado, no interesse da Contratante, por iguais e sucessivos períodos até o limite de 60 (sessenta) meses, conforme artigo 57, inciso II, da lei nº. 8666/93.",,,,,"144.270,00","144.270,00",03/2022,"144.270,00","contratacao de empresa especializada para a prestacao de servicos de renovacao e validacao de certificados digitais padrao icp-brasil, por 36 (trinta e seis) meses",policia civil,certiminas certificacao digital ltda,nan,nan,"extrato do contrato no 03/2022, nos termos do padrao no 04/2002 prestacao de servico processo: 00052-00014928/2021-71 partes: distrito federal/policia civil x certiminas certificacao digital ltda. fundamentacao legal: edital do pregao eletronico no 62/2021-pcdf (76898424-sei), proposta da empresa (77823907-sei), lei no 8.666/1993, lei 10.520/2002, decreto federal 10.04/2019 e in 05/2017 - mpog. objeto: contratacao de empresa especializada para a prestacao de servicos de renovacao e validacao de certificados digitais padrao icp-brasil, por 36 (trinta e seis) meses. valor total: r$ 144.270,00 (cento e quarenta e quatro mil, duzentos e setenta reais). dotacao orcamentaria: unidade orcamentaria: 73901; programa de trabalho: 28.845.0903.00nr.0053; natureza da despesa: 339040 - 23. fonte de recursos: 100 (fcdf). nota de empenho: 2022ne000203. data de emissao: 26/01/2022. valor: r$ 63.175,00 (sessenta e tres mil, cento e setenta e cinco reais). modalidade: estimativo. procedencia dos recursos:lei orcamentaria da uniao no 14.303, de 21 de janeiro de 2022, enquanto a parcela remanescente sera custeada a conta de dotacoes a serem alocadas nos orcamentos seguintes. prazo de vigencia: o contrato tera vigencia de 36 (trinta e seis) meses a contar da sua assinatura, podendo ser prorrogado, no interesse da contratante, por iguais e sucessivos periodos ate o limite de 60 (sessenta) meses, conforme artigo 57, inciso ii, da lei no. 8666/93. data de assinatura: 10/02/2022. signatarios: pelo distrito federal: robson candido da silva, na qualidade de delegado-geral. pela contratada: larissa borges rodrigues, na qualidade de representante legal.",True,92.99135102892932,639-R105,639,match:numero_contrato,False
"EXTRATO DO CONTRATO Nº 03/2022, NOS TERMOS DO PADRÃO Nº 04/2002   PRESTAÇÃO DE SERVIÇO
Processo: 00052-00014928/2021-71   PARTES: Distrito Federal/Polícia Civil X Certiminas Certificação Digital Ltda. FUNDAMENTAÇÃO LEGAL: Edital do Pregão Eletrônico nº 62/2021-PCDF (76898424-SEI), Proposta da Empresa (77823907-SEI), Lei nº 8.666/1993, Lei 10.520/2002, Decreto Federal 10.04/2019 e IN 05/2017 - MPOG. OBJETO: Contratação de empresa especializada para a prestação de serviços de renovação e validação de certificados digitais padrão ICP-Brasil, por 36 (trinta e seis) meses. VALOR TOTAL: R$ 144.270,00 (cento e quarenta e quatro mil, duzentos e setenta reais). DOTAÇÃO ORÇAMENTÁRIA: Unidade Orçamentária: 73901; Programa de Trabalho: 28.845.0903.00NR.0053; Natureza da Despesa: 339040 - 23. Fonte de Recursos: 100 (FCDF). NOTA DE EMPENHO: 2022NE000203. Data de Emissão: 26/01/2022. Valor: R$ 63.175,00 (sessenta e três mil, cento e setenta e cinco reais). Modalidade: Estimativo. PROCEDÊNCIA DOS RECURSOS:Lei Orçamentária da União nº 14.303, de 21 de janeiro de 2022, enquanto a parcela remanescente será custeada à conta de dotações a serem alocadas nos orçamentos seguintes. PRAZO DE VIGÊNCIA: O Contrato terá vigência de 36 (trinta e seis) meses a contar da sua assinatura, podendo ser prorrogado, no interesse da Contratante, por iguais e sucessivos períodos até o limite de 60 (sessenta) meses, conforme artigo 57, inciso II, da lei nº. 8666/93. DATA DE ASSINATURA: 10/02/2022. SIGNATÁRIOS: Pelo Distrito Federal: Robson Cândido da Silva, na qualidade de Delegado-Geral. Pela Contratada: Larissa Borges Rodrigues, na qualidade de Representante Legal.",03/2022,00052-00014928/2021-71,Polícia Civil,Certiminas Certificação Digital Ltda.,"Contratação de empresa especializada para a prestação de serviços de renovação e validação de certificados digitais padrão ICP-Brasil, por 36 (trinta e seis) meses.","144.270,00",73901,28.845.0903.00NR.0053,339040,100,2022NE000203,10/02/2022,"O Contrato terá vigência de 36 (trinta e seis) meses a contar da sua assinatura, podendo ser prorrogado, no interesse da Contratante, por iguais e sucessivos períodos até o limite de 60 (sessenta) meses, conforme artigo 57, inciso II, da lei nº. 8666/93.",,,,,"144.270,00","144.270,00",03/2022,"144.270,00","contratacao de empresa especializada para a prestacao de servicos de renovacao e validacao de certificados digitais padrao icp-brasil, por 36 (trinta e seis) meses.",policia civil,certiminas certificacao digital ltda.,nan,nan,"extrato do contrato no 03/2022, nos termos do padrao no 04/2002 prestacao de servico processo: 00052-00014928/2021-71 partes: distrito federal/policia civil x certiminas certificacao digital ltda. fundamentacao legal: edital do pregao eletronico no 62/2021-pcdf (76898424-sei), proposta da empresa (77823907-sei), lei no 8.666/1993, lei 10.520/2002, decreto federal 10.04/2019 e in 05/2017 - mpog. objeto: contratacao de empresa especializada para a prestacao de servicos de renovacao e validacao de certificados digitais padrao icp-brasil, por 36 (trinta e seis) meses. valor total: r$ 144.270,00 (cento e quarenta e quatro mil, duzentos e setenta reais). dotacao orcamentaria: unidade orcamentaria: 73901; programa de trabalho: 28.845.0903.00nr.0053; natureza da despesa: 339040 - 23. fonte de recursos: 100 (fcdf). nota de empenho: 2022ne000203. data de emissao: 26/01/2022. valor: r$ 63.175,00 (sessenta e tres mil, cento e setenta e cinco reais). modalidade: estimativo. procedencia dos recursos:lei orcamentaria da uniao no 14.303, de 21 de janeiro de 2022, enquanto a parcela remanescente sera custeada a conta de dotacoes a serem alocadas nos orcamentos seguintes. prazo de vigencia: o contrato tera vigencia de 36 (trinta e seis) meses a contar da sua assinatura, podendo ser prorrogado, no interesse da contratante, por iguais e sucessivos periodos ate o limite de 60 (sessenta) meses, conforme artigo 57, inciso ii, da lei no. 8666/93. data de assinatura: 10/02/2022. signatarios: pelo distrito federal: robson candido da silva, na qualidade de delegado-geral. pela contratada: larissa borges rodrigues, na qualidade de representante legal.",True,92.99135102892932,639-R105,639,match:numero_contrato,False
"EXTRATO DO CONTRATO Nº 03/2022, NOS TERMOS DO PADRÃO Nº 04/2002   PRESTAÇÃO DE SERVIÇO
Processo: 00052-00014928/2021-71   PARTES: Distrito Federal/Polícia Civil X Certiminas Certificação Digital Ltda. FUNDAMENTAÇÃO LEGAL: Edital do Pregão Eletrônico nº 62/2021-PCDF (76898424-SEI), Proposta da Empresa (77823907-SEI), Lei nº 8.666/1993, Lei 10.520/2002, Decreto Federal 10.04/2019 e IN 05/2017 - MPOG. OBJETO: Contratação de empresa especializada para a prestação de serviços de renovação e validação de certificados digitais padrão ICP-Brasil, por 36 (trinta e seis) meses. VALOR TOTAL: R$ 144.270,00 (cento e quarenta e quatro mil, duzentos e setenta reais). DOTAÇÃO ORÇAMENTÁRIA: Unidade Orçamentária: 73901; Programa de Trabalho: 28.845.0903.00NR.0053; Natureza da Despesa: 339040 - 23. Fonte de Recursos: 100 (FCDF). NOTA DE EMPENHO: 2022NE000203. Data de Emissão: 26/01/2022. Valor: R$ 63.175,00 (sessenta e três mil, cento e setenta e cinco reais). Modalidade: Estimativo. PROCEDÊNCIA DOS RECURSOS:Lei Orçamentária da União nº 14.303, de 21 de janeiro de 2022, enquanto a parcela remanescente será custeada à conta de dotações a serem alocadas nos orçamentos seguintes. PRAZO DE VIGÊNCIA: O Contrato terá vigência de 36 (trinta e seis) meses a contar da sua assinatura, podendo ser prorrogado, no interesse da Contratante, por iguais e sucessivos períodos até o limite de 60 (sessenta) meses, conforme artigo 57, inciso II, da lei nº. 8666/93. DATA DE ASSINATURA: 10/02/2022. SIGNATÁRIOS: Pelo Distrito Federal: Robson Cândido da Silva, na qualidade de Delegado-Geral. Pela Contratada: Larissa Borges Rodrigues, na qualidade de Representante Legal.",03/2022,00052-00014928/2021-71,Polícia Civil,Certiminas Certificação Digital Ltda,"Contratação de empresa especializada para a prestação de serviços de renovação e validação de certificados digitais padrão ICP-Brasil, por 36 (trinta e seis) meses","144.270,00",73901,28.845.0903.00NR.0053,339040,100,2022NE000203,10/02/2022,"O Contrato terá vigência de 36 (trinta e seis) meses a contar da sua assinatura, podendo ser prorrogado, no interesse da Contratante, por iguais e sucessivos períodos até o limite de 60 (sessenta) meses, conforme artigo 57, inciso II, da lei nº. 8666/93.",,,,,"144.270,00","144.270,00",03/2022,"144.270,00","contratacao de empresa especializada para a prestacao de servicos de renovacao e validacao de certificados digitais padrao icp-brasil, por 36 (trinta e seis) meses",policia civil,certiminas certificacao digital ltda,nan,nan,"extrato do contrato no 03/2022, nos termos do padrao no 04/2002 prestacao de servico processo: 00052-00014928/2021-71 partes: distrito federal/policia civil x certiminas certificacao digital ltda. fundamentacao legal: edital do pregao eletronico no 62/2021-pcdf (76898424-sei), proposta da empresa (77823907-sei), lei no 8.666/1993, lei 10.520/2002, decreto federal 10.04/2019 e in 05/2017 - mpog. objeto: contratacao de empresa especializada para a prestacao de servicos de renovacao e validacao de certificados digitais padrao icp-brasil, por 36 (trinta e seis) meses. valor total: r$ 144.270,00 (cento e quarenta e quatro mil, duzentos e setenta reais). dotacao orcamentaria: unidade orcamentaria: 73901; programa de trabalho: 28.845.0903.00nr.0053; natureza da despesa: 339040 - 23. fonte de recursos: 100 (fcdf). nota de empenho: 2022ne000203. data de emissao: 26/01/2022. valor: r$ 63.175,00 (sessenta e tres mil, cento e setenta e cinco reais). modalidade: estimativo. procedencia dos recursos:lei orcamentaria da uniao no 14.303, de 21 de janeiro de 2022, enquanto a parcela remanescente sera custeada a conta de dotacoes a serem alocadas nos orcamentos seguintes. prazo de vigencia: o contrato tera vigencia de 36 (trinta e seis) meses a contar da sua assinatura, podendo ser prorrogado, no interesse da contratante, por iguais e sucessivos periodos ate o limite de 60 (sessenta) meses, conforme artigo 57, inciso ii, da lei no. 8666/93. data de assinatura: 10/02/2022. signatarios: pelo distrito federal: robson candido da silva, na qualidade de delegado-geral. pela contratada: larissa borges rodrigues, na qualidade de representante legal.",True,92.99135102892932,639-R105,639,match:numero_contrato,False
"EXTRATO DO CONTRATO Nº 03/2022, NOS TERMOS DO PADRÃO Nº 04/2002   PRESTAÇÃO DE SERVIÇO
Processo: 00052-00014928/2021-71   PARTES: Distrito Federal/Polícia Civil X Certiminas Certificação Digital Ltda. FUNDAMENTAÇÃO LEGAL: Edital do Pregão Eletrônico nº 62/2021-PCDF (76898424-SEI), Proposta da Empresa (77823907-SEI), Lei nº 8.666/1993, Lei 10.520/2002, Decreto Federal 10.04/2019 e IN 05/2017 - MPOG. OBJETO: Contratação de empresa especializada para a prestação de serviços de renovação e validação de certificados digitais padrão ICP-Brasil, por 36 (trinta e seis) meses. VALOR TOTAL: R$ 144.270,00 (cento e quarenta e quatro mil, duzentos e setenta reais). DOTAÇÃO ORÇAMENTÁRIA: Unidade Orçamentária: 73901; Programa de Trabalho: 28.845.0903.00NR.0053; Natureza da Despesa: 339040 - 23. Fonte de Recursos: 100 (FCDF). NOTA DE EMPENHO: 2022NE000203. Data de Emissão: 26/01/2022. Valor: R$ 63.175,00 (sessenta e três mil, cento e setenta e cinco reais). Modalidade: Estimativo. PROCEDÊNCIA DOS RECURSOS:Lei Orçamentária da União nº 14.303, de 21 de janeiro de 2022, enquanto a parcela remanescente será custeada à conta de dotações a serem alocadas nos orçamentos seguintes. PRAZO DE VIGÊNCIA: O Contrato terá vigência de 36 (trinta e seis) meses a contar da sua assinatura, podendo ser prorrogado, no interesse da Contratante, por iguais e sucessivos períodos até o limite de 60 (sessenta) meses, conforme artigo 57, inciso II, da lei nº. 8666/93. DATA DE ASSINATURA: 10/02/2022. SIGNATÁRIOS: Pelo Distrito Federal: Robson Cândido da Silva, na qualidade de Delegado-Geral. Pela Contratada: Larissa Borges Rodrigues, na qualidade de Representante Legal.",03/2022,00052-00014928/2021-71,Polícia Civil,Certiminas Certificação Digital Ltda.,"Contratação de empresa especializada para a prestação de serviços de renovação e validação de certificados digitais padrão ICP-Brasil, por 36 (trinta e seis) meses.","144.270,00",73901,28.845.0903.00NR.0053,339040,100,2022NE000203,10/02/2022,"O Contrato terá vigência de 36 (trinta e seis) meses a contar da sua assinatura, podendo ser prorrogado, no interesse da Contratante, por iguais e sucessivos períodos até o limite de 60 (sessenta) meses, conforme artigo 57, inciso II, da lei nº. 8666/93.",,,,,"144.270,00","144.270,00",03/2022,"144.270,00","contratacao de empresa especializada para a prestacao de servicos de renovacao e validacao de certificados digitais padrao icp-brasil, por 36 (trinta e seis) meses.",policia civil,certiminas certificacao digital ltda.,nan,nan,"extrato do contrato no 03/2022, nos termos do padrao no 04/2002 prestacao de servico processo: 00052-00014928/2021-71 partes: distrito federal/policia civil x certiminas certificacao digital ltda. fundamentacao legal: edital do pregao eletronico no 62/2021-pcdf (76898424-sei), proposta da empresa (77823907-sei), lei no 8.666/1993, lei 10.520/2002, decreto federal 10.04/2019 e in 05/2017 - mpog. objeto: contratacao de empresa especializada para a prestacao de servicos de renovacao e validacao de certificados digitais padrao icp-brasil, por 36 (trinta e seis) meses. valor total: r$ 144.270,00 (cento e quarenta e quatro mil, duzentos e setenta reais). dotacao orcamentaria: unidade orcamentaria: 73901; programa de trabalho: 28.845.0903.00nr.0053; natureza da despesa: 339040 - 23. fonte de recursos: 100 (fcdf). nota de empenho: 2022ne000203. data de emissao: 26/01/2022. valor: r$ 63.175,00 (sessenta e tres mil, cento e setenta e cinco reais). modalidade: estimativo. procedencia dos recursos:lei orcamentaria da uniao no 14.303, de 21 de janeiro de 2022, enquanto a parcela remanescente sera custeada a conta de dotacoes a serem alocadas nos orcamentos seguintes. prazo de vigencia: o contrato tera vigencia de 36 (trinta e seis) meses a contar da sua assinatura, podendo ser prorrogado, no interesse da contratante, por iguais e sucessivos periodos ate o limite de 60 (sessenta) meses, conforme artigo 57, inciso ii, da lei no. 8666/93. data de assinatura: 10/02/2022. signatarios: pelo distrito federal: robson candido da silva, na qualidade de delegado-geral. pela contratada: larissa borges rodrigues, na qualidade de representante legal.",True,92.99135102892932,639-R105,639,match:numero_contrato,False
"EXTRATO DO CONTRATO Nº 03/2022, NOS TERMOS DO PADRÃO Nº 04/2002   PRESTAÇÃO DE SERVIÇO
Processo: 00052-00014928/2021-71   PARTES: Distrito Federal/Polícia Civil X Certiminas Certificação Digital Ltda. FUNDAMENTAÇÃO LEGAL: Edital do Pregão Eletrônico nº 62/2021-PCDF (76898424-SEI), Proposta da Empresa (77823907-SEI), Lei nº 8.666/1993, Lei 10.520/2002, Decreto Federal 10.04/2019 e IN 05/2017 - MPOG. OBJETO: Contratação de empresa especializada para a prestação de serviços de renovação e validação de certificados digitais padrão ICP-Brasil, por 36 (trinta e seis) meses. VALOR TOTAL: R$ 144.270,00 (cento e quarenta e quatro mil, duzentos e setenta reais). DOTAÇÃO ORÇAMENTÁRIA: Unidade Orçamentária: 73901; Programa de Trabalho: 28.845.0903.00NR.0053; Natureza da Despesa: 339040 - 23. Fonte de Recursos: 100 (FCDF). NOTA DE EMPENHO: 2022NE000203. Data de Emissão: 26/01/2022. Valor: R$ 63.175,00 (sessenta e três mil, cento e setenta e cinco reais). Modalidade: Estimativo. PROCEDÊNCIA DOS RECURSOS:Lei Orçamentária da União nº 14.303, de 21 de janeiro de 2022, enquanto a parcela remanescente será custeada à conta de dotações a serem alocadas nos orçamentos seguintes. PRAZO DE VIGÊNCIA: O Contrato terá vigência de 36 (trinta e seis) meses a contar da sua assinatura, podendo ser prorrogado, no interesse da Contratante, por iguais e sucessivos períodos até o limite de 60 (sessenta) meses, conforme artigo 57, inciso II, da lei nº. 8666/93. DATA DE ASSINATURA: 10/02/2022. SIGNATÁRIOS: Pelo Distrito Federal: Robson Cândido da Silva, na qualidade de Delegado-Geral. Pela Contratada: Larissa Borges Rodrigues, na qualidade de Representante Legal.",03/2022,00052-00014928/2021-71,Polícia Civil,Certiminas Certificação Digital Ltda,"Contratação de empresa especializada para a prestação de serviços de renovação e validação de certificados digitais padrão ICP-Brasil, por 36 (trinta e seis) meses","144.270,00",73901,28.845.0903.00NR.0053,339040,100,2022NE000203,10/02/2022,"O Contrato terá vigência de 36 (trinta e seis) meses a contar da sua assinatura, podendo ser prorrogado, no interesse da Contratante, por iguais e sucessivos períodos até o limite de 60 (sessenta) meses, conforme artigo 57, inciso II, da lei nº. 8666/93.",,,,,"144.270,00","144.270,00",03/2022,"144.270,00","contratacao de empresa especializada para a prestacao de servicos de renovacao e validacao de certificados digitais padrao icp-brasil, por 36 (trinta e seis) meses",policia civil,certiminas certificacao digital ltda,nan,nan,"extrato do contrato no 03/2022, nos termos do padrao no 04/2002 prestacao de servico processo: 00052-00014928/2021-71 partes: distrito federal/policia civil x certiminas certificacao digital ltda. fundamentacao legal: edital do pregao eletronico no 62/2021-pcdf (76898424-sei), proposta da empresa (77823907-sei), lei no 8.666/1993, lei 10.520/2002, decreto federal 10.04/2019 e in 05/2017 - mpog. objeto: contratacao de empresa especializada para a prestacao de servicos de renovacao e validacao de certificados digitais padrao icp-brasil, por 36 (trinta e seis) meses. valor total: r$ 144.270,00 (cento e quarenta e quatro mil, duzentos e setenta reais). dotacao orcamentaria: unidade orcamentaria: 73901; programa de trabalho: 28.845.0903.00nr.0053; natureza da despesa: 339040 - 23. fonte de recursos: 100 (fcdf). nota de empenho: 2022ne000203. data de emissao: 26/01/2022. valor: r$ 63.175,00 (sessenta e tres mil, cento e setenta e cinco reais). modalidade: estimativo. procedencia dos recursos:lei orcamentaria da uniao no 14.303, de 21 de janeiro de 2022, enquanto a parcela remanescente sera custeada a conta de dotacoes a serem alocadas nos orcamentos seguintes. prazo de vigencia: o contrato tera vigencia de 36 (trinta e seis) meses a contar da sua assinatura, podendo ser prorrogado, no interesse da contratante, por iguais e sucessivos periodos ate o limite de 60 (sessenta) meses, conforme artigo 57, inciso ii, da lei no. 8666/93. data de assinatura: 10/02/2022. signatarios: pelo distrito federal: robson candido da silva, na qualidade de delegado-geral. pela contratada: larissa borges rodrigues, na qualidade de representante legal.",True,92.99135102892932,639-R105,639,match:numero_contrato,False
"EXTRATO DO CONTRATO Nº 03/2022, NOS TERMOS DO PADRÃO Nº 04/2002   PRESTAÇÃO DE SERVIÇO
Processo: 00052-00014928/2021-71   PARTES: Distrito Federal/Polícia Civil X Certiminas Certificação Digital Ltda. FUNDAMENTAÇÃO LEGAL: Edital do Pregão Eletrônico nº 62/2021-PCDF (76898424-SEI), Proposta da Empresa (77823907-SEI), Lei nº 8.666/1993, Lei 10.520/2002, Decreto Federal 10.04/2019 e IN 05/2017 - MPOG. OBJETO: Contratação de empresa especializada para a prestação de serviços de renovação e validação de certificados digitais padrão ICP-Brasil, por 36 (trinta e seis) meses. VALOR TOTAL: R$ 144.270,00 (cento e quarenta e quatro mil, duzentos e setenta reais). DOTAÇÃO ORÇAMENTÁRIA: Unidade Orçamentária: 73901; Programa de Trabalho: 28.845.0903.00NR.0053; Natureza da Despesa: 339040 - 23. Fonte de Recursos: 100 (FCDF). NOTA DE EMPENHO: 2022NE000203. Data de Emissão: 26/01/2022. Valor: R$ 63.175,00 (sessenta e três mil, cento e setenta e cinco reais). Modalidade: Estimativo. PROCEDÊNCIA DOS RECURSOS:Lei Orçamentária da União nº 14.303, de 21 de janeiro de 2022, enquanto a parcela remanescente será custeada à conta de dotações a serem alocadas nos orçamentos seguintes. PRAZO DE VIGÊNCIA: O Contrato terá vigência de 36 (trinta e seis) meses a contar da sua assinatura, podendo ser prorrogado, no interesse da Contratante, por iguais e sucessivos períodos até o limite de 60 (sessenta) meses, conforme artigo 57, inciso II, da lei nº. 8666/93. DATA DE ASSINATURA: 10/02/2022. SIGNATÁRIOS: Pelo Distrito Federal: Robson Cândido da Silva, na qualidade de Delegado-Geral. Pela Contratada: Larissa Borges Rodrigues, na qualidade de Representante Legal.",03/2022,00052-00014928/2021-71,Polícia Civil,Certiminas Certificação Digital Ltda,"Contratação de empresa especializada para a prestação de serviços de renovação e validação de certificados digitais padrão ICP-Brasil, por 36 (trinta e seis) meses.","144.270,00",73901,28.845.0903.00NR.0053,339040,100,2022NE000203,10/02/2022,"O Contrato terá vigência de 36 (trinta e seis) meses a contar da sua assinatura, podendo ser prorrogado, no interesse da Contratante, por iguais e sucessivos períodos até o limite de 60 (sessenta) meses, conforme artigo 57, inciso II, da lei nº. 8666/93.",,,,,"144.270,00","144.270,00",03/2022,"144.270,00","contratacao de empresa especializada para a prestacao de servicos de renovacao e validacao de certificados digitais padrao icp-brasil, por 36 (trinta e seis) meses.",policia civil,certiminas certificacao digital ltda,nan,nan,"extrato do contrato no 03/2022, nos termos do padrao no 04/2002 prestacao de servico processo: 00052-00014928/2021-71 partes: distrito federal/policia civil x certiminas certificacao digital ltda. fundamentacao legal: edital do pregao eletronico no 62/2021-pcdf (76898424-sei), proposta da empresa (77823907-sei), lei no 8.666/1993, lei 10.520/2002, decreto federal 10.04/2019 e in 05/2017 - mpog. objeto: contratacao de empresa especializada para a prestacao de servicos de renovacao e validacao de certificados digitais padrao icp-brasil, por 36 (trinta e seis) meses. valor total: r$ 144.270,00 (cento e quarenta e quatro mil, duzentos e setenta reais). dotacao orcamentaria: unidade orcamentaria: 73901; programa de trabalho: 28.845.0903.00nr.0053; natureza da despesa: 339040 - 23. fonte de recursos: 100 (fcdf). nota de empenho: 2022ne000203. data de emissao: 26/01/2022. valor: r$ 63.175,00 (sessenta e tres mil, cento e setenta e cinco reais). modalidade: estimativo. procedencia dos recursos:lei orcamentaria da uniao no 14.303, de 21 de janeiro de 2022, enquanto a parcela remanescente sera custeada a conta de dotacoes a serem alocadas nos orcamentos seguintes. prazo de vigencia: o contrato tera vigencia de 36 (trinta e seis) meses a contar da sua assinatura, podendo ser prorrogado, no interesse da contratante, por iguais e sucessivos periodos ate o limite de 60 (sessenta) meses, conforme artigo 57, inciso ii, da lei no. 8666/93. data de assinatura: 10/02/2022. signatarios: pelo distrito federal: robson candido da silva, na qualidade de delegado-geral. pela contratada: larissa borges rodrigues, na qualidade de representante legal.",True,92.99135102892932,639-R105,639,match:numero_contrato,False
"EXTRATO DO CONTRATO Nº 03/2022, NOS TERMOS DO PADRÃO Nº 04/2002   PRESTAÇÃO DE SERVIÇO
Processo: 00052-00014928/2021-71   PARTES: Distrito Federal/Polícia Civil X Certiminas Certificação Digital Ltda. FUNDAMENTAÇÃO LEGAL: Edital do Pregão Eletrônico nº 62/2021-PCDF (76898424-SEI), Proposta da Empresa (77823907-SEI), Lei nº 8.666/1993, Lei 10.520/2002, Decreto Federal 10.04/2019 e IN 05/2017 - MPOG. OBJETO: Contratação de empresa especializada para a prestação de serviços de renovação e validação de certificados digitais padrão ICP-Brasil, por 36 (trinta e seis) meses. VALOR TOTAL: R$ 144.270,00 (cento e quarenta e quatro mil, duzentos e setenta reais). DOTAÇÃO ORÇAMENTÁRIA: Unidade Orçamentária: 73901; Programa de Trabalho: 28.845.0903.00NR.0053; Natureza da Despesa: 339040 - 23. Fonte de Recursos: 100 (FCDF). NOTA DE EMPENHO: 2022NE000203. Data de Emissão: 26/01/2022. Valor: R$ 63.175,00 (sessenta e três mil, cento e setenta e cinco reais). Modalidade: Estimativo. PROCEDÊNCIA DOS RECURSOS:Lei Orçamentária da União nº 14.303, de 21 de janeiro de 2022, enquanto a parcela remanescente será custeada à conta de dotações a serem alocadas nos orçamentos seguintes. PRAZO DE VIGÊNCIA: O Contrato terá vigência de 36 (trinta e seis) meses a contar da sua assinatura, podendo ser prorrogado, no interesse da Contratante, por iguais e sucessivos períodos até o limite de 60 (sessenta) meses, conforme artigo 57, inciso II, da lei nº. 8666/93. DATA DE ASSINATURA: 10/02/2022. SIGNATÁRIOS: Pelo Distrito Federal: Robson Cândido da Silva, na qualidade de Delegado-Geral. Pela Contratada: Larissa Borges Rodrigues, na qualidade de Representante Legal.",03/2022,00052-00014928/2021-71,Polícia Civil,Certiminas Certificação Digital Ltda,"Contratação de empresa especializada para a prestação de serviços de renovação e validação de certificados digitais padrão ICP-Brasil, por 36 (trinta e seis) meses.","144.270,00",73901,28.845.0903.00NR.0053,339040,100,2022NE000203,10/02/2022,"O Contrato terá vigência de 36 (trinta e seis) meses a contar da sua assinatura, podendo ser prorrogado, no interesse da Contratante, por iguais e sucessivos períodos até o limite de 60 (sessenta) meses, conforme artigo 57, inciso II, da lei nº. 8666/93.",,,,,"144.270,00","144.270,00",03/2022,"144.270,00","contratacao de empresa especializada para a prestacao de servicos de renovacao e validacao de certificados digitais padrao icp-brasil, por 36 (trinta e seis) meses.",policia civil,certiminas certificacao digital ltda,nan,nan,"extrato do contrato no 03/2022, nos termos do padrao no 04/2002 prestacao de servico processo: 00052-00014928/2021-71 partes: distrito federal/policia civil x certiminas certificacao digital ltda. fundamentacao legal: edital do pregao eletronico no 62/2021-pcdf (76898424-sei), proposta da empresa (77823907-sei), lei no 8.666/1993, lei 10.520/2002, decreto federal 10.04/2019 e in 05/2017 - mpog. objeto: contratacao de empresa especializada para a prestacao de servicos de renovacao e validacao de certificados digitais padrao icp-brasil, por 36 (trinta e seis) meses. valor total: r$ 144.270,00 (cento e quarenta e quatro mil, duzentos e setenta reais). dotacao orcamentaria: unidade orcamentaria: 73901; programa de trabalho: 28.845.0903.00nr.0053; natureza da despesa: 339040 - 23. fonte de recursos: 100 (fcdf). nota de empenho: 2022ne000203. data de emissao: 26/01/2022. valor: r$ 63.175,00 (sessenta e tres mil, cento e setenta e cinco reais). modalidade: estimativo. procedencia dos recursos:lei orcamentaria da uniao no 14.303, de 21 de janeiro de 2022, enquanto a parcela remanescente sera custeada a conta de dotacoes a serem alocadas nos orcamentos seguintes. prazo de vigencia: o contrato tera vigencia de 36 (trinta e seis) meses a contar da sua assinatura, podendo ser prorrogado, no interesse da contratante, por iguais e sucessivos periodos ate o limite de 60 (sessenta) meses, conforme artigo 57, inciso ii, da lei no. 8666/93. data de assinatura: 10/02/2022. signatarios: pelo distrito federal: robson candido da silva, na qualidade de delegado-geral. pela contratada: larissa borges rodrigues, na qualidade de representante legal.",True,92.99135102892932,639-R105,639,match:numero_contrato,False
"EXTRATO DO CONTRATO Nº 03/2022, NOS TERMOS DO PADRÃO Nº 04/2002   PRESTAÇÃO DE SERVIÇO
Processo: 00052-00014928/2021-71   PARTES: Distrito Federal/Polícia Civil X Certiminas Certificação Digital Ltda. FUNDAMENTAÇÃO LEGAL: Edital do Pregão Eletrônico nº 62/2021-PCDF (76898424-SEI), Proposta da Empresa (77823907-SEI), Lei nº 8.666/1993, Lei 10.520/2002, Decreto Federal 10.04/2019 e IN 05/2017 - MPOG. OBJETO: Contratação de empresa especializada para a prestação de serviços de renovação e validação de certificados digitais padrão ICP-Brasil, por 36 (trinta e seis) meses. VALOR TOTAL: R$ 144.270,00 (cento e quarenta e quatro mil, duzentos e setenta reais). DOTAÇÃO ORÇAMENTÁRIA: Unidade Orçamentária: 73901; Programa de Trabalho: 28.845.0903.00NR.0053; Natureza da Despesa: 339040 - 23. Fonte de Recursos: 100 (FCDF). NOTA DE EMPENHO: 2022NE000203. Data de Emissão: 26/01/2022. Valor: R$ 63.175,00 (sessenta e três mil, cento e setenta e cinco reais). Modalidade: Estimativo. PROCEDÊNCIA DOS RECURSOS:Lei Orçamentária da União nº 14.303, de 21 de janeiro de 2022, enquanto a parcela remanescente será custeada à conta de dotações a serem alocadas nos orçamentos seguintes. PRAZO DE VIGÊNCIA: O Contrato terá vigência de 36 (trinta e seis) meses a contar da sua assinatura, podendo ser prorrogado, no interesse da Contratante, por iguais e sucessivos períodos até o limite de 60 (sessenta) meses, conforme artigo 57, inciso II, da lei nº. 8666/93. DATA DE ASSINATURA: 10/02/2022. SIGNATÁRIOS: Pelo Distrito Federal: Robson Cândido da Silva, na qualidade de Delegado-Geral. Pela Contratada: Larissa Borges Rodrigues, na qualidade de Representante Legal.",03/2022,00052-00014928/2021-71,Polícia Civil,Certiminas Certificação Digital Ltda,"Contratação de empresa especializada para a prestação de serviços de renovação e validação de certificados digitais padrão ICP-Brasil, por 36 (trinta e seis) meses","144.270,00",73901,28.845.0903.00NR.0053,339040,100,2022NE000203,10/02/2022,"O Contrato terá vigência de 36 (trinta e seis) meses a contar da sua assinatura, podendo ser prorrogado, no interesse da Contratante, por iguais e sucessivos períodos até o limite de 60 (sessenta) meses, conforme artigo 57, inciso II, da lei nº. 8666/93.",,,,,"144.270,00","144.270,00",03/2022,"144.270,00","contratacao de empresa especializada para a prestacao de servicos de renovacao e validacao de certificados digitais padrao icp-brasil, por 36 (trinta e seis) meses",policia civil,certiminas certificacao digital ltda,nan,nan,"extrato do contrato no 03/2022, nos termos do padrao no 04/2002 prestacao de servico processo: 00052-00014928/2021-71 partes: distrito federal/policia civil x certiminas certificacao digital ltda. fundamentacao legal: edital do pregao eletronico no 62/2021-pcdf (76898424-sei), proposta da empresa (77823907-sei), lei no 8.666/1993, lei 10.520/2002, decreto federal 10.04/2019 e in 05/2017 - mpog. objeto: contratacao de empresa especializada para a prestacao de servicos de renovacao e validacao de certificados digitais padrao icp-brasil, por 36 (trinta e seis) meses. valor total: r$ 144.270,00 (cento e quarenta e quatro mil, duzentos e setenta reais). dotacao orcamentaria: unidade orcamentaria: 73901; programa de trabalho: 28.845.0903.00nr.0053; natureza da despesa: 339040 - 23. fonte de recursos: 100 (fcdf). nota de empenho: 2022ne000203. data de emissao: 26/01/2022. valor: r$ 63.175,00 (sessenta e tres mil, cento e setenta e cinco reais). modalidade: estimativo. procedencia dos recursos:lei orcamentaria da uniao no 14.303, de 21 de janeiro de 2022, enquanto a parcela remanescente sera custeada a conta de dotacoes a serem alocadas nos orcamentos seguintes. prazo de vigencia: o contrato tera vigencia de 36 (trinta e seis) meses a contar da sua assinatura, podendo ser prorrogado, no interesse da contratante, por iguais e sucessivos periodos ate o limite de 60 (sessenta) meses, conforme artigo 57, inciso ii, da lei no. 8666/93. data de assinatura: 10/02/2022. signatarios: pelo distrito federal: robson candido da silva, na qualidade de delegado-geral. pela contratada: larissa borges rodrigues, na qualidade de representante legal.",True,92.99135102892932,639-R105,639,match:numero_contrato,False
"EXTRATO DO CONTRATO Nº 04/2022, NOS TERMOS DO PADRÃO Nº 09/2002   EXECUÇÃO DE OBRAS
Processo: 00052-00025461/2021-95 (ORIGINÁRIO DO 052.000.222/2016)   PARTES: Distrito Federal/Polícia Civil X Construtora Concretiza Eireli.. FUNDAMENTAÇÃO LEGAL: Edital de Concorrência nº 01/2021 PCDF (70924040-SEI), Projeto Básico (65496517-SEI), Proposta da Empresa (76388465, 76388531, 76388611, 76388985, 76389050, 76389123, 76389186, 76389246, 76389315, 76389400, 76389475, 76389535, 76389609, 76389668-SEI) e Lei nº 8.666/1993. OBJETO: O Contrato tem por objeto a execução da (s) obra (s) de Construção da 35ª Delegacia de Polícia, da Polícia Civil do Distrito Federal, em terreno situado na Rodovia DF   420, Área Especial   Sobradinho II, Brasília/DF. VALOR TOTAL: R$ 9.231.063,42 (nove milhões, duzentos e trinta e um mil sessenta e três reais e quarenta e dois centavos). DOTAÇÃO ORÇAMENTÁRIA: Unidade Orçamentária: 73901; Programa de Trabalho: 28.845.0903.00NR.0053; Natureza da Despesa: 449051. Fonte de Recursos: 100 (FCDF). NOTA DE EMPENHO: 2022NE000230. Data de Emissão: 31/01/2022. Valor: R$ 1.000.000,00 (um milhão de reais). Modalidade: Global. PROCEDÊNCIA DOS RECURSOS: Lei Orçamentária da União nº 14.303, de 21 de janeiro de 2022, enquanto a parcela remanescente será custeada à conta de dotações a serem alocadas nos orçamentos seguintes. PRAZO DE VIGÊNCIA: O Contrato terá vigência de 685 (seiscentos e oitenta e cinco) dias corridos, contados de sua assinatura, podendo ser prorrogado, na ocorrência de uma das hipóteses previstas no artigo 57, §1º, da Lei 8.666/93. DATA DE ASSINATURA: 17/02/2022. SIGNATÁRIOS: Pelo Distrito Federal: Robson Cândido da Silva, na qualidade de Delegado-Geral. Pela Contratada: Carlos Antônio da Silva Filho, na qualidade de Representante Legal.",04/2022,00052-00025461/2021-95,Polícia Civil,Construtora Concretiza Eireli..,"O Contrato tem por objeto a execução da (s) obra (s) de Construção da 35ª Delegacia de Polícia, da Polícia Civil do Distrito Federal, em terreno situado na Rodovia DF   420, Área Especial   Sobradinho II, Brasília/DF","9.231.063,42",73901,28.845.0903.00NR.0053,449051,100,2022NE000230,17/02/2022,"O Contrato terá vigência de 685 (seiscentos e oitenta e cinco) dias corridos, contados de sua assinatura, podendo ser prorrogado, na ocorrência de uma das hipóteses previstas no artigo 57, §1º, da Lei 8.666/93.",,,,,"9.231.063,42","9.231.063,42",04/2022,"9.231.063,42","o contrato tem por objeto a execucao da (s) obra (s) de construcao da 35a delegacia de policia, da policia civil do distrito federal, em terreno situado na rodovia df 420, area especial sobradinho ii, brasilia/df",policia civil,construtora concretiza eireli..,nan,nan,"extrato do contrato no 04/2022, nos termos do padrao no 09/2002 execucao de obras processo: 00052-00025461/2021-95 (originario do 052.000.222/2016) partes: distrito federal/policia civil x construtora concretiza eireli.. fundamentacao legal: edital de concorrencia no 01/2021 pcdf (70924040-sei), projeto basico (65496517-sei), proposta da empresa (76388465, 76388531, 76388611, 76388985, 76389050, 76389123, 76389186, 76389246, 76389315, 76389400, 76389475, 76389535, 76389609, 76389668-sei) e lei no 8.666/1993. objeto: o contrato tem por objeto a execucao da (s) obra (s) de construcao da 35a delegacia de policia, da policia civil do distrito federal, em terreno situado na rodovia df 420, area especial sobradinho ii, brasilia/df. valor total: r$ 9.231.063,42 (nove milhoes, duzentos e trinta e um mil sessenta e tres reais e quarenta e dois centavos). dotacao orcamentaria: unidade orcamentaria: 73901; programa de trabalho: 28.845.0903.00nr.0053; natureza da despesa: 449051. fonte de recursos: 100 (fcdf). nota de empenho: 2022ne000230. data de emissao: 31/01/2022. valor: r$ 1.000.000,00 (um milhao de reais). modalidade: global. procedencia dos recursos: lei orcamentaria da uniao no 14.303, de 21 de janeiro de 2022, enquanto a parcela remanescente sera custeada a conta de dotacoes a serem alocadas nos orcamentos seguintes. prazo de vigencia: o contrato tera vigencia de 685 (seiscentos e oitenta e cinco) dias corridos, contados de sua assinatura, podendo ser prorrogado, na ocorrencia de uma das hipoteses previstas no artigo 57, §1o, da lei 8.666/93. data de assinatura: 17/02/2022. signatarios: pelo distrito federal: robson candido da silva, na qualidade de delegado-geral. pela contratada: carlos antonio da silva filho, na qualidade de representante legal.",True,93.06326304106548,639-R115,639,match:numero_contrato,False
"EXTRATO DO CONTRATO Nº 04/2022, NOS TERMOS DO PADRÃO Nº 09/2002   EXECUÇÃO DE OBRAS
Processo: 00052-00025461/2021-95 (ORIGINÁRIO DO 052.000.222/2016)   PARTES: Distrito Federal/Polícia Civil X Construtora Concretiza Eireli.. FUNDAMENTAÇÃO LEGAL: Edital de Concorrência nº 01/2021 PCDF (70924040-SEI), Projeto Básico (65496517-SEI), Proposta da Empresa (76388465, 76388531, 76388611, 76388985, 76389050, 76389123, 76389186, 76389246, 76389315, 76389400, 76389475, 76389535, 76389609, 76389668-SEI) e Lei nº 8.666/1993. OBJETO: O Contrato tem por objeto a execução da (s) obra (s) de Construção da 35ª Delegacia de Polícia, da Polícia Civil do Distrito Federal, em terreno situado na Rodovia DF   420, Área Especial   Sobradinho II, Brasília/DF. VALOR TOTAL: R$ 9.231.063,42 (nove milhões, duzentos e trinta e um mil sessenta e três reais e quarenta e dois centavos). DOTAÇÃO ORÇAMENTÁRIA: Unidade Orçamentária: 73901; Programa de Trabalho: 28.845.0903.00NR.0053; Natureza da Despesa: 449051. Fonte de Recursos: 100 (FCDF). NOTA DE EMPENHO: 2022NE000230. Data de Emissão: 31/01/2022. Valor: R$ 1.000.000,00 (um milhão de reais). Modalidade: Global. PROCEDÊNCIA DOS RECURSOS: Lei Orçamentária da União nº 14.303, de 21 de janeiro de 2022, enquanto a parcela remanescente será custeada à conta de dotações a serem alocadas nos orçamentos seguintes. PRAZO DE VIGÊNCIA: O Contrato terá vigência de 685 (seiscentos e oitenta e cinco) dias corridos, contados de sua assinatura, podendo ser prorrogado, na ocorrência de uma das hipóteses previstas no artigo 57, §1º, da Lei 8.666/93. DATA DE ASSINATURA: 17/02/2022. SIGNATÁRIOS: Pelo Distrito Federal: Robson Cândido da Silva, na qualidade de Delegado-Geral. Pela Contratada: Carlos Antônio da Silva Filho, na qualidade de Representante Legal.",04/2022,00052-00025461/2021-95,Polícia Civil,Construtora Concretiza Eireli,"O Contrato tem por objeto a execução da (s) obra (s) de Construção da 35ª Delegacia de Polícia, da Polícia Civil do Distrito Federal, em terreno situado na Rodovia DF   420, Área Especial   Sobradinho II, Brasília/DF.","9.231.063,42",73901,28.845.0903.00NR.0053,449051,100,2022NE000230,17/02/2022,"O Contrato terá vigência de 685 (seiscentos e oitenta e cinco) dias corridos, contados de sua assinatura, podendo ser prorrogado, na ocorrência de uma das hipóteses previstas no artigo 57, §1º, da Lei 8.666/93.",,,,,"9.231.063,42","9.231.063,42",04/2022,"9.231.063,42","o contrato tem por objeto a execucao da (s) obra (s) de construcao da 35a delegacia de policia, da policia civil do distrito federal, em terreno situado na rodovia df 420, area especial sobradinho ii, brasilia/df.",policia civil,construtora concretiza eireli,nan,nan,"extrato do contrato no 04/2022, nos termos do padrao no 09/2002 execucao de obras processo: 00052-00025461/2021-95 (originario do 052.000.222/2016) partes: distrito federal/policia civil x construtora concretiza eireli.. fundamentacao legal: edital de concorrencia no 01/2021 pcdf (70924040-sei), projeto basico (65496517-sei), proposta da empresa (76388465, 76388531, 76388611, 76388985, 76389050, 76389123, 76389186, 76389246, 76389315, 76389400, 76389475, 76389535, 76389609, 76389668-sei) e lei no 8.666/1993. objeto: o contrato tem por objeto a execucao da (s) obra (s) de construcao da 35a delegacia de policia, da policia civil do distrito federal, em terreno situado na rodovia df 420, area especial sobradinho ii, brasilia/df. valor total: r$ 9.231.063,42 (nove milhoes, duzentos e trinta e um mil sessenta e tres reais e quarenta e dois centavos). dotacao orcamentaria: unidade orcamentaria: 73901; programa de trabalho: 28.845.0903.00nr.0053; natureza da despesa: 449051. fonte de recursos: 100 (fcdf). nota de empenho: 2022ne000230. data de emissao: 31/01/2022. valor: r$ 1.000.000,00 (um milhao de reais). modalidade: global. procedencia dos recursos: lei orcamentaria da uniao no 14.303, de 21 de janeiro de 2022, enquanto a parcela remanescente sera custeada a conta de dotacoes a serem alocadas nos orcamentos seguintes. prazo de vigencia: o contrato tera vigencia de 685 (seiscentos e oitenta e cinco) dias corridos, contados de sua assinatura, podendo ser prorrogado, na ocorrencia de uma das hipoteses previstas no artigo 57, §1o, da lei 8.666/93. data de assinatura: 17/02/2022. signatarios: pelo distrito federal: robson candido da silva, na qualidade de delegado-geral. pela contratada: carlos antonio da silva filho, na qualidade de representante legal.",True,93.06326304106548,639-R115,639,match:numero_contrato,False
"EXTRATO DO CONTRATO Nº 04/2022, NOS TERMOS DO PADRÃO Nº 09/2002   EXECUÇÃO DE OBRAS
Processo: 00052-00025461/2021-95 (ORIGINÁRIO DO 052.000.222/2016)   PARTES: Distrito Federal/Polícia Civil X Construtora Concretiza Eireli.. FUNDAMENTAÇÃO LEGAL: Edital de Concorrência nº 01/2021 PCDF (70924040-SEI), Projeto Básico (65496517-SEI), Proposta da Empresa (76388465, 76388531, 76388611, 76388985, 76389050, 76389123, 76389186, 76389246, 76389315, 76389400, 76389475, 76389535, 76389609, 76389668-SEI) e Lei nº 8.666/1993. OBJETO: O Contrato tem por objeto a execução da (s) obra (s) de Construção da 35ª Delegacia de Polícia, da Polícia Civil do Distrito Federal, em terreno situado na Rodovia DF   420, Área Especial   Sobradinho II, Brasília/DF. VALOR TOTAL: R$ 9.231.063,42 (nove milhões, duzentos e trinta e um mil sessenta e três reais e quarenta e dois centavos). DOTAÇÃO ORÇAMENTÁRIA: Unidade Orçamentária: 73901; Programa de Trabalho: 28.845.0903.00NR.0053; Natureza da Despesa: 449051. Fonte de Recursos: 100 (FCDF). NOTA DE EMPENHO: 2022NE000230. Data de Emissão: 31/01/2022. Valor: R$ 1.000.000,00 (um milhão de reais). Modalidade: Global. PROCEDÊNCIA DOS RECURSOS: Lei Orçamentária da União nº 14.303, de 21 de janeiro de 2022, enquanto a parcela remanescente será custeada à conta de dotações a serem alocadas nos orçamentos seguintes. PRAZO DE VIGÊNCIA: O Contrato terá vigência de 685 (seiscentos e oitenta e cinco) dias corridos, contados de sua assinatura, podendo ser prorrogado, na ocorrência de uma das hipóteses previstas no artigo 57, §1º, da Lei 8.666/93. DATA DE ASSINATURA: 17/02/2022. SIGNATÁRIOS: Pelo Distrito Federal: Robson Cândido da Silva, na qualidade de Delegado-Geral. Pela Contratada: Carlos Antônio da Silva Filho, na qualidade de Representante Legal.",04/2022,00052-00025461/2021-95,Polícia Civil,Construtora Concretiza Eireli.,"O Contrato tem por objeto a execução da (s) obra (s) de Construção da 35ª Delegacia de Polícia, da Polícia Civil do Distrito Federal, em terreno situado na Rodovia DF   420, Área Especial   Sobradinho II, Brasília/DF.","9.231.063,42",73901,28.845.0903.00NR.0053,449051,100,2022NE000230,17/02/2022,"O Contrato terá vigência de 685 (seiscentos e oitenta e cinco) dias corridos, contados de sua assinatura, podendo ser prorrogado, na ocorrência de uma das hipóteses previstas no artigo 57, §1º, da Lei 8.666/93.",,,,,"9.231.063,42","9.231.063,42",04/2022,"9.231.063,42","o contrato tem por objeto a execucao da (s) obra (s) de construcao da 35a delegacia de policia, da policia civil do distrito federal, em terreno situado na rodovia df 420, area especial sobradinho ii, brasilia/df.",policia civil,construtora concretiza eireli.,nan,nan,"extrato do contrato no 04/2022, nos termos do padrao no 09/2002 execucao de obras processo: 00052-00025461/2021-95 (originario do 052.000.222/2016) partes: distrito federal/policia civil x construtora concretiza eireli.. fundamentacao legal: edital de concorrencia no 01/2021 pcdf (70924040-sei), projeto basico (65496517-sei), proposta da empresa (76388465, 76388531, 76388611, 76388985, 76389050, 76389123, 76389186, 76389246, 76389315, 76389400, 76389475, 76389535, 76389609, 76389668-sei) e lei no 8.666/1993. objeto: o contrato tem por objeto a execucao da (s) obra (s) de construcao da 35a delegacia de policia, da policia civil do distrito federal, em terreno situado na rodovia df 420, area especial sobradinho ii, brasilia/df. valor total: r$ 9.231.063,42 (nove milhoes, duzentos e trinta e um mil sessenta e tres reais e quarenta e dois centavos). dotacao orcamentaria: unidade orcamentaria: 73901; programa de trabalho: 28.845.0903.00nr.0053; natureza da despesa: 449051. fonte de recursos: 100 (fcdf). nota de empenho: 2022ne000230. data de emissao: 31/01/2022. valor: r$ 1.000.000,00 (um milhao de reais). modalidade: global. procedencia dos recursos: lei orcamentaria da uniao no 14.303, de 21 de janeiro de 2022, enquanto a parcela remanescente sera custeada a conta de dotacoes a serem alocadas nos orcamentos seguintes. prazo de vigencia: o contrato tera vigencia de 685 (seiscentos e oitenta e cinco) dias corridos, contados de sua assinatura, podendo ser prorrogado, na ocorrencia de uma das hipoteses previstas no artigo 57, §1o, da lei 8.666/93. data de assinatura: 17/02/2022. signatarios: pelo distrito federal: robson candido da silva, na qualidade de delegado-geral. pela contratada: carlos antonio da silva filho, na qualidade de representante legal.",True,93.06326304106548,639-R115,639,match:numero_contrato,False
"EXTRATO DO CONTRATO Nº 04/2022, NOS TERMOS DO PADRÃO Nº 09/2002   EXECUÇÃO DE OBRAS
Processo: 00052-00025461/2021-95 (ORIGINÁRIO DO 052.000.222/2016)   PARTES: Distrito Federal/Polícia Civil X Construtora Concretiza Eireli.. FUNDAMENTAÇÃO LEGAL: Edital de Concorrência nº 01/2021 PCDF (70924040-SEI), Projeto Básico (65496517-SEI), Proposta da Empresa (76388465, 76388531, 76388611, 76388985, 76389050, 76389123, 76389186, 76389246, 76389315, 76389400, 76389475, 76389535, 76389609, 76389668-SEI) e Lei nº 8.666/1993. OBJETO: O Contrato tem por objeto a execução da (s) obra (s) de Construção da 35ª Delegacia de Polícia, da Polícia Civil do Distrito Federal, em terreno situado na Rodovia DF   420, Área Especial   Sobradinho II, Brasília/DF. VALOR TOTAL: R$ 9.231.063,42 (nove milhões, duzentos e trinta e um mil sessenta e três reais e quarenta e dois centavos). DOTAÇÃO ORÇAMENTÁRIA: Unidade Orçamentária: 73901; Programa de Trabalho: 28.845.0903.00NR.0053; Natureza da Despesa: 449051. Fonte de Recursos: 100 (FCDF). NOTA DE EMPENHO: 2022NE000230. Data de Emissão: 31/01/2022. Valor: R$ 1.000.000,00 (um milhão de reais). Modalidade: Global. PROCEDÊNCIA DOS RECURSOS: Lei Orçamentária da União nº 14.303, de 21 de janeiro de 2022, enquanto a parcela remanescente será custeada à conta de dotações a serem alocadas nos orçamentos seguintes. PRAZO DE VIGÊNCIA: O Contrato terá vigência de 685 (seiscentos e oitenta e cinco) dias corridos, contados de sua assinatura, podendo ser prorrogado, na ocorrência de uma das hipóteses previstas no artigo 57, §1º, da Lei 8.666/93. DATA DE ASSINATURA: 17/02/2022. SIGNATÁRIOS: Pelo Distrito Federal: Robson Cândido da Silva, na qualidade de Delegado-Geral. Pela Contratada: Carlos Antônio da Silva Filho, na qualidade de Representante Legal.",04/2022,00052-00025461/2021-95,Polícia Civil,Construtora Concretiza Eireli.,"O Contrato tem por objeto a execução da (s) obra (s) de Construção da 35ª Delegacia de Polícia, da Polícia Civil do Distrito Federal, em terreno situado na Rodovia DF   420, Área Especial   Sobradinho II, Brasília/DF.","9.231.063,42",73901,28.845.0903.00NR.0053,449051,100,2022NE000230,17/02/2022,"O Contrato terá vigência de 685 (seiscentos e oitenta e cinco) dias corridos, contados de sua assinatura, podendo ser prorrogado, na ocorrência de uma das hipóteses previstas no artigo 57, §1º, da Lei 8.666/93",,,,,"9.231.063,42","9.231.063,42",04/2022,"9.231.063,42","o contrato tem por objeto a execucao da (s) obra (s) de construcao da 35a delegacia de policia, da policia civil do distrito federal, em terreno situado na rodovia df 420, area especial sobradinho ii, brasilia/df.",policia civil,construtora concretiza eireli.,nan,nan,"extrato do contrato no 04/2022, nos termos do padrao no 09/2002 execucao de obras processo: 00052-00025461/2021-95 (originario do 052.000.222/2016) partes: distrito federal/policia civil x construtora concretiza eireli.. fundamentacao legal: edital de concorrencia no 01/2021 pcdf (70924040-sei), projeto basico (65496517-sei), proposta da empresa (76388465, 76388531, 76388611, 76388985, 76389050, 76389123, 76389186, 76389246, 76389315, 76389400, 76389475, 76389535, 76389609, 76389668-sei) e lei no 8.666/1993. objeto: o contrato tem por objeto a execucao da (s) obra (s) de construcao da 35a delegacia de policia, da policia civil do distrito federal, em terreno situado na rodovia df 420, area especial sobradinho ii, brasilia/df. valor total: r$ 9.231.063,42 (nove milhoes, duzentos e trinta e um mil sessenta e tres reais e quarenta e dois centavos). dotacao orcamentaria: unidade orcamentaria: 73901; programa de trabalho: 28.845.0903.00nr.0053; natureza da despesa: 449051. fonte de recursos: 100 (fcdf). nota de empenho: 2022ne000230. data de emissao: 31/01/2022. valor: r$ 1.000.000,00 (um milhao de reais). modalidade: global. procedencia dos recursos: lei orcamentaria da uniao no 14.303, de 21 de janeiro de 2022, enquanto a parcela remanescente sera custeada a conta de dotacoes a serem alocadas nos orcamentos seguintes. prazo de vigencia: o contrato tera vigencia de 685 (seiscentos e oitenta e cinco) dias corridos, contados de sua assinatura, podendo ser prorrogado, na ocorrencia de uma das hipoteses previstas no artigo 57, §1o, da lei 8.666/93. data de assinatura: 17/02/2022. signatarios: pelo distrito federal: robson candido da silva, na qualidade de delegado-geral. pela contratada: carlos antonio da silva filho, na qualidade de representante legal.",True,93.06326304106548,639-R115,639,match:numero_contrato,False
"EXTRATO DO CONTRATO Nº 04/2022, NOS TERMOS DO PADRÃO Nº 09/2002   EXECUÇÃO DE OBRAS
Processo: 00052-00025461/2021-95 (ORIGINÁRIO DO 052.000.222/2016)   PARTES: Distrito Federal/Polícia Civil X Construtora Concretiza Eireli.. FUNDAMENTAÇÃO LEGAL: Edital de Concorrência nº 01/2021 PCDF (70924040-SEI), Projeto Básico (65496517-SEI), Proposta da Empresa (76388465, 76388531, 76388611, 76388985, 76389050, 76389123, 76389186, 76389246, 76389315, 76389400, 76389475, 76389535, 76389609, 76389668-SEI) e Lei nº 8.666/1993. OBJETO: O Contrato tem por objeto a execução da (s) obra (s) de Construção da 35ª Delegacia de Polícia, da Polícia Civil do Distrito Federal, em terreno situado na Rodovia DF   420, Área Especial   Sobradinho II, Brasília/DF. VALOR TOTAL: R$ 9.231.063,42 (nove milhões, duzentos e trinta e um mil sessenta e três reais e quarenta e dois centavos). DOTAÇÃO ORÇAMENTÁRIA: Unidade Orçamentária: 73901; Programa de Trabalho: 28.845.0903.00NR.0053; Natureza da Despesa: 449051. Fonte de Recursos: 100 (FCDF). NOTA DE EMPENHO: 2022NE000230. Data de Emissão: 31/01/2022. Valor: R$ 1.000.000,00 (um milhão de reais). Modalidade: Global. PROCEDÊNCIA DOS RECURSOS: Lei Orçamentária da União nº 14.303, de 21 de janeiro de 2022, enquanto a parcela remanescente será custeada à conta de dotações a serem alocadas nos orçamentos seguintes. PRAZO DE VIGÊNCIA: O Contrato terá vigência de 685 (seiscentos e oitenta e cinco) dias corridos, contados de sua assinatura, podendo ser prorrogado, na ocorrência de uma das hipóteses previstas no artigo 57, §1º, da Lei 8.666/93. DATA DE ASSINATURA: 17/02/2022. SIGNATÁRIOS: Pelo Distrito Federal: Robson Cândido da Silva, na qualidade de Delegado-Geral. Pela Contratada: Carlos Antônio da Silva Filho, na qualidade de Representante Legal.",04/2022,00052-00025461/2021-95,Polícia Civil,Construtora Concretiza Eireli.,"O Contrato tem por objeto a execução da (s) obra (s) de Construção da 35ª Delegacia de Polícia, da Polícia Civil do Distrito Federal, em terreno situado na Rodovia DF   420, Área Especial   Sobradinho II, Brasília/DF","9.231.063,42",73901,28.845.0903.00NR.0053,449051,100,2022NE000230,17/02/2022,"O Contrato terá vigência de 685 (seiscentos e oitenta e cinco) dias corridos, contados de sua assinatura, podendo ser prorrogado, na ocorrência de uma das hipóteses previstas no artigo 57, §1º, da Lei 8.666/93",,,,,"9.231.063,42","9.231.063,42",04/2022,"9.231.063,42","o contrato tem por objeto a execucao da (s) obra (s) de construcao da 35a delegacia de policia, da policia civil do distrito federal, em terreno situado na rodovia df 420, area especial sobradinho ii, brasilia/df",policia civil,construtora concretiza eireli.,nan,nan,"extrato do contrato no 04/2022, nos termos do padrao no 09/2002 execucao de obras processo: 00052-00025461/2021-95 (originario do 052.000.222/2016) partes: distrito federal/policia civil x construtora concretiza eireli.. fundamentacao legal: edital de concorrencia no 01/2021 pcdf (70924040-sei), projeto basico (65496517-sei), proposta da empresa (76388465, 76388531, 76388611, 76388985, 76389050, 76389123, 76389186, 76389246, 76389315, 76389400, 76389475, 76389535, 76389609, 76389668-sei) e lei no 8.666/1993. objeto: o contrato tem por objeto a execucao da (s) obra (s) de construcao da 35a delegacia de policia, da policia civil do distrito federal, em terreno situado na rodovia df 420, area especial sobradinho ii, brasilia/df. valor total: r$ 9.231.063,42 (nove milhoes, duzentos e trinta e um mil sessenta e tres reais e quarenta e dois centavos). dotacao orcamentaria: unidade orcamentaria: 73901; programa de trabalho: 28.845.0903.00nr.0053; natureza da despesa: 449051. fonte de recursos: 100 (fcdf). nota de empenho: 2022ne000230. data de emissao: 31/01/2022. valor: r$ 1.000.000,00 (um milhao de reais). modalidade: global. procedencia dos recursos: lei orcamentaria da uniao no 14.303, de 21 de janeiro de 2022, enquanto a parcela remanescente sera custeada a conta de dotacoes a serem alocadas nos orcamentos seguintes. prazo de vigencia: o contrato tera vigencia de 685 (seiscentos e oitenta e cinco) dias corridos, contados de sua assinatura, podendo ser prorrogado, na ocorrencia de uma das hipoteses previstas no artigo 57, §1o, da lei 8.666/93. data de assinatura: 17/02/2022. signatarios: pelo distrito federal: robson candido da silva, na qualidade de delegado-geral. pela contratada: carlos antonio da silva filho, na qualidade de representante legal.",True,93.06326304106548,639-R115,639,match:numero_contrato,False
"EXTRATO DO CONTRATO Nº 04/2022, NOS TERMOS DO PADRÃO Nº 09/2002   EXECUÇÃO DE OBRAS
Processo: 00052-00025461/2021-95 (ORIGINÁRIO DO 052.000.222/2016)   PARTES: Distrito Federal/Polícia Civil X Construtora Concretiza Eireli.. FUNDAMENTAÇÃO LEGAL: Edital de Concorrência nº 01/2021 PCDF (70924040-SEI), Projeto Básico (65496517-SEI), Proposta da Empresa (76388465, 76388531, 76388611, 76388985, 76389050, 76389123, 76389186, 76389246, 76389315, 76389400, 76389475, 76389535, 76389609, 76389668-SEI) e Lei nº 8.666/1993. OBJETO: O Contrato tem por objeto a execução da (s) obra (s) de Construção da 35ª Delegacia de Polícia, da Polícia Civil do Distrito Federal, em terreno situado na Rodovia DF   420, Área Especial   Sobradinho II, Brasília/DF. VALOR TOTAL: R$ 9.231.063,42 (nove milhões, duzentos e trinta e um mil sessenta e três reais e quarenta e dois centavos). DOTAÇÃO ORÇAMENTÁRIA: Unidade Orçamentária: 73901; Programa de Trabalho: 28.845.0903.00NR.0053; Natureza da Despesa: 449051. Fonte de Recursos: 100 (FCDF). NOTA DE EMPENHO: 2022NE000230. Data de Emissão: 31/01/2022. Valor: R$ 1.000.000,00 (um milhão de reais). Modalidade: Global. PROCEDÊNCIA DOS RECURSOS: Lei Orçamentária da União nº 14.303, de 21 de janeiro de 2022, enquanto a parcela remanescente será custeada à conta de dotações a serem alocadas nos orçamentos seguintes. PRAZO DE VIGÊNCIA: O Contrato terá vigência de 685 (seiscentos e oitenta e cinco) dias corridos, contados de sua assinatura, podendo ser prorrogado, na ocorrência de uma das hipóteses previstas no artigo 57, §1º, da Lei 8.666/93. DATA DE ASSINATURA: 17/02/2022. SIGNATÁRIOS: Pelo Distrito Federal: Robson Cândido da Silva, na qualidade de Delegado-Geral. Pela Contratada: Carlos Antônio da Silva Filho, na qualidade de Representante Legal.",04/2022,00052-00025461/2021-95,Polícia Civil,Construtora Concretiza Eireli.,"O Contrato tem por objeto a execução da (s) obra (s) de Construção da 35ª Delegacia de Polícia, da Polícia Civil do Distrito Federal, em terreno situado na Rodovia DF   420, Área Especial   Sobradinho II, Brasília/DF","9.231.063,42",73901,28.845.0903.00NR.0053,449051,100,2022NE000230,17/02/2022,"O Contrato terá vigência de 685 (seiscentos e oitenta e cinco) dias corridos, contados de sua assinatura, podendo ser prorrogado, na ocorrência de uma das hipóteses previstas no artigo 57, §1º, da Lei 8.666/93.",,,,,"9.231.063,42","9.231.063,42",04/2022,"9.231.063,42","o contrato tem por objeto a execucao da (s) obra (s) de construcao da 35a delegacia de policia, da policia civil do distrito federal, em terreno situado na rodovia df 420, area especial sobradinho ii, brasilia/df",policia civil,construtora concretiza eireli.,nan,nan,"extrato do contrato no 04/2022, nos termos do padrao no 09/2002 execucao de obras processo: 00052-00025461/2021-95 (originario do 052.000.222/2016) partes: distrito federal/policia civil x construtora concretiza eireli.. fundamentacao legal: edital de concorrencia no 01/2021 pcdf (70924040-sei), projeto basico (65496517-sei), proposta da empresa (76388465, 76388531, 76388611, 76388985, 76389050, 76389123, 76389186, 76389246, 76389315, 76389400, 76389475, 76389535, 76389609, 76389668-sei) e lei no 8.666/1993. objeto: o contrato tem por objeto a execucao da (s) obra (s) de construcao da 35a delegacia de policia, da policia civil do distrito federal, em terreno situado na rodovia df 420, area especial sobradinho ii, brasilia/df. valor total: r$ 9.231.063,42 (nove milhoes, duzentos e trinta e um mil sessenta e tres reais e quarenta e dois centavos). dotacao orcamentaria: unidade orcamentaria: 73901; programa de trabalho: 28.845.0903.00nr.0053; natureza da despesa: 449051. fonte de recursos: 100 (fcdf). nota de empenho: 2022ne000230. data de emissao: 31/01/2022. valor: r$ 1.000.000,00 (um milhao de reais). modalidade: global. procedencia dos recursos: lei orcamentaria da uniao no 14.303, de 21 de janeiro de 2022, enquanto a parcela remanescente sera custeada a conta de dotacoes a serem alocadas nos orcamentos seguintes. prazo de vigencia: o contrato tera vigencia de 685 (seiscentos e oitenta e cinco) dias corridos, contados de sua assinatura, podendo ser prorrogado, na ocorrencia de uma das hipoteses previstas no artigo 57, §1o, da lei 8.666/93. data de assinatura: 17/02/2022. signatarios: pelo distrito federal: robson candido da silva, na qualidade de delegado-geral. pela contratada: carlos antonio da silva filho, na qualidade de representante legal.",True,93.06326304106548,639-R115,639,match:numero_contrato,False
"EXTRATO DO CONTRATO Nº 04/2022, NOS TERMOS DO PADRÃO Nº 09/2002   EXECUÇÃO DE OBRAS
Processo: 00052-00025461/2021-95 (ORIGINÁRIO DO 052.000.222/2016)   PARTES: Distrito Federal/Polícia Civil X Construtora Concretiza Eireli.. FUNDAMENTAÇÃO LEGAL: Edital de Concorrência nº 01/2021 PCDF (70924040-SEI), Projeto Básico (65496517-SEI), Proposta da Empresa (76388465, 76388531, 76388611, 76388985, 76389050, 76389123, 76389186, 76389246, 76389315, 76389400, 76389475, 76389535, 76389609, 76389668-SEI) e Lei nº 8.666/1993. OBJETO: O Contrato tem por objeto a execução da (s) obra (s) de Construção da 35ª Delegacia de Polícia, da Polícia Civil do Distrito Federal, em terreno situado na Rodovia DF   420, Área Especial   Sobradinho II, Brasília/DF. VALOR TOTAL: R$ 9.231.063,42 (nove milhões, duzentos e trinta e um mil sessenta e três reais e quarenta e dois centavos). DOTAÇÃO ORÇAMENTÁRIA: Unidade Orçamentária: 73901; Programa de Trabalho: 28.845.0903.00NR.0053; Natureza da Despesa: 449051. Fonte de Recursos: 100 (FCDF). NOTA DE EMPENHO: 2022NE000230. Data de Emissão: 31/01/2022. Valor: R$ 1.000.000,00 (um milhão de reais). Modalidade: Global. PROCEDÊNCIA DOS RECURSOS: Lei Orçamentária da União nº 14.303, de 21 de janeiro de 2022, enquanto a parcela remanescente será custeada à conta de dotações a serem alocadas nos orçamentos seguintes. PRAZO DE VIGÊNCIA: O Contrato terá vigência de 685 (seiscentos e oitenta e cinco) dias corridos, contados de sua assinatura, podendo ser prorrogado, na ocorrência de uma das hipóteses previstas no artigo 57, §1º, da Lei 8.666/93. DATA DE ASSINATURA: 17/02/2022. SIGNATÁRIOS: Pelo Distrito Federal: Robson Cândido da Silva, na qualidade de Delegado-Geral. Pela Contratada: Carlos Antônio da Silva Filho, na qualidade de Representante Legal.",04/2022,00052-00025461/2021-95,Polícia Civil,Construtora Concretiza Eireli,"O Contrato tem por objeto a execução da (s) obra (s) de Construção da 35ª Delegacia de Polícia, da Polícia Civil do Distrito Federal, em terreno situado na Rodovia DF   420, Área Especial   Sobradinho II, Brasília/DF","9.231.063,42",73901,28.845.0903.00NR.0053,449051,100,2022NE000230,17/02/2022,"O Contrato terá vigência de 685 (seiscentos e oitenta e cinco) dias corridos, contados de sua assinatura, podendo ser prorrogado, na ocorrência de uma das hipóteses previstas no artigo 57, §1º, da Lei 8.666/93.",,,,,"9.231.063,42","9.231.063,42",04/2022,"9.231.063,42","o contrato tem por objeto a execucao da (s) obra (s) de construcao da 35a delegacia de policia, da policia civil do distrito federal, em terreno situado na rodovia df 420, area especial sobradinho ii, brasilia/df",policia civil,construtora concretiza eireli,nan,nan,"extrato do contrato no 04/2022, nos termos do padrao no 09/2002 execucao de obras processo: 00052-00025461/2021-95 (originario do 052.000.222/2016) partes: distrito federal/policia civil x construtora concretiza eireli.. fundamentacao legal: edital de concorrencia no 01/2021 pcdf (70924040-sei), projeto basico (65496517-sei), proposta da empresa (76388465, 76388531, 76388611, 76388985, 76389050, 76389123, 76389186, 76389246, 76389315, 76389400, 76389475, 76389535, 76389609, 76389668-sei) e lei no 8.666/1993. objeto: o contrato tem por objeto a execucao da (s) obra (s) de construcao da 35a delegacia de policia, da policia civil do distrito federal, em terreno situado na rodovia df 420, area especial sobradinho ii, brasilia/df. valor total: r$ 9.231.063,42 (nove milhoes, duzentos e trinta e um mil sessenta e tres reais e quarenta e dois centavos). dotacao orcamentaria: unidade orcamentaria: 73901; programa de trabalho: 28.845.0903.00nr.0053; natureza da despesa: 449051. fonte de recursos: 100 (fcdf). nota de empenho: 2022ne000230. data de emissao: 31/01/2022. valor: r$ 1.000.000,00 (um milhao de reais). modalidade: global. procedencia dos recursos: lei orcamentaria da uniao no 14.303, de 21 de janeiro de 2022, enquanto a parcela remanescente sera custeada a conta de dotacoes a serem alocadas nos orcamentos seguintes. prazo de vigencia: o contrato tera vigencia de 685 (seiscentos e oitenta e cinco) dias corridos, contados de sua assinatura, podendo ser prorrogado, na ocorrencia de uma das hipoteses previstas no artigo 57, §1o, da lei 8.666/93. data de assinatura: 17/02/2022. signatarios: pelo distrito federal: robson candido da silva, na qualidade de delegado-geral. pela contratada: carlos antonio da silva filho, na qualidade de representante legal.",True,93.06326304106548,639-R115,639,match:numero_contrato,False
"EXTRATO DO CONTRATO Nº 04/2022, NOS TERMOS DO PADRÃO Nº 09/2002   EXECUÇÃO DE OBRAS
Processo: 00052-00025461/2021-95 (ORIGINÁRIO DO 052.000.222/2016)   PARTES: Distrito Federal/Polícia Civil X Construtora Concretiza Eireli.. FUNDAMENTAÇÃO LEGAL: Edital de Concorrência nº 01/2021 PCDF (70924040-SEI), Projeto Básico (65496517-SEI), Proposta da Empresa (76388465, 76388531, 76388611, 76388985, 76389050, 76389123, 76389186, 76389246, 76389315, 76389400, 76389475, 76389535, 76389609, 76389668-SEI) e Lei nº 8.666/1993. OBJETO: O Contrato tem por objeto a execução da (s) obra (s) de Construção da 35ª Delegacia de Polícia, da Polícia Civil do Distrito Federal, em terreno situado na Rodovia DF   420, Área Especial   Sobradinho II, Brasília/DF. VALOR TOTAL: R$ 9.231.063,42 (nove milhões, duzentos e trinta e um mil sessenta e três reais e quarenta e dois centavos). DOTAÇÃO ORÇAMENTÁRIA: Unidade Orçamentária: 73901; Programa de Trabalho: 28.845.0903.00NR.0053; Natureza da Despesa: 449051. Fonte de Recursos: 100 (FCDF). NOTA DE EMPENHO: 2022NE000230. Data de Emissão: 31/01/2022. Valor: R$ 1.000.000,00 (um milhão de reais). Modalidade: Global. PROCEDÊNCIA DOS RECURSOS: Lei Orçamentária da União nº 14.303, de 21 de janeiro de 2022, enquanto a parcela remanescente será custeada à conta de dotações a serem alocadas nos orçamentos seguintes. PRAZO DE VIGÊNCIA: O Contrato terá vigência de 685 (seiscentos e oitenta e cinco) dias corridos, contados de sua assinatura, podendo ser prorrogado, na ocorrência de uma das hipóteses previstas no artigo 57, §1º, da Lei 8.666/93. DATA DE ASSINATURA: 17/02/2022. SIGNATÁRIOS: Pelo Distrito Federal: Robson Cândido da Silva, na qualidade de Delegado-Geral. Pela Contratada: Carlos Antônio da Silva Filho, na qualidade de Representante Legal.",04/2022,00052-00025461/2021-95,Polícia Civil,Construtora Concretiza Eireli.,"O Contrato tem por objeto a execução da (s) obra (s) de Construção da 35ª Delegacia de Polícia, da Polícia Civil do Distrito Federal, em terreno situado na Rodovia DF   420, Área Especial   Sobradinho II, Brasília/DF.","9.231.063,42",73901,28.845.0903.00NR.0053,449051,100,2022NE000230,17/02/2022,"O Contrato terá vigência de 685 (seiscentos e oitenta e cinco) dias corridos, contados de sua assinatura, podendo ser prorrogado, na ocorrência de uma das hipóteses previstas no artigo 57, §1º, da Lei 8.666/93.",,,,,"9.231.063,42","9.231.063,42",04/2022,"9.231.063,42","o contrato tem por objeto a execucao da (s) obra (s) de construcao da 35a delegacia de policia, da policia civil do distrito federal, em terreno situado na rodovia df 420, area especial sobradinho ii, brasilia/df.",policia civil,construtora concretiza eireli.,nan,nan,"extrato do contrato no 04/2022, nos termos do padrao no 09/2002 execucao de obras processo: 00052-00025461/2021-95 (originario do 052.000.222/2016) partes: distrito federal/policia civil x construtora concretiza eireli.. fundamentacao legal: edital de concorrencia no 01/2021 pcdf (70924040-sei), projeto basico (65496517-sei), proposta da empresa (76388465, 76388531, 76388611, 76388985, 76389050, 76389123, 76389186, 76389246, 76389315, 76389400, 76389475, 76389535, 76389609, 76389668-sei) e lei no 8.666/1993. objeto: o contrato tem por objeto a execucao da (s) obra (s) de construcao da 35a delegacia de policia, da policia civil do distrito federal, em terreno situado na rodovia df 420, area especial sobradinho ii, brasilia/df. valor total: r$ 9.231.063,42 (nove milhoes, duzentos e trinta e um mil sessenta e tres reais e quarenta e dois centavos). dotacao orcamentaria: unidade orcamentaria: 73901; programa de trabalho: 28.845.0903.00nr.0053; natureza da despesa: 449051. fonte de recursos: 100 (fcdf). nota de empenho: 2022ne000230. data de emissao: 31/01/2022. valor: r$ 1.000.000,00 (um milhao de reais). modalidade: global. procedencia dos recursos: lei orcamentaria da uniao no 14.303, de 21 de janeiro de 2022, enquanto a parcela remanescente sera custeada a conta de dotacoes a serem alocadas nos orcamentos seguintes. prazo de vigencia: o contrato tera vigencia de 685 (seiscentos e oitenta e cinco) dias corridos, contados de sua assinatura, podendo ser prorrogado, na ocorrencia de uma das hipoteses previstas no artigo 57, §1o, da lei 8.666/93. data de assinatura: 17/02/2022. signatarios: pelo distrito federal: robson candido da silva, na qualidade de delegado-geral. pela contratada: carlos antonio da silva filho, na qualidade de representante legal.",True,93.06326304106548,639-R115,639,match:numero_contrato,False
"EXTRATO DO CONTRATO Nº 04/2022, NOS TERMOS DO PADRÃO Nº 09/2002   EXECUÇÃO DE OBRAS
Processo: 00052-00025461/2021-95 (ORIGINÁRIO DO 052.000.222/2016)   PARTES: Distrito Federal/Polícia Civil X Construtora Concretiza Eireli.. FUNDAMENTAÇÃO LEGAL: Edital de Concorrência nº 01/2021 PCDF (70924040-SEI), Projeto Básico (65496517-SEI), Proposta da Empresa (76388465, 76388531, 76388611, 76388985, 76389050, 76389123, 76389186, 76389246, 76389315, 76389400, 76389475, 76389535, 76389609, 76389668-SEI) e Lei nº 8.666/1993. OBJETO: O Contrato tem por objeto a execução da (s) obra (s) de Construção da 35ª Delegacia de Polícia, da Polícia Civil do Distrito Federal, em terreno situado na Rodovia DF   420, Área Especial   Sobradinho II, Brasília/DF. VALOR TOTAL: R$ 9.231.063,42 (nove milhões, duzentos e trinta e um mil sessenta e três reais e quarenta e dois centavos). DOTAÇÃO ORÇAMENTÁRIA: Unidade Orçamentária: 73901; Programa de Trabalho: 28.845.0903.00NR.0053; Natureza da Despesa: 449051. Fonte de Recursos: 100 (FCDF). NOTA DE EMPENHO: 2022NE000230. Data de Emissão: 31/01/2022. Valor: R$ 1.000.000,00 (um milhão de reais). Modalidade: Global. PROCEDÊNCIA DOS RECURSOS: Lei Orçamentária da União nº 14.303, de 21 de janeiro de 2022, enquanto a parcela remanescente será custeada à conta de dotações a serem alocadas nos orçamentos seguintes. PRAZO DE VIGÊNCIA: O Contrato terá vigência de 685 (seiscentos e oitenta e cinco) dias corridos, contados de sua assinatura, podendo ser prorrogado, na ocorrência de uma das hipóteses previstas no artigo 57, §1º, da Lei 8.666/93. DATA DE ASSINATURA: 17/02/2022. SIGNATÁRIOS: Pelo Distrito Federal: Robson Cândido da Silva, na qualidade de Delegado-Geral. Pela Contratada: Carlos Antônio da Silva Filho, na qualidade de Representante Legal.",04/2022,00052-00025461/2021-95,Polícia Civil,Construtora Concretiza Eireli.,"O Contrato tem por objeto a execução da (s) obra (s) de Construção da 35ª Delegacia de Polícia, da Polícia Civil do Distrito Federal, em terreno situado na Rodovia DF   420, Área Especial   Sobradinho II, Brasília/DF.","9.231.063,42",73901,28.845.0903.00NR.0053,449051,100,2022NE000230,17/02/2022,"O Contrato terá vigência de 685 (seiscentos e oitenta e cinco) dias corridos, contados de sua assinatura, podendo ser prorrogado, na ocorrência de uma das hipóteses previstas no artigo 57, §1º, da Lei 8.666/93.",,,,,"9.231.063,42","9.231.063,42",04/2022,"9.231.063,42","o contrato tem por objeto a execucao da (s) obra (s) de construcao da 35a delegacia de policia, da policia civil do distrito federal, em terreno situado na rodovia df 420, area especial sobradinho ii, brasilia/df.",policia civil,construtora concretiza eireli.,nan,nan,"extrato do contrato no 04/2022, nos termos do padrao no 09/2002 execucao de obras processo: 00052-00025461/2021-95 (originario do 052.000.222/2016) partes: distrito federal/policia civil x construtora concretiza eireli.. fundamentacao legal: edital de concorrencia no 01/2021 pcdf (70924040-sei), projeto basico (65496517-sei), proposta da empresa (76388465, 76388531, 76388611, 76388985, 76389050, 76389123, 76389186, 76389246, 76389315, 76389400, 76389475, 76389535, 76389609, 76389668-sei) e lei no 8.666/1993. objeto: o contrato tem por objeto a execucao da (s) obra (s) de construcao da 35a delegacia de policia, da policia civil do distrito federal, em terreno situado na rodovia df 420, area especial sobradinho ii, brasilia/df. valor total: r$ 9.231.063,42 (nove milhoes, duzentos e trinta e um mil sessenta e tres reais e quarenta e dois centavos). dotacao orcamentaria: unidade orcamentaria: 73901; programa de trabalho: 28.845.0903.00nr.0053; natureza da despesa: 449051. fonte de recursos: 100 (fcdf). nota de empenho: 2022ne000230. data de emissao: 31/01/2022. valor: r$ 1.000.000,00 (um milhao de reais). modalidade: global. procedencia dos recursos: lei orcamentaria da uniao no 14.303, de 21 de janeiro de 2022, enquanto a parcela remanescente sera custeada a conta de dotacoes a serem alocadas nos orcamentos seguintes. prazo de vigencia: o contrato tera vigencia de 685 (seiscentos e oitenta e cinco) dias corridos, contados de sua assinatura, podendo ser prorrogado, na ocorrencia de uma das hipoteses previstas no artigo 57, §1o, da lei 8.666/93. data de assinatura: 17/02/2022. signatarios: pelo distrito federal: robson candido da silva, na qualidade de delegado-geral. pela contratada: carlos antonio da silva filho, na qualidade de representante legal.",True,93.06326304106548,639-R115,639,match:numero_contrato,False
"EXTRATO DO CONTRATO Nº 04/2022, NOS TERMOS DO PADRÃO Nº 09/2002   EXECUÇÃO DE OBRAS
Processo: 00052-00025461/2021-95 (ORIGINÁRIO DO 052.000.222/2016)   PARTES: Distrito Federal/Polícia Civil X Construtora Concretiza Eireli.. FUNDAMENTAÇÃO LEGAL: Edital de Concorrência nº 01/2021 PCDF (70924040-SEI), Projeto Básico (65496517-SEI), Proposta da Empresa (76388465, 76388531, 76388611, 76388985, 76389050, 76389123, 76389186, 76389246, 76389315, 76389400, 76389475, 76389535, 76389609, 76389668-SEI) e Lei nº 8.666/1993. OBJETO: O Contrato tem por objeto a execução da (s) obra (s) de Construção da 35ª Delegacia de Polícia, da Polícia Civil do Distrito Federal, em terreno situado na Rodovia DF   420, Área Especial   Sobradinho II, Brasília/DF. VALOR TOTAL: R$ 9.231.063,42 (nove milhões, duzentos e trinta e um mil sessenta e três reais e quarenta e dois centavos). DOTAÇÃO ORÇAMENTÁRIA: Unidade Orçamentária: 73901; Programa de Trabalho: 28.845.0903.00NR.0053; Natureza da Despesa: 449051. Fonte de Recursos: 100 (FCDF). NOTA DE EMPENHO: 2022NE000230. Data de Emissão: 31/01/2022. Valor: R$ 1.000.000,00 (um milhão de reais). Modalidade: Global. PROCEDÊNCIA DOS RECURSOS: Lei Orçamentária da União nº 14.303, de 21 de janeiro de 2022, enquanto a parcela remanescente será custeada à conta de dotações a serem alocadas nos orçamentos seguintes. PRAZO DE VIGÊNCIA: O Contrato terá vigência de 685 (seiscentos e oitenta e cinco) dias corridos, contados de sua assinatura, podendo ser prorrogado, na ocorrência de uma das hipóteses previstas no artigo 57, §1º, da Lei 8.666/93. DATA DE ASSINATURA: 17/02/2022. SIGNATÁRIOS: Pelo Distrito Federal: Robson Cândido da Silva, na qualidade de Delegado-Geral. Pela Contratada: Carlos Antônio da Silva Filho, na qualidade de Representante Legal.",04/2022,00052-00025461/2021-95,Polícia Civil,Construtora Concretiza Eireli.,"O Contrato tem por objeto a execução da (s) obra (s) de Construção da 35ª Delegacia de Polícia, da Polícia Civil do Distrito Federal, em terreno situado na Rodovia DF   420, Área Especial   Sobradinho II, Brasília/DF.","9.231.063,42",73901,28.845.0903.00NR.0053,449051,100,2022NE000230,17/02/2022,"O Contrato terá vigência de 685 (seiscentos e oitenta e cinco) dias corridos, contados de sua assinatura, podendo ser prorrogado, na ocorrência de uma das hipóteses previstas no artigo 57, §1º, da Lei 8.666/93.",,,,,"9.231.063,42","9.231.063,42",04/2022,"9.231.063,42","o contrato tem por objeto a execucao da (s) obra (s) de construcao da 35a delegacia de policia, da policia civil do distrito federal, em terreno situado na rodovia df 420, area especial sobradinho ii, brasilia/df.",policia civil,construtora concretiza eireli.,nan,nan,"extrato do contrato no 04/2022, nos termos do padrao no 09/2002 execucao de obras processo: 00052-00025461/2021-95 (originario do 052.000.222/2016) partes: distrito federal/policia civil x construtora concretiza eireli.. fundamentacao legal: edital de concorrencia no 01/2021 pcdf (70924040-sei), projeto basico (65496517-sei), proposta da empresa (76388465, 76388531, 76388611, 76388985, 76389050, 76389123, 76389186, 76389246, 76389315, 76389400, 76389475, 76389535, 76389609, 76389668-sei) e lei no 8.666/1993. objeto: o contrato tem por objeto a execucao da (s) obra (s) de construcao da 35a delegacia de policia, da policia civil do distrito federal, em terreno situado na rodovia df 420, area especial sobradinho ii, brasilia/df. valor total: r$ 9.231.063,42 (nove milhoes, duzentos e trinta e um mil sessenta e tres reais e quarenta e dois centavos). dotacao orcamentaria: unidade orcamentaria: 73901; programa de trabalho: 28.845.0903.00nr.0053; natureza da despesa: 449051. fonte de recursos: 100 (fcdf). nota de empenho: 2022ne000230. data de emissao: 31/01/2022. valor: r$ 1.000.000,00 (um milhao de reais). modalidade: global. procedencia dos recursos: lei orcamentaria da uniao no 14.303, de 21 de janeiro de 2022, enquanto a parcela remanescente sera custeada a conta de dotacoes a serem alocadas nos orcamentos seguintes. prazo de vigencia: o contrato tera vigencia de 685 (seiscentos e oitenta e cinco) dias corridos, contados de sua assinatura, podendo ser prorrogado, na ocorrencia de uma das hipoteses previstas no artigo 57, §1o, da lei 8.666/93. data de assinatura: 17/02/2022. signatarios: pelo distrito federal: robson candido da silva, na qualidade de delegado-geral. pela contratada: carlos antonio da silva filho, na qualidade de representante legal.",True,93.06326304106548,639-R115,639,match:numero_contrato,False
"EXTRATO DO CONTRATO Nº 05/2022, NOS TERMOS DO PADRÃO Nº 01/2002   PRESTAÇÃO DE SERVIÇO
Processo: 00052-00013114/2020-39   PARTES: Distrito Federal/Polícia Civil X Aires Turismo Ltda. FUNDAMENTAÇÃO LEGAL: Ata de Registro de Preço 20/2021 (78705477-SEI), originada do Pregão Eletrônico nº 143/2020   COLIC/SCG/SPLAN/SEEC-DF (78705314-SEI), Lei nº 8.666/93, Lei 10.520/2002, Decreto Federal 10.024/2019 e IN 058/2017-MPOG. OBJETO: O Contrato tem por objeto a Contratação de empresa especializada para prestação de serviços de agenciamento de viagens, compreendendo a reserva, emissão, marcação, remarcação e cancelamento de bilhetes de passagens aéreas (nacionais e internacionais) e terrestres (nacionais apenas), a fim de atender as necessidades da PCDF. VALOR TOTAL: R$ 1.200.012,00 (um milhão, duzentos mil doze reais), sendo R$ 1.000.000,00 (um milhão de reais) a passagens aéreas nacionais, R$ 200.000,00 (duzentos mil reais) referente a passagens aéreas internacionais e R$ 12,00 (doze reais) referente a serviço de agenciamento. DOTAÇÃO ORÇAMENTÁRIA: Unidade Orçamentária: 73901; Programa de Trabalho: 28.845.0903.00NR.0053; Natureza da Despesa: 33903301, 33903302 e 33903305. Fonte de Recursos: 100 (FCDF). NOTA DE EMPENHO: 2022NE000240. Data de Emissão: 01/02/2022. Valor: R$ 2.015,00 (dois mil quinze reais). Modalidade: Estimativo. PROCEDÊNCIA DOS RECURSOS: Lei Orçamentária da União nº 14.303, de 21 de janeiro de 2022, enquanto a parcela remanescente será custeada à conta de dotações a serem alocadas nos orçamentos seguintes. PRAZO DE VIGÊNCIA: O Contrato terá vigência de até 12 (doze) meses a contar de sua assinatura. DATA DE ASSINATURA: 04/02/2022. SIGNATÁRIOS: Pelo Distrito Federal: Robson Cândido da Silva, na qualidade de Delegado-Geral. Pela Contratada: Maria Terezinha Pereira Aires, na qualidade de Representante Legal.",05/2022,00052-00013114/2020-39,Polícia Civil,Aires Turismo Ltda,"O Contrato tem por objeto a Contratação de empresa especializada para prestação de serviços de agenciamento de viagens, compreendendo a reserva, emissão, marcação, remarcação e cancelamento de bilhetes de passagens aéreas (nacionais e internacionais) e terrestres (nacionais apenas), a fim de atender as necessidades da PCDF","1.200.012,00",73901,28.845.0903.00NR.0053,33903305,100,2022NE000240,04/02/2022,O Contrato terá vigência de até 12 (doze) meses a contar de sua assinatura.,,,,,"1.200.012,00","1.200.012,00",05/2022,"1.200.012,00","o contrato tem por objeto a contratacao de empresa especializada para prestacao de servicos de agenciamento de viagens, compreendendo a reserva, emissao, marcacao, remarcacao e cancelamento de bilhetes de passagens aereas (nacionais e internacionais) e terrestres (nacionais apenas), a fim de atender as necessidades da pcdf",policia civil,aires turismo ltda,nan,nan,"extrato do contrato no 05/2022, nos termos do padrao no 01/2002 prestacao de servico processo: 00052-00013114/2020-39 partes: distrito federal/policia civil x aires turismo ltda. fundamentacao legal: ata de registro de preco 20/2021 (78705477-sei), originada do pregao eletronico no 143/2020 colic/scg/splan/seec-df (78705314-sei), lei no 8.666/93, lei 10.520/2002, decreto federal 10.024/2019 e in 058/2017-mpog. objeto: o contrato tem por objeto a contratacao de empresa especializada para prestacao de servicos de agenciamento de viagens, compreendendo a reserva, emissao, marcacao, remarcacao e cancelamento de bilhetes de passagens aereas (nacionais e internacionais) e terrestres (nacionais apenas), a fim de atender as necessidades da pcdf. valor total: r$ 1.200.012,00 (um milhao, duzentos mil doze reais), sendo r$ 1.000.000,00 (um milhao de reais) a passagens aereas nacionais, r$ 200.000,00 (duzentos mil reais) referente a passagens aereas internacionais e r$ 12,00 (doze reais) referente a servico de agenciamento. dotacao orcamentaria: unidade orcamentaria: 73901; programa de trabalho: 28.845.0903.00nr.0053; natureza da despesa: 33903301, 33903302 e 33903305. fonte de recursos: 100 (fcdf). nota de empenho: 2022ne000240. data de emissao: 01/02/2022. valor: r$ 2.015,00 (dois mil quinze reais). modalidade: estimativo. procedencia dos recursos: lei orcamentaria da uniao no 14.303, de 21 de janeiro de 2022, enquanto a parcela remanescente sera custeada a conta de dotacoes a serem alocadas nos orcamentos seguintes. prazo de vigencia: o contrato tera vigencia de ate 12 (doze) meses a contar de sua assinatura. data de assinatura: 04/02/2022. signatarios: pelo distrito federal: robson candido da silva, na qualidade de delegado-geral. pela contratada: maria terezinha pereira aires, na qualidade de representante legal.",True,92.29943654413736,639-R126,639,match:numero_contrato,False
"EXTRATO DO CONTRATO Nº 05/2022, NOS TERMOS DO PADRÃO Nº 01/2002   PRESTAÇÃO DE SERVIÇO
Processo: 00052-00013114/2020-39   PARTES: Distrito Federal/Polícia Civil X Aires Turismo Ltda. FUNDAMENTAÇÃO LEGAL: Ata de Registro de Preço 20/2021 (78705477-SEI), originada do Pregão Eletrônico nº 143/2020   COLIC/SCG/SPLAN/SEEC-DF (78705314-SEI), Lei nº 8.666/93, Lei 10.520/2002, Decreto Federal 10.024/2019 e IN 058/2017-MPOG. OBJETO: O Contrato tem por objeto a Contratação de empresa especializada para prestação de serviços de agenciamento de viagens, compreendendo a reserva, emissão, marcação, remarcação e cancelamento de bilhetes de passagens aéreas (nacionais e internacionais) e terrestres (nacionais apenas), a fim de atender as necessidades da PCDF. VALOR TOTAL: R$ 1.200.012,00 (um milhão, duzentos mil doze reais), sendo R$ 1.000.000,00 (um milhão de reais) a passagens aéreas nacionais, R$ 200.000,00 (duzentos mil reais) referente a passagens aéreas internacionais e R$ 12,00 (doze reais) referente a serviço de agenciamento. DOTAÇÃO ORÇAMENTÁRIA: Unidade Orçamentária: 73901; Programa de Trabalho: 28.845.0903.00NR.0053; Natureza da Despesa: 33903301, 33903302 e 33903305. Fonte de Recursos: 100 (FCDF). NOTA DE EMPENHO: 2022NE000240. Data de Emissão: 01/02/2022. Valor: R$ 2.015,00 (dois mil quinze reais). Modalidade: Estimativo. PROCEDÊNCIA DOS RECURSOS: Lei Orçamentária da União nº 14.303, de 21 de janeiro de 2022, enquanto a parcela remanescente será custeada à conta de dotações a serem alocadas nos orçamentos seguintes. PRAZO DE VIGÊNCIA: O Contrato terá vigência de até 12 (doze) meses a contar de sua assinatura. DATA DE ASSINATURA: 04/02/2022. SIGNATÁRIOS: Pelo Distrito Federal: Robson Cândido da Silva, na qualidade de Delegado-Geral. Pela Contratada: Maria Terezinha Pereira Aires, na qualidade de Representante Legal.",05/2022,00052-00013114/2020-39,Polícia Civil,Aires Turismo Ltda.,"O Contrato tem por objeto a Contratação de empresa especializada para prestação de serviços de agenciamento de viagens, compreendendo a reserva, emissão, marcação, remarcação e cancelamento de bilhetes de passagens aéreas (nacionais e internacionais) e terrestres (nacionais apenas), a fim de atender as necessidades da PCDF","1.200.012,00",73901,28.845.0903.00NR.0053;,33903305,100,2022NE000240,04/02/2022,O Contrato terá vigência de até 12 (doze) meses a contar de sua assinatura.,,,,,"1.200.012,00","1.200.012,00",05/2022,"1.200.012,00","o contrato tem por objeto a contratacao de empresa especializada para prestacao de servicos de agenciamento de viagens, compreendendo a reserva, emissao, marcacao, remarcacao e cancelamento de bilhetes de passagens aereas (nacionais e internacionais) e terrestres (nacionais apenas), a fim de atender as necessidades da pcdf",policia civil,aires turismo ltda.,nan,nan,"extrato do contrato no 05/2022, nos termos do padrao no 01/2002 prestacao de servico processo: 00052-00013114/2020-39 partes: distrito federal/policia civil x aires turismo ltda. fundamentacao legal: ata de registro de preco 20/2021 (78705477-sei), originada do pregao eletronico no 143/2020 colic/scg/splan/seec-df (78705314-sei), lei no 8.666/93, lei 10.520/2002, decreto federal 10.024/2019 e in 058/2017-mpog. objeto: o contrato tem por objeto a contratacao de empresa especializada para prestacao de servicos de agenciamento de viagens, compreendendo a reserva, emissao, marcacao, remarcacao e cancelamento de bilhetes de passagens aereas (nacionais e internacionais) e terrestres (nacionais apenas), a fim de atender as necessidades da pcdf. valor total: r$ 1.200.012,00 (um milhao, duzentos mil doze reais), sendo r$ 1.000.000,00 (um milhao de reais) a passagens aereas nacionais, r$ 200.000,00 (duzentos mil reais) referente a passagens aereas internacionais e r$ 12,00 (doze reais) referente a servico de agenciamento. dotacao orcamentaria: unidade orcamentaria: 73901; programa de trabalho: 28.845.0903.00nr.0053; natureza da despesa: 33903301, 33903302 e 33903305. fonte de recursos: 100 (fcdf). nota de empenho: 2022ne000240. data de emissao: 01/02/2022. valor: r$ 2.015,00 (dois mil quinze reais). modalidade: estimativo. procedencia dos recursos: lei orcamentaria da uniao no 14.303, de 21 de janeiro de 2022, enquanto a parcela remanescente sera custeada a conta de dotacoes a serem alocadas nos orcamentos seguintes. prazo de vigencia: o contrato tera vigencia de ate 12 (doze) meses a contar de sua assinatura. data de assinatura: 04/02/2022. signatarios: pelo distrito federal: robson candido da silva, na qualidade de delegado-geral. pela contratada: maria terezinha pereira aires, na qualidade de representante legal.",True,92.29943654413736,639-R126,639,match:numero_contrato,False
"EXTRATO DO CONTRATO Nº 05/2022, NOS TERMOS DO PADRÃO Nº 01/2002   PRESTAÇÃO DE SERVIÇO
Processo: 00052-00013114/2020-39   PARTES: Distrito Federal/Polícia Civil X Aires Turismo Ltda. FUNDAMENTAÇÃO LEGAL: Ata de Registro de Preço 20/2021 (78705477-SEI), originada do Pregão Eletrônico nº 143/2020   COLIC/SCG/SPLAN/SEEC-DF (78705314-SEI), Lei nº 8.666/93, Lei 10.520/2002, Decreto Federal 10.024/2019 e IN 058/2017-MPOG. OBJETO: O Contrato tem por objeto a Contratação de empresa especializada para prestação de serviços de agenciamento de viagens, compreendendo a reserva, emissão, marcação, remarcação e cancelamento de bilhetes de passagens aéreas (nacionais e internacionais) e terrestres (nacionais apenas), a fim de atender as necessidades da PCDF. VALOR TOTAL: R$ 1.200.012,00 (um milhão, duzentos mil doze reais), sendo R$ 1.000.000,00 (um milhão de reais) a passagens aéreas nacionais, R$ 200.000,00 (duzentos mil reais) referente a passagens aéreas internacionais e R$ 12,00 (doze reais) referente a serviço de agenciamento. DOTAÇÃO ORÇAMENTÁRIA: Unidade Orçamentária: 73901; Programa de Trabalho: 28.845.0903.00NR.0053; Natureza da Despesa: 33903301, 33903302 e 33903305. Fonte de Recursos: 100 (FCDF). NOTA DE EMPENHO: 2022NE000240. Data de Emissão: 01/02/2022. Valor: R$ 2.015,00 (dois mil quinze reais). Modalidade: Estimativo. PROCEDÊNCIA DOS RECURSOS: Lei Orçamentária da União nº 14.303, de 21 de janeiro de 2022, enquanto a parcela remanescente será custeada à conta de dotações a serem alocadas nos orçamentos seguintes. PRAZO DE VIGÊNCIA: O Contrato terá vigência de até 12 (doze) meses a contar de sua assinatura. DATA DE ASSINATURA: 04/02/2022. SIGNATÁRIOS: Pelo Distrito Federal: Robson Cândido da Silva, na qualidade de Delegado-Geral. Pela Contratada: Maria Terezinha Pereira Aires, na qualidade de Representante Legal.",05/2022,00052-00013114/2020-39,Polícia Civil,Aires Turismo Ltda,"O Contrato tem por objeto a Contratação de empresa especializada para prestação de serviços de agenciamento de viagens, compreendendo a reserva, emissão, marcação, remarcação e cancelamento de bilhetes de passagens aéreas (nacionais e internacionais) e terrestres (nacionais apenas), a fim de atender as necessidades da PCDF.","1.200.012,00",73901,28.845.0903.00NR.0053,33903305,100,2022NE000240,04/02/2022,O Contrato terá vigência de até 12 (doze) meses a contar de sua assinatura.,,,,,"1.200.012,00","1.200.012,00",05/2022,"1.200.012,00","o contrato tem por objeto a contratacao de empresa especializada para prestacao de servicos de agenciamento de viagens, compreendendo a reserva, emissao, marcacao, remarcacao e cancelamento de bilhetes de passagens aereas (nacionais e internacionais) e terrestres (nacionais apenas), a fim de atender as necessidades da pcdf.",policia civil,aires turismo ltda,nan,nan,"extrato do contrato no 05/2022, nos termos do padrao no 01/2002 prestacao de servico processo: 00052-00013114/2020-39 partes: distrito federal/policia civil x aires turismo ltda. fundamentacao legal: ata de registro de preco 20/2021 (78705477-sei), originada do pregao eletronico no 143/2020 colic/scg/splan/seec-df (78705314-sei), lei no 8.666/93, lei 10.520/2002, decreto federal 10.024/2019 e in 058/2017-mpog. objeto: o contrato tem por objeto a contratacao de empresa especializada para prestacao de servicos de agenciamento de viagens, compreendendo a reserva, emissao, marcacao, remarcacao e cancelamento de bilhetes de passagens aereas (nacionais e internacionais) e terrestres (nacionais apenas), a fim de atender as necessidades da pcdf. valor total: r$ 1.200.012,00 (um milhao, duzentos mil doze reais), sendo r$ 1.000.000,00 (um milhao de reais) a passagens aereas nacionais, r$ 200.000,00 (duzentos mil reais) referente a passagens aereas internacionais e r$ 12,00 (doze reais) referente a servico de agenciamento. dotacao orcamentaria: unidade orcamentaria: 73901; programa de trabalho: 28.845.0903.00nr.0053; natureza da despesa: 33903301, 33903302 e 33903305. fonte de recursos: 100 (fcdf). nota de empenho: 2022ne000240. data de emissao: 01/02/2022. valor: r$ 2.015,00 (dois mil quinze reais). modalidade: estimativo. procedencia dos recursos: lei orcamentaria da uniao no 14.303, de 21 de janeiro de 2022, enquanto a parcela remanescente sera custeada a conta de dotacoes a serem alocadas nos orcamentos seguintes. prazo de vigencia: o contrato tera vigencia de ate 12 (doze) meses a contar de sua assinatura. data de assinatura: 04/02/2022. signatarios: pelo distrito federal: robson candido da silva, na qualidade de delegado-geral. pela contratada: maria terezinha pereira aires, na qualidade de representante legal.",True,92.29943654413736,639-R126,639,match:numero_contrato,False
"EXTRATO DO CONTRATO Nº 05/2022, NOS TERMOS DO PADRÃO Nº 01/2002   PRESTAÇÃO DE SERVIÇO
Processo: 00052-00013114/2020-39   PARTES: Distrito Federal/Polícia Civil X Aires Turismo Ltda. FUNDAMENTAÇÃO LEGAL: Ata de Registro de Preço 20/2021 (78705477-SEI), originada do Pregão Eletrônico nº 143/2020   COLIC/SCG/SPLAN/SEEC-DF (78705314-SEI), Lei nº 8.666/93, Lei 10.520/2002, Decreto Federal 10.024/2019 e IN 058/2017-MPOG. OBJETO: O Contrato tem por objeto a Contratação de empresa especializada para prestação de serviços de agenciamento de viagens, compreendendo a reserva, emissão, marcação, remarcação e cancelamento de bilhetes de passagens aéreas (nacionais e internacionais) e terrestres (nacionais apenas), a fim de atender as necessidades da PCDF. VALOR TOTAL: R$ 1.200.012,00 (um milhão, duzentos mil doze reais), sendo R$ 1.000.000,00 (um milhão de reais) a passagens aéreas nacionais, R$ 200.000,00 (duzentos mil reais) referente a passagens aéreas internacionais e R$ 12,00 (doze reais) referente a serviço de agenciamento. DOTAÇÃO ORÇAMENTÁRIA: Unidade Orçamentária: 73901; Programa de Trabalho: 28.845.0903.00NR.0053; Natureza da Despesa: 33903301, 33903302 e 33903305. Fonte de Recursos: 100 (FCDF). NOTA DE EMPENHO: 2022NE000240. Data de Emissão: 01/02/2022. Valor: R$ 2.015,00 (dois mil quinze reais). Modalidade: Estimativo. PROCEDÊNCIA DOS RECURSOS: Lei Orçamentária da União nº 14.303, de 21 de janeiro de 2022, enquanto a parcela remanescente será custeada à conta de dotações a serem alocadas nos orçamentos seguintes. PRAZO DE VIGÊNCIA: O Contrato terá vigência de até 12 (doze) meses a contar de sua assinatura. DATA DE ASSINATURA: 04/02/2022. SIGNATÁRIOS: Pelo Distrito Federal: Robson Cândido da Silva, na qualidade de Delegado-Geral. Pela Contratada: Maria Terezinha Pereira Aires, na qualidade de Representante Legal.",05/2022,00052-00013114/2020-39,Polícia Civil,Aires Turismo Ltda.,"O Contrato tem por objeto a Contratação de empresa especializada para prestação de serviços de agenciamento de viagens, compreendendo a reserva, emissão, marcação, remarcação e cancelamento de bilhetes de passagens aéreas (nacionais e internacionais) e terrestres (nacionais apenas), a fim de atender as necessidades da PCDF.","1.200.012,00",73901,28.845.0903.00NR.0053,33903305,100,2022NE000240,04/02/2022,O Contrato terá vigência de até 12 (doze) meses a contar de sua assinatura.,,,,,"1.200.012,00","1.200.012,00",05/2022,"1.200.012,00","o contrato tem por objeto a contratacao de empresa especializada para prestacao de servicos de agenciamento de viagens, compreendendo a reserva, emissao, marcacao, remarcacao e cancelamento de bilhetes de passagens aereas (nacionais e internacionais) e terrestres (nacionais apenas), a fim de atender as necessidades da pcdf.",policia civil,aires turismo ltda.,nan,nan,"extrato do contrato no 05/2022, nos termos do padrao no 01/2002 prestacao de servico processo: 00052-00013114/2020-39 partes: distrito federal/policia civil x aires turismo ltda. fundamentacao legal: ata de registro de preco 20/2021 (78705477-sei), originada do pregao eletronico no 143/2020 colic/scg/splan/seec-df (78705314-sei), lei no 8.666/93, lei 10.520/2002, decreto federal 10.024/2019 e in 058/2017-mpog. objeto: o contrato tem por objeto a contratacao de empresa especializada para prestacao de servicos de agenciamento de viagens, compreendendo a reserva, emissao, marcacao, remarcacao e cancelamento de bilhetes de passagens aereas (nacionais e internacionais) e terrestres (nacionais apenas), a fim de atender as necessidades da pcdf. valor total: r$ 1.200.012,00 (um milhao, duzentos mil doze reais), sendo r$ 1.000.000,00 (um milhao de reais) a passagens aereas nacionais, r$ 200.000,00 (duzentos mil reais) referente a passagens aereas internacionais e r$ 12,00 (doze reais) referente a servico de agenciamento. dotacao orcamentaria: unidade orcamentaria: 73901; programa de trabalho: 28.845.0903.00nr.0053; natureza da despesa: 33903301, 33903302 e 33903305. fonte de recursos: 100 (fcdf). nota de empenho: 2022ne000240. data de emissao: 01/02/2022. valor: r$ 2.015,00 (dois mil quinze reais). modalidade: estimativo. procedencia dos recursos: lei orcamentaria da uniao no 14.303, de 21 de janeiro de 2022, enquanto a parcela remanescente sera custeada a conta de dotacoes a serem alocadas nos orcamentos seguintes. prazo de vigencia: o contrato tera vigencia de ate 12 (doze) meses a contar de sua assinatura. data de assinatura: 04/02/2022. signatarios: pelo distrito federal: robson candido da silva, na qualidade de delegado-geral. pela contratada: maria terezinha pereira aires, na qualidade de representante legal.",True,92.29943654413736,639-R126,639,match:numero_contrato,False
"EXTRATO DO CONTRATO Nº 05/2022, NOS TERMOS DO PADRÃO Nº 01/2002   PRESTAÇÃO DE SERVIÇO
Processo: 00052-00013114/2020-39   PARTES: Distrito Federal/Polícia Civil X Aires Turismo Ltda. FUNDAMENTAÇÃO LEGAL: Ata de Registro de Preço 20/2021 (78705477-SEI), originada do Pregão Eletrônico nº 143/2020   COLIC/SCG/SPLAN/SEEC-DF (78705314-SEI), Lei nº 8.666/93, Lei 10.520/2002, Decreto Federal 10.024/2019 e IN 058/2017-MPOG. OBJETO: O Contrato tem por objeto a Contratação de empresa especializada para prestação de serviços de agenciamento de viagens, compreendendo a reserva, emissão, marcação, remarcação e cancelamento de bilhetes de passagens aéreas (nacionais e internacionais) e terrestres (nacionais apenas), a fim de atender as necessidades da PCDF. VALOR TOTAL: R$ 1.200.012,00 (um milhão, duzentos mil doze reais), sendo R$ 1.000.000,00 (um milhão de reais) a passagens aéreas nacionais, R$ 200.000,00 (duzentos mil reais) referente a passagens aéreas internacionais e R$ 12,00 (doze reais) referente a serviço de agenciamento. DOTAÇÃO ORÇAMENTÁRIA: Unidade Orçamentária: 73901; Programa de Trabalho: 28.845.0903.00NR.0053; Natureza da Despesa: 33903301, 33903302 e 33903305. Fonte de Recursos: 100 (FCDF). NOTA DE EMPENHO: 2022NE000240. Data de Emissão: 01/02/2022. Valor: R$ 2.015,00 (dois mil quinze reais). Modalidade: Estimativo. PROCEDÊNCIA DOS RECURSOS: Lei Orçamentária da União nº 14.303, de 21 de janeiro de 2022, enquanto a parcela remanescente será custeada à conta de dotações a serem alocadas nos orçamentos seguintes. PRAZO DE VIGÊNCIA: O Contrato terá vigência de até 12 (doze) meses a contar de sua assinatura. DATA DE ASSINATURA: 04/02/2022. SIGNATÁRIOS: Pelo Distrito Federal: Robson Cândido da Silva, na qualidade de Delegado-Geral. Pela Contratada: Maria Terezinha Pereira Aires, na qualidade de Representante Legal.",05/2022,00052-00013114/2020-39,Polícia Civil,Aires Turismo Ltda.,"O Contrato tem por objeto a Contratação de empresa especializada para prestação de serviços de agenciamento de viagens, compreendendo a reserva, emissão, marcação, remarcação e cancelamento de bilhetes de passagens aéreas (nacionais e internacionais) e terrestres (nacionais apenas), a fim de atender as necessidades da PCDF","1.200.012,00",73901,28.845.0903.00NR.0053,33903305,100,2022NE000240,04/02/2022,O Contrato terá vigência de até 12 (doze) meses a contar de sua assinatura.,,,,,"1.200.012,00","1.200.012,00",05/2022,"1.200.012,00","o contrato tem por objeto a contratacao de empresa especializada para prestacao de servicos de agenciamento de viagens, compreendendo a reserva, emissao, marcacao, remarcacao e cancelamento de bilhetes de passagens aereas (nacionais e internacionais) e terrestres (nacionais apenas), a fim de atender as necessidades da pcdf",policia civil,aires turismo ltda.,nan,nan,"extrato do contrato no 05/2022, nos termos do padrao no 01/2002 prestacao de servico processo: 00052-00013114/2020-39 partes: distrito federal/policia civil x aires turismo ltda. fundamentacao legal: ata de registro de preco 20/2021 (78705477-sei), originada do pregao eletronico no 143/2020 colic/scg/splan/seec-df (78705314-sei), lei no 8.666/93, lei 10.520/2002, decreto federal 10.024/2019 e in 058/2017-mpog. objeto: o contrato tem por objeto a contratacao de empresa especializada para prestacao de servicos de agenciamento de viagens, compreendendo a reserva, emissao, marcacao, remarcacao e cancelamento de bilhetes de passagens aereas (nacionais e internacionais) e terrestres (nacionais apenas), a fim de atender as necessidades da pcdf. valor total: r$ 1.200.012,00 (um milhao, duzentos mil doze reais), sendo r$ 1.000.000,00 (um milhao de reais) a passagens aereas nacionais, r$ 200.000,00 (duzentos mil reais) referente a passagens aereas internacionais e r$ 12,00 (doze reais) referente a servico de agenciamento. dotacao orcamentaria: unidade orcamentaria: 73901; programa de trabalho: 28.845.0903.00nr.0053; natureza da despesa: 33903301, 33903302 e 33903305. fonte de recursos: 100 (fcdf). nota de empenho: 2022ne000240. data de emissao: 01/02/2022. valor: r$ 2.015,00 (dois mil quinze reais). modalidade: estimativo. procedencia dos recursos: lei orcamentaria da uniao no 14.303, de 21 de janeiro de 2022, enquanto a parcela remanescente sera custeada a conta de dotacoes a serem alocadas nos orcamentos seguintes. prazo de vigencia: o contrato tera vigencia de ate 12 (doze) meses a contar de sua assinatura. data de assinatura: 04/02/2022. signatarios: pelo distrito federal: robson candido da silva, na qualidade de delegado-geral. pela contratada: maria terezinha pereira aires, na qualidade de representante legal.",True,92.29943654413736,639-R126,639,match:numero_contrato,False
"EXTRATO DO CONTRATO Nº 05/2022, NOS TERMOS DO PADRÃO Nº 01/2002   PRESTAÇÃO DE SERVIÇO
Processo: 00052-00013114/2020-39   PARTES: Distrito Federal/Polícia Civil X Aires Turismo Ltda. FUNDAMENTAÇÃO LEGAL: Ata de Registro de Preço 20/2021 (78705477-SEI), originada do Pregão Eletrônico nº 143/2020   COLIC/SCG/SPLAN/SEEC-DF (78705314-SEI), Lei nº 8.666/93, Lei 10.520/2002, Decreto Federal 10.024/2019 e IN 058/2017-MPOG. OBJETO: O Contrato tem por objeto a Contratação de empresa especializada para prestação de serviços de agenciamento de viagens, compreendendo a reserva, emissão, marcação, remarcação e cancelamento de bilhetes de passagens aéreas (nacionais e internacionais) e terrestres (nacionais apenas), a fim de atender as necessidades da PCDF. VALOR TOTAL: R$ 1.200.012,00 (um milhão, duzentos mil doze reais), sendo R$ 1.000.000,00 (um milhão de reais) a passagens aéreas nacionais, R$ 200.000,00 (duzentos mil reais) referente a passagens aéreas internacionais e R$ 12,00 (doze reais) referente a serviço de agenciamento. DOTAÇÃO ORÇAMENTÁRIA: Unidade Orçamentária: 73901; Programa de Trabalho: 28.845.0903.00NR.0053; Natureza da Despesa: 33903301, 33903302 e 33903305. Fonte de Recursos: 100 (FCDF). NOTA DE EMPENHO: 2022NE000240. Data de Emissão: 01/02/2022. Valor: R$ 2.015,00 (dois mil quinze reais). Modalidade: Estimativo. PROCEDÊNCIA DOS RECURSOS: Lei Orçamentária da União nº 14.303, de 21 de janeiro de 2022, enquanto a parcela remanescente será custeada à conta de dotações a serem alocadas nos orçamentos seguintes. PRAZO DE VIGÊNCIA: O Contrato terá vigência de até 12 (doze) meses a contar de sua assinatura. DATA DE ASSINATURA: 04/02/2022. SIGNATÁRIOS: Pelo Distrito Federal: Robson Cândido da Silva, na qualidade de Delegado-Geral. Pela Contratada: Maria Terezinha Pereira Aires, na qualidade de Representante Legal.",05/2022,00052-00013114/2020-39,Polícia Civil,Aires Turismo Ltda.,"O Contrato tem por objeto a Contratação de empresa especializada para prestação de serviços de agenciamento de viagens, compreendendo a reserva, emissão, marcação, remarcação e cancelamento de bilhetes de passagens aéreas (nacionais e internacionais) e terrestres (nacionais apenas), a fim de atender as necessidades da PCDF","1.200.012,00",73901,28.845.0903.00NR.0053;,33903305.,100,2022NE000240,04/02/2022,O Contrato terá vigência de até 12 (doze) meses a contar de sua assinatura.,,,,,"1.200.012,00","1.200.012,00",05/2022,"1.200.012,00","o contrato tem por objeto a contratacao de empresa especializada para prestacao de servicos de agenciamento de viagens, compreendendo a reserva, emissao, marcacao, remarcacao e cancelamento de bilhetes de passagens aereas (nacionais e internacionais) e terrestres (nacionais apenas), a fim de atender as necessidades da pcdf",policia civil,aires turismo ltda.,nan,nan,"extrato do contrato no 05/2022, nos termos do padrao no 01/2002 prestacao de servico processo: 00052-00013114/2020-39 partes: distrito federal/policia civil x aires turismo ltda. fundamentacao legal: ata de registro de preco 20/2021 (78705477-sei), originada do pregao eletronico no 143/2020 colic/scg/splan/seec-df (78705314-sei), lei no 8.666/93, lei 10.520/2002, decreto federal 10.024/2019 e in 058/2017-mpog. objeto: o contrato tem por objeto a contratacao de empresa especializada para prestacao de servicos de agenciamento de viagens, compreendendo a reserva, emissao, marcacao, remarcacao e cancelamento de bilhetes de passagens aereas (nacionais e internacionais) e terrestres (nacionais apenas), a fim de atender as necessidades da pcdf. valor total: r$ 1.200.012,00 (um milhao, duzentos mil doze reais), sendo r$ 1.000.000,00 (um milhao de reais) a passagens aereas nacionais, r$ 200.000,00 (duzentos mil reais) referente a passagens aereas internacionais e r$ 12,00 (doze reais) referente a servico de agenciamento. dotacao orcamentaria: unidade orcamentaria: 73901; programa de trabalho: 28.845.0903.00nr.0053; natureza da despesa: 33903301, 33903302 e 33903305. fonte de recursos: 100 (fcdf). nota de empenho: 2022ne000240. data de emissao: 01/02/2022. valor: r$ 2.015,00 (dois mil quinze reais). modalidade: estimativo. procedencia dos recursos: lei orcamentaria da uniao no 14.303, de 21 de janeiro de 2022, enquanto a parcela remanescente sera custeada a conta de dotacoes a serem alocadas nos orcamentos seguintes. prazo de vigencia: o contrato tera vigencia de ate 12 (doze) meses a contar de sua assinatura. data de assinatura: 04/02/2022. signatarios: pelo distrito federal: robson candido da silva, na qualidade de delegado-geral. pela contratada: maria terezinha pereira aires, na qualidade de representante legal.",True,92.29943654413736,639-R126,639,match:numero_contrato,False
"EXTRATO DO CONTRATO Nº 05/2022, NOS TERMOS DO PADRÃO Nº 01/2002   PRESTAÇÃO DE SERVIÇO
Processo: 00052-00013114/2020-39   PARTES: Distrito Federal/Polícia Civil X Aires Turismo Ltda. FUNDAMENTAÇÃO LEGAL: Ata de Registro de Preço 20/2021 (78705477-SEI), originada do Pregão Eletrônico nº 143/2020   COLIC/SCG/SPLAN/SEEC-DF (78705314-SEI), Lei nº 8.666/93, Lei 10.520/2002, Decreto Federal 10.024/2019 e IN 058/2017-MPOG. OBJETO: O Contrato tem por objeto a Contratação de empresa especializada para prestação de serviços de agenciamento de viagens, compreendendo a reserva, emissão, marcação, remarcação e cancelamento de bilhetes de passagens aéreas (nacionais e internacionais) e terrestres (nacionais apenas), a fim de atender as necessidades da PCDF. VALOR TOTAL: R$ 1.200.012,00 (um milhão, duzentos mil doze reais), sendo R$ 1.000.000,00 (um milhão de reais) a passagens aéreas nacionais, R$ 200.000,00 (duzentos mil reais) referente a passagens aéreas internacionais e R$ 12,00 (doze reais) referente a serviço de agenciamento. DOTAÇÃO ORÇAMENTÁRIA: Unidade Orçamentária: 73901; Programa de Trabalho: 28.845.0903.00NR.0053; Natureza da Despesa: 33903301, 33903302 e 33903305. Fonte de Recursos: 100 (FCDF). NOTA DE EMPENHO: 2022NE000240. Data de Emissão: 01/02/2022. Valor: R$ 2.015,00 (dois mil quinze reais). Modalidade: Estimativo. PROCEDÊNCIA DOS RECURSOS: Lei Orçamentária da União nº 14.303, de 21 de janeiro de 2022, enquanto a parcela remanescente será custeada à conta de dotações a serem alocadas nos orçamentos seguintes. PRAZO DE VIGÊNCIA: O Contrato terá vigência de até 12 (doze) meses a contar de sua assinatura. DATA DE ASSINATURA: 04/02/2022. SIGNATÁRIOS: Pelo Distrito Federal: Robson Cândido da Silva, na qualidade de Delegado-Geral. Pela Contratada: Maria Terezinha Pereira Aires, na qualidade de Representante Legal.",05/2022,00052-00013114/2020-39,Polícia Civil,Aires Turismo Ltda,"O Contrato tem por objeto a Contratação de empresa especializada para prestação de serviços de agenciamento de viagens, compreendendo a reserva, emissão, marcação, remarcação e cancelamento de bilhetes de passagens aéreas (nacionais e internacionais) e terrestres (nacionais apenas), a fim de atender as necessidades da PCDF","1.200.012,00",73901,28.845.0903.00NR.0053;,33903305,100,2022NE000240,04/02/2022,O Contrato terá vigência de até 12 (doze) meses a contar de sua assinatura.,,,,,"1.200.012,00","1.200.012,00",05/2022,"1.200.012,00","o contrato tem por objeto a contratacao de empresa especializada para prestacao de servicos de agenciamento de viagens, compreendendo a reserva, emissao, marcacao, remarcacao e cancelamento de bilhetes de passagens aereas (nacionais e internacionais) e terrestres (nacionais apenas), a fim de atender as necessidades da pcdf",policia civil,aires turismo ltda,nan,nan,"extrato do contrato no 05/2022, nos termos do padrao no 01/2002 prestacao de servico processo: 00052-00013114/2020-39 partes: distrito federal/policia civil x aires turismo ltda. fundamentacao legal: ata de registro de preco 20/2021 (78705477-sei), originada do pregao eletronico no 143/2020 colic/scg/splan/seec-df (78705314-sei), lei no 8.666/93, lei 10.520/2002, decreto federal 10.024/2019 e in 058/2017-mpog. objeto: o contrato tem por objeto a contratacao de empresa especializada para prestacao de servicos de agenciamento de viagens, compreendendo a reserva, emissao, marcacao, remarcacao e cancelamento de bilhetes de passagens aereas (nacionais e internacionais) e terrestres (nacionais apenas), a fim de atender as necessidades da pcdf. valor total: r$ 1.200.012,00 (um milhao, duzentos mil doze reais), sendo r$ 1.000.000,00 (um milhao de reais) a passagens aereas nacionais, r$ 200.000,00 (duzentos mil reais) referente a passagens aereas internacionais e r$ 12,00 (doze reais) referente a servico de agenciamento. dotacao orcamentaria: unidade orcamentaria: 73901; programa de trabalho: 28.845.0903.00nr.0053; natureza da despesa: 33903301, 33903302 e 33903305. fonte de recursos: 100 (fcdf). nota de empenho: 2022ne000240. data de emissao: 01/02/2022. valor: r$ 2.015,00 (dois mil quinze reais). modalidade: estimativo. procedencia dos recursos: lei orcamentaria da uniao no 14.303, de 21 de janeiro de 2022, enquanto a parcela remanescente sera custeada a conta de dotacoes a serem alocadas nos orcamentos seguintes. prazo de vigencia: o contrato tera vigencia de ate 12 (doze) meses a contar de sua assinatura. data de assinatura: 04/02/2022. signatarios: pelo distrito federal: robson candido da silva, na qualidade de delegado-geral. pela contratada: maria terezinha pereira aires, na qualidade de representante legal.",True,92.29943654413736,639-R126,639,match:numero_contrato,False
"EXTRATO DO CONTRATO Nº 05/2022, NOS TERMOS DO PADRÃO Nº 01/2002   PRESTAÇÃO DE SERVIÇO
Processo: 00052-00013114/2020-39   PARTES: Distrito Federal/Polícia Civil X Aires Turismo Ltda. FUNDAMENTAÇÃO LEGAL: Ata de Registro de Preço 20/2021 (78705477-SEI), originada do Pregão Eletrônico nº 143/2020   COLIC/SCG/SPLAN/SEEC-DF (78705314-SEI), Lei nº 8.666/93, Lei 10.520/2002, Decreto Federal 10.024/2019 e IN 058/2017-MPOG. OBJETO: O Contrato tem por objeto a Contratação de empresa especializada para prestação de serviços de agenciamento de viagens, compreendendo a reserva, emissão, marcação, remarcação e cancelamento de bilhetes de passagens aéreas (nacionais e internacionais) e terrestres (nacionais apenas), a fim de atender as necessidades da PCDF. VALOR TOTAL: R$ 1.200.012,00 (um milhão, duzentos mil doze reais), sendo R$ 1.000.000,00 (um milhão de reais) a passagens aéreas nacionais, R$ 200.000,00 (duzentos mil reais) referente a passagens aéreas internacionais e R$ 12,00 (doze reais) referente a serviço de agenciamento. DOTAÇÃO ORÇAMENTÁRIA: Unidade Orçamentária: 73901; Programa de Trabalho: 28.845.0903.00NR.0053; Natureza da Despesa: 33903301, 33903302 e 33903305. Fonte de Recursos: 100 (FCDF). NOTA DE EMPENHO: 2022NE000240. Data de Emissão: 01/02/2022. Valor: R$ 2.015,00 (dois mil quinze reais). Modalidade: Estimativo. PROCEDÊNCIA DOS RECURSOS: Lei Orçamentária da União nº 14.303, de 21 de janeiro de 2022, enquanto a parcela remanescente será custeada à conta de dotações a serem alocadas nos orçamentos seguintes. PRAZO DE VIGÊNCIA: O Contrato terá vigência de até 12 (doze) meses a contar de sua assinatura. DATA DE ASSINATURA: 04/02/2022. SIGNATÁRIOS: Pelo Distrito Federal: Robson Cândido da Silva, na qualidade de Delegado-Geral. Pela Contratada: Maria Terezinha Pereira Aires, na qualidade de Representante Legal.",05/2022,00052-00013114/2020-39,Polícia Civil,Aires Turismo Ltda.,"O Contrato tem por objeto a Contratação de empresa especializada para prestação de serviços de agenciamento de viagens, compreendendo a reserva, emissão, marcação, remarcação e cancelamento de bilhetes de passagens aéreas (nacionais e internacionais) e terrestres (nacionais apenas), a fim de atender as necessidades da PCDF","1.200.012,00",73901,28.845.0903.00NR.0053,33903305,100,2022NE000240,04/02/2022,O Contrato terá vigência de até 12 (doze) meses a contar de sua assinatura.,,,,,"1.200.012,00","1.200.012,00",05/2022,"1.200.012,00","o contrato tem por objeto a contratacao de empresa especializada para prestacao de servicos de agenciamento de viagens, compreendendo a reserva, emissao, marcacao, remarcacao e cancelamento de bilhetes de passagens aereas (nacionais e internacionais) e terrestres (nacionais apenas), a fim de atender as necessidades da pcdf",policia civil,aires turismo ltda.,nan,nan,"extrato do contrato no 05/2022, nos termos do padrao no 01/2002 prestacao de servico processo: 00052-00013114/2020-39 partes: distrito federal/policia civil x aires turismo ltda. fundamentacao legal: ata de registro de preco 20/2021 (78705477-sei), originada do pregao eletronico no 143/2020 colic/scg/splan/seec-df (78705314-sei), lei no 8.666/93, lei 10.520/2002, decreto federal 10.024/2019 e in 058/2017-mpog. objeto: o contrato tem por objeto a contratacao de empresa especializada para prestacao de servicos de agenciamento de viagens, compreendendo a reserva, emissao, marcacao, remarcacao e cancelamento de bilhetes de passagens aereas (nacionais e internacionais) e terrestres (nacionais apenas), a fim de atender as necessidades da pcdf. valor total: r$ 1.200.012,00 (um milhao, duzentos mil doze reais), sendo r$ 1.000.000,00 (um milhao de reais) a passagens aereas nacionais, r$ 200.000,00 (duzentos mil reais) referente a passagens aereas internacionais e r$ 12,00 (doze reais) referente a servico de agenciamento. dotacao orcamentaria: unidade orcamentaria: 73901; programa de trabalho: 28.845.0903.00nr.0053; natureza da despesa: 33903301, 33903302 e 33903305. fonte de recursos: 100 (fcdf). nota de empenho: 2022ne000240. data de emissao: 01/02/2022. valor: r$ 2.015,00 (dois mil quinze reais). modalidade: estimativo. procedencia dos recursos: lei orcamentaria da uniao no 14.303, de 21 de janeiro de 2022, enquanto a parcela remanescente sera custeada a conta de dotacoes a serem alocadas nos orcamentos seguintes. prazo de vigencia: o contrato tera vigencia de ate 12 (doze) meses a contar de sua assinatura. data de assinatura: 04/02/2022. signatarios: pelo distrito federal: robson candido da silva, na qualidade de delegado-geral. pela contratada: maria terezinha pereira aires, na qualidade de representante legal.",True,92.29943654413736,639-R126,639,match:numero_contrato,False
"EXTRATO DO CONTRATO Nº 05/2022, NOS TERMOS DO PADRÃO Nº 01/2002   PRESTAÇÃO DE SERVIÇO
Processo: 00052-00013114/2020-39   PARTES: Distrito Federal/Polícia Civil X Aires Turismo Ltda. FUNDAMENTAÇÃO LEGAL: Ata de Registro de Preço 20/2021 (78705477-SEI), originada do Pregão Eletrônico nº 143/2020   COLIC/SCG/SPLAN/SEEC-DF (78705314-SEI), Lei nº 8.666/93, Lei 10.520/2002, Decreto Federal 10.024/2019 e IN 058/2017-MPOG. OBJETO: O Contrato tem por objeto a Contratação de empresa especializada para prestação de serviços de agenciamento de viagens, compreendendo a reserva, emissão, marcação, remarcação e cancelamento de bilhetes de passagens aéreas (nacionais e internacionais) e terrestres (nacionais apenas), a fim de atender as necessidades da PCDF. VALOR TOTAL: R$ 1.200.012,00 (um milhão, duzentos mil doze reais), sendo R$ 1.000.000,00 (um milhão de reais) a passagens aéreas nacionais, R$ 200.000,00 (duzentos mil reais) referente a passagens aéreas internacionais e R$ 12,00 (doze reais) referente a serviço de agenciamento. DOTAÇÃO ORÇAMENTÁRIA: Unidade Orçamentária: 73901; Programa de Trabalho: 28.845.0903.00NR.0053; Natureza da Despesa: 33903301, 33903302 e 33903305. Fonte de Recursos: 100 (FCDF). NOTA DE EMPENHO: 2022NE000240. Data de Emissão: 01/02/2022. Valor: R$ 2.015,00 (dois mil quinze reais). Modalidade: Estimativo. PROCEDÊNCIA DOS RECURSOS: Lei Orçamentária da União nº 14.303, de 21 de janeiro de 2022, enquanto a parcela remanescente será custeada à conta de dotações a serem alocadas nos orçamentos seguintes. PRAZO DE VIGÊNCIA: O Contrato terá vigência de até 12 (doze) meses a contar de sua assinatura. DATA DE ASSINATURA: 04/02/2022. SIGNATÁRIOS: Pelo Distrito Federal: Robson Cândido da Silva, na qualidade de Delegado-Geral. Pela Contratada: Maria Terezinha Pereira Aires, na qualidade de Representante Legal.",05/2022,00052-00013114/2020-39,Polícia Civil,Aires Turismo Ltda.,"O Contrato tem por objeto a Contratação de empresa especializada para prestação de serviços de agenciamento de viagens, compreendendo a reserva, emissão, marcação, remarcação e cancelamento de bilhetes de passagens aéreas (nacionais e internacionais) e terrestres (nacionais apenas), a fim de atender as necessidades da PCDF.","1.200.012,00",73901,28.845.0903.00NR.0053;,33903305,100,2022NE000240,04/02/2022,O Contrato terá vigência de até 12 (doze) meses a contar de sua assinatura.,,,,,"1.200.012,00","1.200.012,00",05/2022,"1.200.012,00","o contrato tem por objeto a contratacao de empresa especializada para prestacao de servicos de agenciamento de viagens, compreendendo a reserva, emissao, marcacao, remarcacao e cancelamento de bilhetes de passagens aereas (nacionais e internacionais) e terrestres (nacionais apenas), a fim de atender as necessidades da pcdf.",policia civil,aires turismo ltda.,nan,nan,"extrato do contrato no 05/2022, nos termos do padrao no 01/2002 prestacao de servico processo: 00052-00013114/2020-39 partes: distrito federal/policia civil x aires turismo ltda. fundamentacao legal: ata de registro de preco 20/2021 (78705477-sei), originada do pregao eletronico no 143/2020 colic/scg/splan/seec-df (78705314-sei), lei no 8.666/93, lei 10.520/2002, decreto federal 10.024/2019 e in 058/2017-mpog. objeto: o contrato tem por objeto a contratacao de empresa especializada para prestacao de servicos de agenciamento de viagens, compreendendo a reserva, emissao, marcacao, remarcacao e cancelamento de bilhetes de passagens aereas (nacionais e internacionais) e terrestres (nacionais apenas), a fim de atender as necessidades da pcdf. valor total: r$ 1.200.012,00 (um milhao, duzentos mil doze reais), sendo r$ 1.000.000,00 (um milhao de reais) a passagens aereas nacionais, r$ 200.000,00 (duzentos mil reais) referente a passagens aereas internacionais e r$ 12,00 (doze reais) referente a servico de agenciamento. dotacao orcamentaria: unidade orcamentaria: 73901; programa de trabalho: 28.845.0903.00nr.0053; natureza da despesa: 33903301, 33903302 e 33903305. fonte de recursos: 100 (fcdf). nota de empenho: 2022ne000240. data de emissao: 01/02/2022. valor: r$ 2.015,00 (dois mil quinze reais). modalidade: estimativo. procedencia dos recursos: lei orcamentaria da uniao no 14.303, de 21 de janeiro de 2022, enquanto a parcela remanescente sera custeada a conta de dotacoes a serem alocadas nos orcamentos seguintes. prazo de vigencia: o contrato tera vigencia de ate 12 (doze) meses a contar de sua assinatura. data de assinatura: 04/02/2022. signatarios: pelo distrito federal: robson candido da silva, na qualidade de delegado-geral. pela contratada: maria terezinha pereira aires, na qualidade de representante legal.",True,92.29943654413736,639-R126,639,match:numero_contrato,False
"EXTRATO DO CONTRATO Nº 05/2022, NOS TERMOS DO PADRÃO Nº 01/2002   PRESTAÇÃO DE SERVIÇO
Processo: 00052-00013114/2020-39   PARTES: Distrito Federal/Polícia Civil X Aires Turismo Ltda. FUNDAMENTAÇÃO LEGAL: Ata de Registro de Preço 20/2021 (78705477-SEI), originada do Pregão Eletrônico nº 143/2020   COLIC/SCG/SPLAN/SEEC-DF (78705314-SEI), Lei nº 8.666/93, Lei 10.520/2002, Decreto Federal 10.024/2019 e IN 058/2017-MPOG. OBJETO: O Contrato tem por objeto a Contratação de empresa especializada para prestação de serviços de agenciamento de viagens, compreendendo a reserva, emissão, marcação, remarcação e cancelamento de bilhetes de passagens aéreas (nacionais e internacionais) e terrestres (nacionais apenas), a fim de atender as necessidades da PCDF. VALOR TOTAL: R$ 1.200.012,00 (um milhão, duzentos mil doze reais), sendo R$ 1.000.000,00 (um milhão de reais) a passagens aéreas nacionais, R$ 200.000,00 (duzentos mil reais) referente a passagens aéreas internacionais e R$ 12,00 (doze reais) referente a serviço de agenciamento. DOTAÇÃO ORÇAMENTÁRIA: Unidade Orçamentária: 73901; Programa de Trabalho: 28.845.0903.00NR.0053; Natureza da Despesa: 33903301, 33903302 e 33903305. Fonte de Recursos: 100 (FCDF). NOTA DE EMPENHO: 2022NE000240. Data de Emissão: 01/02/2022. Valor: R$ 2.015,00 (dois mil quinze reais). Modalidade: Estimativo. PROCEDÊNCIA DOS RECURSOS: Lei Orçamentária da União nº 14.303, de 21 de janeiro de 2022, enquanto a parcela remanescente será custeada à conta de dotações a serem alocadas nos orçamentos seguintes. PRAZO DE VIGÊNCIA: O Contrato terá vigência de até 12 (doze) meses a contar de sua assinatura. DATA DE ASSINATURA: 04/02/2022. SIGNATÁRIOS: Pelo Distrito Federal: Robson Cândido da Silva, na qualidade de Delegado-Geral. Pela Contratada: Maria Terezinha Pereira Aires, na qualidade de Representante Legal.",05/2022,00052-00013114/2020-39,Polícia Civil,Aires Turismo Ltda,"O Contrato tem por objeto a Contratação de empresa especializada para prestação de serviços de agenciamento de viagens, compreendendo a reserva, emissão, marcação, remarcação e cancelamento de bilhetes de passagens aéreas (nacionais e internacionais) e terrestres (nacionais apenas), a fim de atender as necessidades da PCDF","1.200.012,00",73901,28.845.0903.00NR.0053,33903305,100,2022NE000240,04/02/2022,O Contrato terá vigência de até 12 (doze) meses a contar de sua assinatura.,,,,,"1.200.012,00","1.200.012,00",05/2022,"1.200.012,00","o contrato tem por objeto a contratacao de empresa especializada para prestacao de servicos de agenciamento de viagens, compreendendo a reserva, emissao, marcacao, remarcacao e cancelamento de bilhetes de passagens aereas (nacionais e internacionais) e terrestres (nacionais apenas), a fim de atender as necessidades da pcdf",policia civil,aires turismo ltda,nan,nan,"extrato do contrato no 05/2022, nos termos do padrao no 01/2002 prestacao de servico processo: 00052-00013114/2020-39 partes: distrito federal/policia civil x aires turismo ltda. fundamentacao legal: ata de registro de preco 20/2021 (78705477-sei), originada do pregao eletronico no 143/2020 colic/scg/splan/seec-df (78705314-sei), lei no 8.666/93, lei 10.520/2002, decreto federal 10.024/2019 e in 058/2017-mpog. objeto: o contrato tem por objeto a contratacao de empresa especializada para prestacao de servicos de agenciamento de viagens, compreendendo a reserva, emissao, marcacao, remarcacao e cancelamento de bilhetes de passagens aereas (nacionais e internacionais) e terrestres (nacionais apenas), a fim de atender as necessidades da pcdf. valor total: r$ 1.200.012,00 (um milhao, duzentos mil doze reais), sendo r$ 1.000.000,00 (um milhao de reais) a passagens aereas nacionais, r$ 200.000,00 (duzentos mil reais) referente a passagens aereas internacionais e r$ 12,00 (doze reais) referente a servico de agenciamento. dotacao orcamentaria: unidade orcamentaria: 73901; programa de trabalho: 28.845.0903.00nr.0053; natureza da despesa: 33903301, 33903302 e 33903305. fonte de recursos: 100 (fcdf). nota de empenho: 2022ne000240. data de emissao: 01/02/2022. valor: r$ 2.015,00 (dois mil quinze reais). modalidade: estimativo. procedencia dos recursos: lei orcamentaria da uniao no 14.303, de 21 de janeiro de 2022, enquanto a parcela remanescente sera custeada a conta de dotacoes a serem alocadas nos orcamentos seguintes. prazo de vigencia: o contrato tera vigencia de ate 12 (doze) meses a contar de sua assinatura. data de assinatura: 04/02/2022. signatarios: pelo distrito federal: robson candido da silva, na qualidade de delegado-geral. pela contratada: maria terezinha pereira aires, na qualidade de representante legal.",True,92.29943654413736,639-R126,639,match:numero_contrato,False
"EXTRATO DO CONTRATO Nº 02/2022, NOS TERMOS DO PADRÃO Nº 03/2002   PRESTAÇÃO DE SERVIÇO
Processo: 00052-00021780/2021-21   PARTES: Distrito Federal/Polícia Civil X Life Technologies Brasil Comércio e Indústria de Produtos para Biotecnologia Ltda. FUNDAMENTAÇÃO LEGAL: Projeto Básico (73377085-SEI), Proposta da Empresa (69135157-SEI), Parecer Jurídico nº 369/2021-PGDF/PGCONS (72997885-SEI), Justificativa de Inexigibilidade de Licitação (70017694, 70020944, 73377085, 73409026, 73411676 e 73528759-SEI), baseados no art. 25, inciso I, da Lei nº 8.666/93. OBJETO: Contratação de empresa especializada na prestação dos serviços de manutenção corretiva, com fornecimento de peças, para efetuar o conserto do equipamento Analisador Automático de DNA da marca Applied Biosystems, modelo 3500, número de série 29121-100, de propriedade da Polícia Civil do Distrito Federal (PCDF), alocado ao Instituto de Pesquisa de DNA Forense (IPDNA). VALOR TOTAL: R$ 13.225,02 (treze mil duzentos e vinte e cinco reais e dois centavos), sendo R$ 2.317,32 (dois mil trezentos e dezessete reais e trinta e dois centavos), referente a serviços, e R$ 10.907,70 (dez mil novecentos e sete reais e setenta centavos), referente a peças. DOTAÇÃO ORÇAMENTÁRIA: Unidade Orçamentária: 73901; Programa de Trabalho: 28.845.0903.00NR.0053; Naturezas da Despesa: 33.90.39.17 e 33.90.30.25. Fonte de Recursos: 100 (FCDF). NOTAS DE EMPENHO: 2022NE000051 e 2021NE000052. Data de Emissão: 11/01/2022. Valores: R$ 2.317,32 (dois mil trezentos e dezessete reais e trinta e dois centavos), referente a serviço, e R$ 10.907,70 (dez mil novecentos e sete reais e setenta centavos), referente a peças, respectivamente. Modalidade: Ordinário. PROCEDÊNCIA DOS RECURSOS: Lei Orçamentária da União nº 14.303, de 21 de janeiro de 2022, enquanto a parcela remanescente será custeada à conta de dotações a serem alocadas nos orçamentos seguintes. PRAZO DE VIGÊNCIA: O contrato terá vigência de 90 (noventa) dias corridos a contar da data de sua assinatura. DATA DE ASSINATURA: 17/02/2022. SIGNATÁRIOS: Pelo Distrito Federal: Robson Cândido da Silva, na qualidade de Delegado-Geral. Pela Contratada: Gustavo Arbex Avelar e Marcos Damian Caussi, na qualidade de Representantes Legais.",02/2022,00052-00021780/2021-21,Polícia Civil,Life Technologies Brasil Comércio e Indústria de Produtos para Biotecnologia Ltda.,"Contratação de empresa especializada na prestação dos serviços de manutenção corretiva, com fornecimento de peças, para efetuar o conserto do equipamento Analisador Automático de DNA da marca Applied Biosystems, modelo 3500, número de série 29121-100, de propriedade da Polícia Civil do Distrito Federal (PCDF),","13.225,02",73901,28.845.0903.00NR.0053,33.90.30.25,100,2021NE000052,17/02/2022,O contrato terá vigência de 90 (noventa) dias corridos a contar da data de sua assinatura,,,,,"13.225,02","13.225,02",02/2022,"13.225,02","contratacao de empresa especializada na prestacao dos servicos de manutencao corretiva, com fornecimento de pecas, para efetuar o conserto do equipamento analisador automatico de dna da marca applied biosystems, modelo 3500, numero de serie 29121-100, de propriedade da policia civil do distrito federal (pcdf),",policia civil,life technologies brasil comercio e industria de produtos para biotecnologia ltda.,nan,nan,"extrato do contrato no 02/2022, nos termos do padrao no 03/2002 prestacao de servico processo: 00052-00021780/2021-21 partes: distrito federal/policia civil x life technologies brasil comercio e industria de produtos para biotecnologia ltda. fundamentacao legal: projeto basico (73377085-sei), proposta da empresa (69135157-sei), parecer juridico no 369/2021-pgdf/pgcons (72997885-sei), justificativa de inexigibilidade de licitacao (70017694, 70020944, 73377085, 73409026, 73411676 e 73528759-sei), baseados no art. 25, inciso i, da lei no 8.666/93. objeto: contratacao de empresa especializada na prestacao dos servicos de manutencao corretiva, com fornecimento de pecas, para efetuar o conserto do equipamento analisador automatico de dna da marca applied biosystems, modelo 3500, numero de serie 29121-100, de propriedade da policia civil do distrito federal (pcdf), alocado ao instituto de pesquisa de dna forense (ipdna). valor total: r$ 13.225,02 (treze mil duzentos e vinte e cinco reais e dois centavos), sendo r$ 2.317,32 (dois mil trezentos e dezessete reais e trinta e dois centavos), referente a servicos, e r$ 10.907,70 (dez mil novecentos e sete reais e setenta centavos), referente a pecas. dotacao orcamentaria: unidade orcamentaria: 73901; programa de trabalho: 28.845.0903.00nr.0053; naturezas da despesa: 33.90.39.17 e 33.90.30.25. fonte de recursos: 100 (fcdf). notas de empenho: 2022ne000051 e 2021ne000052. data de emissao: 11/01/2022. valores: r$ 2.317,32 (dois mil trezentos e dezessete reais e trinta e dois centavos), referente a servico, e r$ 10.907,70 (dez mil novecentos e sete reais e setenta centavos), referente a pecas, respectivamente. modalidade: ordinario. procedencia dos recursos: lei orcamentaria da uniao no 14.303, de 21 de janeiro de 2022, enquanto a parcela remanescente sera custeada a conta de dotacoes a serem alocadas nos orcamentos seguintes. prazo de vigencia: o contrato tera vigencia de 90 (noventa) dias corridos a contar da data de sua assinatura. data de assinatura: 17/02/2022. signatarios: pelo distrito federal: robson candido da silva, na qualidade de delegado-geral. pela contratada: gustavo arbex avelar e marcos damian caussi, na qualidade de representantes legais.",True,93.17073170731706,639-R95,639,match:numero_contrato,False
"EXTRATO DO CONTRATO Nº 02/2022, NOS TERMOS DO PADRÃO Nº 03/2002   PRESTAÇÃO DE SERVIÇO
Processo: 00052-00021780/2021-21   PARTES: Distrito Federal/Polícia Civil X Life Technologies Brasil Comércio e Indústria de Produtos para Biotecnologia Ltda. FUNDAMENTAÇÃO LEGAL: Projeto Básico (73377085-SEI), Proposta da Empresa (69135157-SEI), Parecer Jurídico nº 369/2021-PGDF/PGCONS (72997885-SEI), Justificativa de Inexigibilidade de Licitação (70017694, 70020944, 73377085, 73409026, 73411676 e 73528759-SEI), baseados no art. 25, inciso I, da Lei nº 8.666/93. OBJETO: Contratação de empresa especializada na prestação dos serviços de manutenção corretiva, com fornecimento de peças, para efetuar o conserto do equipamento Analisador Automático de DNA da marca Applied Biosystems, modelo 3500, número de série 29121-100, de propriedade da Polícia Civil do Distrito Federal (PCDF), alocado ao Instituto de Pesquisa de DNA Forense (IPDNA). VALOR TOTAL: R$ 13.225,02 (treze mil duzentos e vinte e cinco reais e dois centavos), sendo R$ 2.317,32 (dois mil trezentos e dezessete reais e trinta e dois centavos), referente a serviços, e R$ 10.907,70 (dez mil novecentos e sete reais e setenta centavos), referente a peças. DOTAÇÃO ORÇAMENTÁRIA: Unidade Orçamentária: 73901; Programa de Trabalho: 28.845.0903.00NR.0053; Naturezas da Despesa: 33.90.39.17 e 33.90.30.25. Fonte de Recursos: 100 (FCDF). NOTAS DE EMPENHO: 2022NE000051 e 2021NE000052. Data de Emissão: 11/01/2022. Valores: R$ 2.317,32 (dois mil trezentos e dezessete reais e trinta e dois centavos), referente a serviço, e R$ 10.907,70 (dez mil novecentos e sete reais e setenta centavos), referente a peças, respectivamente. Modalidade: Ordinário. PROCEDÊNCIA DOS RECURSOS: Lei Orçamentária da União nº 14.303, de 21 de janeiro de 2022, enquanto a parcela remanescente será custeada à conta de dotações a serem alocadas nos orçamentos seguintes. PRAZO DE VIGÊNCIA: O contrato terá vigência de 90 (noventa) dias corridos a contar da data de sua assinatura. DATA DE ASSINATURA: 17/02/2022. SIGNATÁRIOS: Pelo Distrito Federal: Robson Cândido da Silva, na qualidade de Delegado-Geral. Pela Contratada: Gustavo Arbex Avelar e Marcos Damian Caussi, na qualidade de Representantes Legais.",02/2022,00052-00021780/2021-21,Polícia Civil,Life Technologies Brasil Comércio e Indústria de Produtos para Biotecnologia Ltda,"Contratação de empresa especializada na prestação dos serviços de manutenção corretiva, com fornecimento de peças, para efetuar o conserto do equipamento Analisador Automático de DNA da marca Applied Biosystems, modelo 3500, número de série 29121-100, de propriedade da Polícia Civil do Distrito Federal (PCDF), alocado ao Instituto de Pesquisa de DNA Forense (IPDNA).","13.225,02",73901,28.845.0903.00NR.0053;,33.90.30.25,100,2021NE000052,17/02/2022,O contrato terá vigência de 90 (noventa) dias corridos a contar da data de sua assinatura,,,,,"13.225,02","13.225,02",02/2022,"13.225,02","contratacao de empresa especializada na prestacao dos servicos de manutencao corretiva, com fornecimento de pecas, para efetuar o conserto do equipamento analisador automatico de dna da marca applied biosystems, modelo 3500, numero de serie 29121-100, de propriedade da policia civil do distrito federal (pcdf), alocado ao instituto de pesquisa de dna forense (ipdna).",policia civil,life technologies brasil comercio e industria de produtos para biotecnologia ltda,nan,nan,"extrato do contrato no 02/2022, nos termos do padrao no 03/2002 prestacao de servico processo: 00052-00021780/2021-21 partes: distrito federal/policia civil x life technologies brasil comercio e industria de produtos para biotecnologia ltda. fundamentacao legal: projeto basico (73377085-sei), proposta da empresa (69135157-sei), parecer juridico no 369/2021-pgdf/pgcons (72997885-sei), justificativa de inexigibilidade de licitacao (70017694, 70020944, 73377085, 73409026, 73411676 e 73528759-sei), baseados no art. 25, inciso i, da lei no 8.666/93. objeto: contratacao de empresa especializada na prestacao dos servicos de manutencao corretiva, com fornecimento de pecas, para efetuar o conserto do equipamento analisador automatico de dna da marca applied biosystems, modelo 3500, numero de serie 29121-100, de propriedade da policia civil do distrito federal (pcdf), alocado ao instituto de pesquisa de dna forense (ipdna). valor total: r$ 13.225,02 (treze mil duzentos e vinte e cinco reais e dois centavos), sendo r$ 2.317,32 (dois mil trezentos e dezessete reais e trinta e dois centavos), referente a servicos, e r$ 10.907,70 (dez mil novecentos e sete reais e setenta centavos), referente a pecas. dotacao orcamentaria: unidade orcamentaria: 73901; programa de trabalho: 28.845.0903.00nr.0053; naturezas da despesa: 33.90.39.17 e 33.90.30.25. fonte de recursos: 100 (fcdf). notas de empenho: 2022ne000051 e 2021ne000052. data de emissao: 11/01/2022. valores: r$ 2.317,32 (dois mil trezentos e dezessete reais e trinta e dois centavos), referente a servico, e r$ 10.907,70 (dez mil novecentos e sete reais e setenta centavos), referente a pecas, respectivamente. modalidade: ordinario. procedencia dos recursos: lei orcamentaria da uniao no 14.303, de 21 de janeiro de 2022, enquanto a parcela remanescente sera custeada a conta de dotacoes a serem alocadas nos orcamentos seguintes. prazo de vigencia: o contrato tera vigencia de 90 (noventa) dias corridos a contar da data de sua assinatura. data de assinatura: 17/02/2022. signatarios: pelo distrito federal: robson candido da silva, na qualidade de delegado-geral. pela contratada: gustavo arbex avelar e marcos damian caussi, na qualidade de representantes legais.",True,93.17073170731706,639-R95,639,match:numero_contrato,False
"EXTRATO DO CONTRATO Nº 02/2022, NOS TERMOS DO PADRÃO Nº 03/2002   PRESTAÇÃO DE SERVIÇO
Processo: 00052-00021780/2021-21   PARTES: Distrito Federal/Polícia Civil X Life Technologies Brasil Comércio e Indústria de Produtos para Biotecnologia Ltda. FUNDAMENTAÇÃO LEGAL: Projeto Básico (73377085-SEI), Proposta da Empresa (69135157-SEI), Parecer Jurídico nº 369/2021-PGDF/PGCONS (72997885-SEI), Justificativa de Inexigibilidade de Licitação (70017694, 70020944, 73377085, 73409026, 73411676 e 73528759-SEI), baseados no art. 25, inciso I, da Lei nº 8.666/93. OBJETO: Contratação de empresa especializada na prestação dos serviços de manutenção corretiva, com fornecimento de peças, para efetuar o conserto do equipamento Analisador Automático de DNA da marca Applied Biosystems, modelo 3500, número de série 29121-100, de propriedade da Polícia Civil do Distrito Federal (PCDF), alocado ao Instituto de Pesquisa de DNA Forense (IPDNA). VALOR TOTAL: R$ 13.225,02 (treze mil duzentos e vinte e cinco reais e dois centavos), sendo R$ 2.317,32 (dois mil trezentos e dezessete reais e trinta e dois centavos), referente a serviços, e R$ 10.907,70 (dez mil novecentos e sete reais e setenta centavos), referente a peças. DOTAÇÃO ORÇAMENTÁRIA: Unidade Orçamentária: 73901; Programa de Trabalho: 28.845.0903.00NR.0053; Naturezas da Despesa: 33.90.39.17 e 33.90.30.25. Fonte de Recursos: 100 (FCDF). NOTAS DE EMPENHO: 2022NE000051 e 2021NE000052. Data de Emissão: 11/01/2022. Valores: R$ 2.317,32 (dois mil trezentos e dezessete reais e trinta e dois centavos), referente a serviço, e R$ 10.907,70 (dez mil novecentos e sete reais e setenta centavos), referente a peças, respectivamente. Modalidade: Ordinário. PROCEDÊNCIA DOS RECURSOS: Lei Orçamentária da União nº 14.303, de 21 de janeiro de 2022, enquanto a parcela remanescente será custeada à conta de dotações a serem alocadas nos orçamentos seguintes. PRAZO DE VIGÊNCIA: O contrato terá vigência de 90 (noventa) dias corridos a contar da data de sua assinatura. DATA DE ASSINATURA: 17/02/2022. SIGNATÁRIOS: Pelo Distrito Federal: Robson Cândido da Silva, na qualidade de Delegado-Geral. Pela Contratada: Gustavo Arbex Avelar e Marcos Damian Caussi, na qualidade de Representantes Legais.",02/2022,00052-00021780/2021-21,Polícia Civil,Life Technologies Brasil Comércio e Indústria de Produtos para Biotecnologia Ltda,"Contratação de empresa especializada na prestação dos serviços de manutenção corretiva, com fornecimento de peças, para efetuar o conserto do equipamento Analisador Automático de DNA da marca Applied Biosystems, modelo 3500, número de série 29121-100, de propriedade da Polícia Civil do Distrito Federal (PCDF), alocado ao Instituto de Pesquisa de DNA Forense (IPDNA).","13.225,02",73901,28.845.0903.00NR.0053,33.90.30.25,100,2021NE000052,17/02/2022,O contrato terá vigência de 90 (noventa) dias corridos a contar da data de sua assinatura.,,,,,"13.225,02","13.225,02",02/2022,"13.225,02","contratacao de empresa especializada na prestacao dos servicos de manutencao corretiva, com fornecimento de pecas, para efetuar o conserto do equipamento analisador automatico de dna da marca applied biosystems, modelo 3500, numero de serie 29121-100, de propriedade da policia civil do distrito federal (pcdf), alocado ao instituto de pesquisa de dna forense (ipdna).",policia civil,life technologies brasil comercio e industria de produtos para biotecnologia ltda,nan,nan,"extrato do contrato no 02/2022, nos termos do padrao no 03/2002 prestacao de servico processo: 00052-00021780/2021-21 partes: distrito federal/policia civil x life technologies brasil comercio e industria de produtos para biotecnologia ltda. fundamentacao legal: projeto basico (73377085-sei), proposta da empresa (69135157-sei), parecer juridico no 369/2021-pgdf/pgcons (72997885-sei), justificativa de inexigibilidade de licitacao (70017694, 70020944, 73377085, 73409026, 73411676 e 73528759-sei), baseados no art. 25, inciso i, da lei no 8.666/93. objeto: contratacao de empresa especializada na prestacao dos servicos de manutencao corretiva, com fornecimento de pecas, para efetuar o conserto do equipamento analisador automatico de dna da marca applied biosystems, modelo 3500, numero de serie 29121-100, de propriedade da policia civil do distrito federal (pcdf), alocado ao instituto de pesquisa de dna forense (ipdna). valor total: r$ 13.225,02 (treze mil duzentos e vinte e cinco reais e dois centavos), sendo r$ 2.317,32 (dois mil trezentos e dezessete reais e trinta e dois centavos), referente a servicos, e r$ 10.907,70 (dez mil novecentos e sete reais e setenta centavos), referente a pecas. dotacao orcamentaria: unidade orcamentaria: 73901; programa de trabalho: 28.845.0903.00nr.0053; naturezas da despesa: 33.90.39.17 e 33.90.30.25. fonte de recursos: 100 (fcdf). notas de empenho: 2022ne000051 e 2021ne000052. data de emissao: 11/01/2022. valores: r$ 2.317,32 (dois mil trezentos e dezessete reais e trinta e dois centavos), referente a servico, e r$ 10.907,70 (dez mil novecentos e sete reais e setenta centavos), referente a pecas, respectivamente. modalidade: ordinario. procedencia dos recursos: lei orcamentaria da uniao no 14.303, de 21 de janeiro de 2022, enquanto a parcela remanescente sera custeada a conta de dotacoes a serem alocadas nos orcamentos seguintes. prazo de vigencia: o contrato tera vigencia de 90 (noventa) dias corridos a contar da data de sua assinatura. data de assinatura: 17/02/2022. signatarios: pelo distrito federal: robson candido da silva, na qualidade de delegado-geral. pela contratada: gustavo arbex avelar e marcos damian caussi, na qualidade de representantes legais.",True,93.17073170731706,639-R95,639,match:numero_contrato,False
"EXTRATO DO CONTRATO Nº 02/2022, NOS TERMOS DO PADRÃO Nº 03/2002   PRESTAÇÃO DE SERVIÇO
Processo: 00052-00021780/2021-21   PARTES: Distrito Federal/Polícia Civil X Life Technologies Brasil Comércio e Indústria de Produtos para Biotecnologia Ltda. FUNDAMENTAÇÃO LEGAL: Projeto Básico (73377085-SEI), Proposta da Empresa (69135157-SEI), Parecer Jurídico nº 369/2021-PGDF/PGCONS (72997885-SEI), Justificativa de Inexigibilidade de Licitação (70017694, 70020944, 73377085, 73409026, 73411676 e 73528759-SEI), baseados no art. 25, inciso I, da Lei nº 8.666/93. OBJETO: Contratação de empresa especializada na prestação dos serviços de manutenção corretiva, com fornecimento de peças, para efetuar o conserto do equipamento Analisador Automático de DNA da marca Applied Biosystems, modelo 3500, número de série 29121-100, de propriedade da Polícia Civil do Distrito Federal (PCDF), alocado ao Instituto de Pesquisa de DNA Forense (IPDNA). VALOR TOTAL: R$ 13.225,02 (treze mil duzentos e vinte e cinco reais e dois centavos), sendo R$ 2.317,32 (dois mil trezentos e dezessete reais e trinta e dois centavos), referente a serviços, e R$ 10.907,70 (dez mil novecentos e sete reais e setenta centavos), referente a peças. DOTAÇÃO ORÇAMENTÁRIA: Unidade Orçamentária: 73901; Programa de Trabalho: 28.845.0903.00NR.0053; Naturezas da Despesa: 33.90.39.17 e 33.90.30.25. Fonte de Recursos: 100 (FCDF). NOTAS DE EMPENHO: 2022NE000051 e 2021NE000052. Data de Emissão: 11/01/2022. Valores: R$ 2.317,32 (dois mil trezentos e dezessete reais e trinta e dois centavos), referente a serviço, e R$ 10.907,70 (dez mil novecentos e sete reais e setenta centavos), referente a peças, respectivamente. Modalidade: Ordinário. PROCEDÊNCIA DOS RECURSOS: Lei Orçamentária da União nº 14.303, de 21 de janeiro de 2022, enquanto a parcela remanescente será custeada à conta de dotações a serem alocadas nos orçamentos seguintes. PRAZO DE VIGÊNCIA: O contrato terá vigência de 90 (noventa) dias corridos a contar da data de sua assinatura. DATA DE ASSINATURA: 17/02/2022. SIGNATÁRIOS: Pelo Distrito Federal: Robson Cândido da Silva, na qualidade de Delegado-Geral. Pela Contratada: Gustavo Arbex Avelar e Marcos Damian Caussi, na qualidade de Representantes Legais.",02/2022,00052-00021780/2021-21,Polícia Civil,Life Technologies Brasil Comércio e Indústria de Produtos para Biotecnologia Ltda,"Contratação de empresa especializada na prestação dos serviços de manutenção corretiva, com fornecimento de peças, para efetuar o conserto do equipamento Analisador Automático de DNA da marca Applied Biosystems, modelo 3500, número de série 29121-100, de propriedade da Polícia Civil do Distrito Federal (PCDF), alocado ao Instituto de Pesquisa de DNA Forense (IPDNA)","13.225,02",73901,28.845.0903.00NR.0053,33.90.30.25,100,2021NE000052,17/02/2022,O contrato terá vigência de 90 (noventa) dias corridos a contar da data de sua assinatura.,,,,,"13.225,02","13.225,02",02/2022,"13.225,02","contratacao de empresa especializada na prestacao dos servicos de manutencao corretiva, com fornecimento de pecas, para efetuar o conserto do equipamento analisador automatico de dna da marca applied biosystems, modelo 3500, numero de serie 29121-100, de propriedade da policia civil do distrito federal (pcdf), alocado ao instituto de pesquisa de dna forense (ipdna)",policia civil,life technologies brasil comercio e industria de produtos para biotecnologia ltda,nan,nan,"extrato do contrato no 02/2022, nos termos do padrao no 03/2002 prestacao de servico processo: 00052-00021780/2021-21 partes: distrito federal/policia civil x life technologies brasil comercio e industria de produtos para biotecnologia ltda. fundamentacao legal: projeto basico (73377085-sei), proposta da empresa (69135157-sei), parecer juridico no 369/2021-pgdf/pgcons (72997885-sei), justificativa de inexigibilidade de licitacao (70017694, 70020944, 73377085, 73409026, 73411676 e 73528759-sei), baseados no art. 25, inciso i, da lei no 8.666/93. objeto: contratacao de empresa especializada na prestacao dos servicos de manutencao corretiva, com fornecimento de pecas, para efetuar o conserto do equipamento analisador automatico de dna da marca applied biosystems, modelo 3500, numero de serie 29121-100, de propriedade da policia civil do distrito federal (pcdf), alocado ao instituto de pesquisa de dna forense (ipdna). valor total: r$ 13.225,02 (treze mil duzentos e vinte e cinco reais e dois centavos), sendo r$ 2.317,32 (dois mil trezentos e dezessete reais e trinta e dois centavos), referente a servicos, e r$ 10.907,70 (dez mil novecentos e sete reais e setenta centavos), referente a pecas. dotacao orcamentaria: unidade orcamentaria: 73901; programa de trabalho: 28.845.0903.00nr.0053; naturezas da despesa: 33.90.39.17 e 33.90.30.25. fonte de recursos: 100 (fcdf). notas de empenho: 2022ne000051 e 2021ne000052. data de emissao: 11/01/2022. valores: r$ 2.317,32 (dois mil trezentos e dezessete reais e trinta e dois centavos), referente a servico, e r$ 10.907,70 (dez mil novecentos e sete reais e setenta centavos), referente a pecas, respectivamente. modalidade: ordinario. procedencia dos recursos: lei orcamentaria da uniao no 14.303, de 21 de janeiro de 2022, enquanto a parcela remanescente sera custeada a conta de dotacoes a serem alocadas nos orcamentos seguintes. prazo de vigencia: o contrato tera vigencia de 90 (noventa) dias corridos a contar da data de sua assinatura. data de assinatura: 17/02/2022. signatarios: pelo distrito federal: robson candido da silva, na qualidade de delegado-geral. pela contratada: gustavo arbex avelar e marcos damian caussi, na qualidade de representantes legais.",True,93.17073170731706,639-R95,639,match:numero_contrato,False
"EXTRATO DO CONTRATO Nº 02/2022, NOS TERMOS DO PADRÃO Nº 03/2002   PRESTAÇÃO DE SERVIÇO
Processo: 00052-00021780/2021-21   PARTES: Distrito Federal/Polícia Civil X Life Technologies Brasil Comércio e Indústria de Produtos para Biotecnologia Ltda. FUNDAMENTAÇÃO LEGAL: Projeto Básico (73377085-SEI), Proposta da Empresa (69135157-SEI), Parecer Jurídico nº 369/2021-PGDF/PGCONS (72997885-SEI), Justificativa de Inexigibilidade de Licitação (70017694, 70020944, 73377085, 73409026, 73411676 e 73528759-SEI), baseados no art. 25, inciso I, da Lei nº 8.666/93. OBJETO: Contratação de empresa especializada na prestação dos serviços de manutenção corretiva, com fornecimento de peças, para efetuar o conserto do equipamento Analisador Automático de DNA da marca Applied Biosystems, modelo 3500, número de série 29121-100, de propriedade da Polícia Civil do Distrito Federal (PCDF), alocado ao Instituto de Pesquisa de DNA Forense (IPDNA). VALOR TOTAL: R$ 13.225,02 (treze mil duzentos e vinte e cinco reais e dois centavos), sendo R$ 2.317,32 (dois mil trezentos e dezessete reais e trinta e dois centavos), referente a serviços, e R$ 10.907,70 (dez mil novecentos e sete reais e setenta centavos), referente a peças. DOTAÇÃO ORÇAMENTÁRIA: Unidade Orçamentária: 73901; Programa de Trabalho: 28.845.0903.00NR.0053; Naturezas da Despesa: 33.90.39.17 e 33.90.30.25. Fonte de Recursos: 100 (FCDF). NOTAS DE EMPENHO: 2022NE000051 e 2021NE000052. Data de Emissão: 11/01/2022. Valores: R$ 2.317,32 (dois mil trezentos e dezessete reais e trinta e dois centavos), referente a serviço, e R$ 10.907,70 (dez mil novecentos e sete reais e setenta centavos), referente a peças, respectivamente. Modalidade: Ordinário. PROCEDÊNCIA DOS RECURSOS: Lei Orçamentária da União nº 14.303, de 21 de janeiro de 2022, enquanto a parcela remanescente será custeada à conta de dotações a serem alocadas nos orçamentos seguintes. PRAZO DE VIGÊNCIA: O contrato terá vigência de 90 (noventa) dias corridos a contar da data de sua assinatura. DATA DE ASSINATURA: 17/02/2022. SIGNATÁRIOS: Pelo Distrito Federal: Robson Cândido da Silva, na qualidade de Delegado-Geral. Pela Contratada: Gustavo Arbex Avelar e Marcos Damian Caussi, na qualidade de Representantes Legais.",02/2022,00052-00021780/2021-21,Polícia Civil,Life Technologies Brasil Comércio e Indústria de Produtos para Biotecnologia Ltda.,"Contratação de empresa especializada na prestação dos serviços de manutenção corretiva, com fornecimento de peças, para efetuar o conserto do equipamento Analisador Automático de DNA da marca Applied Biosystems, modelo 3500, número de série 29121-100, de propriedade da Polícia Civil do Distrito Federal (PCDF), alocado ao Instituto de Pesquisa de DNA Forense (IPDNA).","13.225,02",73901,28.845.0903.00NR.0053,33.90.30.25,100,2021NE000052,17/02/2022,O contrato terá vigência de 90 (noventa) dias corridos a contar da data de sua assinatura.,,,,,"13.225,02","13.225,02",02/2022,"13.225,02","contratacao de empresa especializada na prestacao dos servicos de manutencao corretiva, com fornecimento de pecas, para efetuar o conserto do equipamento analisador automatico de dna da marca applied biosystems, modelo 3500, numero de serie 29121-100, de propriedade da policia civil do distrito federal (pcdf), alocado ao instituto de pesquisa de dna forense (ipdna).",policia civil,life technologies brasil comercio e industria de produtos para biotecnologia ltda.,nan,nan,"extrato do contrato no 02/2022, nos termos do padrao no 03/2002 prestacao de servico processo: 00052-00021780/2021-21 partes: distrito federal/policia civil x life technologies brasil comercio e industria de produtos para biotecnologia ltda. fundamentacao legal: projeto basico (73377085-sei), proposta da empresa (69135157-sei), parecer juridico no 369/2021-pgdf/pgcons (72997885-sei), justificativa de inexigibilidade de licitacao (70017694, 70020944, 73377085, 73409026, 73411676 e 73528759-sei), baseados no art. 25, inciso i, da lei no 8.666/93. objeto: contratacao de empresa especializada na prestacao dos servicos de manutencao corretiva, com fornecimento de pecas, para efetuar o conserto do equipamento analisador automatico de dna da marca applied biosystems, modelo 3500, numero de serie 29121-100, de propriedade da policia civil do distrito federal (pcdf), alocado ao instituto de pesquisa de dna forense (ipdna). valor total: r$ 13.225,02 (treze mil duzentos e vinte e cinco reais e dois centavos), sendo r$ 2.317,32 (dois mil trezentos e dezessete reais e trinta e dois centavos), referente a servicos, e r$ 10.907,70 (dez mil novecentos e sete reais e setenta centavos), referente a pecas. dotacao orcamentaria: unidade orcamentaria: 73901; programa de trabalho: 28.845.0903.00nr.0053; naturezas da despesa: 33.90.39.17 e 33.90.30.25. fonte de recursos: 100 (fcdf). notas de empenho: 2022ne000051 e 2021ne000052. data de emissao: 11/01/2022. valores: r$ 2.317,32 (dois mil trezentos e dezessete reais e trinta e dois centavos), referente a servico, e r$ 10.907,70 (dez mil novecentos e sete reais e setenta centavos), referente a pecas, respectivamente. modalidade: ordinario. procedencia dos recursos: lei orcamentaria da uniao no 14.303, de 21 de janeiro de 2022, enquanto a parcela remanescente sera custeada a conta de dotacoes a serem alocadas nos orcamentos seguintes. prazo de vigencia: o contrato tera vigencia de 90 (noventa) dias corridos a contar da data de sua assinatura. data de assinatura: 17/02/2022. signatarios: pelo distrito federal: robson candido da silva, na qualidade de delegado-geral. pela contratada: gustavo arbex avelar e marcos damian caussi, na qualidade de representantes legais.",True,93.17073170731706,639-R95,639,match:numero_contrato,False
